{
    "fitFunction": "zPeak_dscb",
    "parameters": {
        "nominal": {
            "normSig": {
                "value": 137.4914198875988,
                "error": 0.0
            },
            "fraction_dscb": {
                "value": 0.2751735345047275,
                "error": 0.0
            },
            "mean": {
                "value": 95.86633156719942,
                "error": 0.0
            },
            "sigma": {
                "value": 6.73592580143911,
                "error": 0.0
            },
            "alphaL": {
                "value": 1.8886412463944318,
                "error": 0.0
            },
            "nL": {
                "value": 1.104022102400055,
                "error": 0.0
            },
            "alphaR": {
                "value": 2.4765110000345505,
                "error": 0.0
            },
            "nR": {
                "value": 1.1000000002492374,
                "error": 0.0
            },
            "sigmaG": {
                "value": 12.304865795657925,
                "error": 0.0
            }
        },
        "btag_up": {
            "normSig": {
                "value": 140.6820944355089,
                "error": 1.6671190440268633
            },
            "fraction_dscb": {
                "value": 0.31159546451014797,
                "error": 0.2279047042079111
            },
            "mean": {
                "value": 95.9118823545134,
                "error": 0.2062340593713472
            },
            "sigma": {
                "value": 7.086450499857788,
                "error": 1.6930132664676494
            },
            "alphaL": {
                "value": 1.6841803257455252,
                "error": 1.084665959220199
            },
            "nL": {
                "value": 1.7318513854142958,
                "error": 6.669175069412766
            },
            "alphaR": {
                "value": 2.3054683275589802,
                "error": 1.069945388711306
            },
            "nR": {
                "value": 1.100000085689226,
                "error": 1.884702023746015
            },
            "sigmaG": {
                "value": 12.35180577027906,
                "error": 1.0766373779313918
            }
        },
        "btag_down": {
            "normSig": {
                "value": 134.2389594937008,
                "error": 0.0
            },
            "fraction_dscb": {
                "value": 0.26798995429529676,
                "error": 0.0
            },
            "mean": {
                "value": 95.83232763089754,
                "error": 0.0
            },
            "sigma": {
                "value": 6.585276462879413,
                "error": 0.0
            },
            "alphaL": {
                "value": 1.9724987957652627,
                "error": 0.0
            },
            "nL": {
                "value": 1.103309396797247,
                "error": 0.0
            },
            "alphaR": {
                "value": 2.538976892814346,
                "error": 0.0
            },
            "nR": {
                "value": 2.9981093227472515,
                "error": 0.0
            },
            "sigmaG": {
                "value": 12.398214025577841,
                "error": 0.0
            }
        }
    }
}