{
    "fitFunction": "zPeak_dscb",
    "parameters": {
        "nominal": {
            "normSig": {
                "value": 18.847482600182015,
                "error": 0.7057451496818717
            },
            "fraction_dscb": {
                "value": 0.5663201883528222,
                "error": 0.353308079130171
            },
            "mean": {
                "value": 125.90478332832576,
                "error": 0.7239045873258689
            },
            "sigma": {
                "value": 10.374180556553366,
                "error": 1.770316167398427
            },
            "alphaL": {
                "value": 0.7311421831793192,
                "error": 0.354743420517357
            },
            "nL": {
                "value": 9.992891813413816,
                "error": 5.491195168340289
            },
            "alphaR": {
                "value": 2.202912617425291,
                "error": 0.5344049996573532
            },
            "nR": {
                "value": 1.0000017835477981,
                "error": 5.7903360184696355
            },
            "sigmaG": {
                "value": 11.190318583745864,
                "error": 1.8327562765753624
            }
        },
        "btag_up": {
            "normSig": {
                "value": 19.417063284745264,
                "error": 0.7387005475331798
            },
            "fraction_dscb": {
                "value": 0.578990410235104,
                "error": 0.362532476909484
            },
            "mean": {
                "value": 125.87081646785181,
                "error": 0.7149801912848446
            },
            "sigma": {
                "value": 10.403634352104564,
                "error": 1.7018029916341293
            },
            "alphaL": {
                "value": 0.7435259149854383,
                "error": 0.3545591843457718
            },
            "nL": {
                "value": 9.999983102257602,
                "error": 5.311802381865659
            },
            "alphaR": {
                "value": 2.266343123938239,
                "error": 0.5345916292068691
            },
            "nR": {
                "value": 1.0000000413958459,
                "error": 5.741640100074836
            },
            "sigmaG": {
                "value": 11.077331499437602,
                "error": 1.8573613221294547
            }
        },
        "btag_down": {
            "normSig": {
                "value": 18.270776310520613,
                "error": 0.67676687662716
            },
            "fraction_dscb": {
                "value": 0.5491859478038047,
                "error": 0.34883980880840715
            },
            "mean": {
                "value": 125.935284465219,
                "error": 0.7403736532493497
            },
            "sigma": {
                "value": 10.30541636535425,
                "error": 1.8451227693685581
            },
            "alphaL": {
                "value": 0.7153431520594737,
                "error": 0.363973611728659
            },
            "nL": {
                "value": 9.999712873028258,
                "error": 5.7790809289994165
            },
            "alphaR": {
                "value": 2.149903769581155,
                "error": 0.5439106362293411
            },
            "nR": {
                "value": 1.0000059447909935,
                "error": 5.882336641145548
            },
            "sigmaG": {
                "value": 11.317559504338966,
                "error": 1.788832123419268
            }
        }
    }
}