{
    "fitFunction": "zPeak_dscb",
    "parameters": {
        "nominal": {
            "normSig": {
                "value": 11.774316143144876,
                "error": 0.4671204804808394
            },
            "fraction_dscb": {
                "value": 0.5930914638794038,
                "error": 0.2513154225309244
            },
            "mean": {
                "value": 125.52604909725247,
                "error": 0.5128202426059971
            },
            "sigma": {
                "value": 9.560918012892216,
                "error": 0.9281117784060982
            },
            "alphaL": {
                "value": 1.3145475553781998,
                "error": 0.2473505004974783
            },
            "nL": {
                "value": 99.99447363442607,
                "error": 83.23961276570073
            },
            "alphaR": {
                "value": 2.9999189464972873,
                "error": 1.9788552325372035
            },
            "nR": {
                "value": 92.2945237413172,
                "error": 76.0453783116747
            },
            "sigmaG": {
                "value": 12.754386352679802,
                "error": 1.4513733922244576
            }
        },
        "btag_up": {
            "normSig": {
                "value": 12.156493045729876,
                "error": 0.4950854904448087
            },
            "fraction_dscb": {
                "value": 0.5929025420022389,
                "error": 0.2532072381656416
            },
            "mean": {
                "value": 125.48104866988328,
                "error": 0.5239803919177533
            },
            "sigma": {
                "value": 9.573778985642177,
                "error": 0.9035545352412111
            },
            "alphaL": {
                "value": 1.321709355586311,
                "error": 0.2417795915771882
            },
            "nL": {
                "value": 99.99613777546512,
                "error": 81.97452943445148
            },
            "alphaR": {
                "value": 2.9998921556407954,
                "error": 1.676426332939719
            },
            "nR": {
                "value": 89.96259220231236,
                "error": 53.54564599808991
            },
            "sigmaG": {
                "value": 12.694887754278724,
                "error": 1.4367121490282475
            }
        },
        "btag_down": {
            "normSig": {
                "value": 11.381425008011105,
                "error": 0.44241044856737216
            },
            "fraction_dscb": {
                "value": 0.5924056792974425,
                "error": 0.25124509495429204
            },
            "mean": {
                "value": 125.58334485629271,
                "error": 0.5049008176833496
            },
            "sigma": {
                "value": 9.540521839266347,
                "error": 0.9627629388851107
            },
            "alphaL": {
                "value": 1.3049170674660646,
                "error": 0.2550201274997661
            },
            "nL": {
                "value": 99.99757699988695,
                "error": 79.68357943108765
            },
            "alphaR": {
                "value": 2.9999652612628855,
                "error": 1.641443876084614
            },
            "nR": {
                "value": 96.76113825852882,
                "error": 64.96474386621799
            },
            "sigmaG": {
                "value": 12.78441670710914,
                "error": 1.4791033732886918
            }
        }
    }
}