{
    "fitFunction": "zPeak_dscb",
    "parameters": {
        "nominal": {
            "normSig": {
                "value": 101.88578076359366,
                "error": 0.8649284952089092
            },
            "fraction_dscb": {
                "value": 0.4742121741863885,
                "error": 0.1015906660965406
            },
            "mean": {
                "value": 94.70672497395829,
                "error": 0.23454132468180688
            },
            "sigma": {
                "value": 9.629756492346969,
                "error": 1.1930916685582718
            },
            "alphaL": {
                "value": 0.6259337693735257,
                "error": 0.19134153973316717
            },
            "nL": {
                "value": 9.999857241935992,
                "error": 8.770945086413246
            },
            "alphaR": {
                "value": 1.1746128792059896,
                "error": 0.24125818033076557
            },
            "nR": {
                "value": 1.2794776718224161,
                "error": 0.3834092248870755
            },
            "sigmaG": {
                "value": 9.659106297183762,
                "error": 0.5516433513551977
            }
        },
        "btag_up": {
            "normSig": {
                "value": 103.93042775126169,
                "error": 0.8958641279257293
            },
            "fraction_dscb": {
                "value": 0.5339150806305873,
                "error": 0.2878633183534397
            },
            "mean": {
                "value": 94.66171600698412,
                "error": 0.2976359602121619
            },
            "sigma": {
                "value": 9.94424799368881,
                "error": 1.1407347647677044
            },
            "alphaL": {
                "value": 0.7533251548294919,
                "error": 0.4998620966405567
            },
            "nL": {
                "value": 9.999996125629757,
                "error": 8.18648094725015
            },
            "alphaR": {
                "value": 1.3235518335731573,
                "error": 0.5696213880710533
            },
            "nR": {
                "value": 1.1709905850376334,
                "error": 0.4196023511250493
            },
            "sigmaG": {
                "value": 9.735542567984375,
                "error": 0.9515450433221249
            }
        },
        "btag_down": {
            "normSig": {
                "value": 99.78295568707787,
                "error": 0.8549457380072982
            },
            "fraction_dscb": {
                "value": 0.48167521023032944,
                "error": 0.09808233061803703
            },
            "mean": {
                "value": 94.69383322176525,
                "error": 0.242112485169244
            },
            "sigma": {
                "value": 9.466537830436751,
                "error": 1.192287997755499
            },
            "alphaL": {
                "value": 0.6259284449562748,
                "error": 0.18156500425660035
            },
            "nL": {
                "value": 9.999999808820952,
                "error": 8.984485998972502
            },
            "alphaR": {
                "value": 1.178915077714199,
                "error": 0.23949733064370626
            },
            "nR": {
                "value": 1.3024395776022035,
                "error": 0.3984465584207434
            },
            "sigmaG": {
                "value": 9.71531144625366,
                "error": 0.5658986204542815
            }
        }
    }
}