{
    "fitFunction": "zPeak_dscb",
    "parameters": {
        "nominal": {
            "normSig": {
                "value": 4.990804135000523,
                "error": 0.25202332352712925
            },
            "fraction_dscb": {
                "value": 0.5735232938629748,
                "error": 0.336549748561632
            },
            "mean": {
                "value": 122.54656705431272,
                "error": 1.662994534278127
            },
            "sigma": {
                "value": 10.851783677332033,
                "error": 2.692145087467561
            },
            "alphaL": {
                "value": 0.5360082979876349,
                "error": 0.33180585376344884
            },
            "nL": {
                "value": 99.95308375755032,
                "error": 85.35550769519983
            },
            "alphaR": {
                "value": 2.99977837953418,
                "error": 2.1407304638366975
            },
            "nR": {
                "value": 78.92091159135387,
                "error": 86.71382114108971
            },
            "sigmaG": {
                "value": 15.17512844652123,
                "error": 2.5885384574819694
            }
        },
        "btag_up": {
            "normSig": {
                "value": 4.910442932160457,
                "error": 0.2506051291720811
            },
            "fraction_dscb": {
                "value": 0.5908966271369479,
                "error": 0.3332273007559285
            },
            "mean": {
                "value": 122.549398898959,
                "error": 1.6200877319604245
            },
            "sigma": {
                "value": 10.835733021985707,
                "error": 2.6515008664462236
            },
            "alphaL": {
                "value": 0.5466065828216023,
                "error": 0.32514141139323793
            },
            "nL": {
                "value": 99.93271731174768,
                "error": 63.30426017792742
            },
            "alphaR": {
                "value": 2.999968490347802,
                "error": 2.1321463444167175
            },
            "nR": {
                "value": 69.88718720691841,
                "error": 72.71903843008712
            },
            "sigmaG": {
                "value": 15.441344276543433,
                "error": 2.8253529431376467
            }
        },
        "btag_down": {
            "normSig": {
                "value": 5.065152534450999,
                "error": 0.2539826580287472
            },
            "fraction_dscb": {
                "value": 0.5517607895144261,
                "error": 0.3371861857757241
            },
            "mean": {
                "value": 122.52743789370882,
                "error": 1.71894473832797
            },
            "sigma": {
                "value": 10.872653924344403,
                "error": 2.7609622552141104
            },
            "alphaL": {
                "value": 0.5256117608441603,
                "error": 0.33912765327483535
            },
            "nL": {
                "value": 99.97299889167141,
                "error": 91.67593331895685
            },
            "alphaR": {
                "value": 2.9999930873108003,
                "error": 2.0015494559392386
            },
            "nR": {
                "value": 47.256914227667046,
                "error": 69.72802876720574
            },
            "sigmaG": {
                "value": 14.905779845373324,
                "error": 2.3201451016174603
            }
        }
    }
}