{
    "fitFunction": "zPeak_dscb",
    "parameters": {
        "nominal": {
            "normSig": {
                "value": 140.56057258960905,
                "error": 2.0458182655630144
            },
            "fraction_dscb": {
                "value": 0.7595239816821647,
                "error": 0.24271848450154598
            },
            "mean": {
                "value": 91.21870334536241,
                "error": 0.24338358615725042
            },
            "sigma": {
                "value": 11.611217642498966,
                "error": 0.6620312660174754
            },
            "alphaL": {
                "value": 1.1801537672225155,
                "error": 0.20843918089050198
            },
            "nL": {
                "value": 9.999999992589656,
                "error": 7.9025981371164224
            },
            "alphaR": {
                "value": 1.594011696277534,
                "error": 0.22140266065557174
            },
            "nR": {
                "value": 1.1000000016935054,
                "error": 0.17168290352373905
            },
            "sigmaG": {
                "value": 11.478193994720566,
                "error": 1.3333108732216887
            }
        },
        "btag_up": {
            "normSig": {
                "value": 140.88696110499052,
                "error": 2.0662153132903884
            },
            "fraction_dscb": {
                "value": 0.760043683743248,
                "error": 0.2686846334152505
            },
            "mean": {
                "value": 91.2297293044996,
                "error": 0.24560583125313684
            },
            "sigma": {
                "value": 11.683432440234174,
                "error": 0.681262459705807
            },
            "alphaL": {
                "value": 1.1796879374403277,
                "error": 0.2227963632105172
            },
            "nL": {
                "value": 9.999991611524052,
                "error": 7.986262618442426
            },
            "alphaR": {
                "value": 1.5916367797018987,
                "error": 0.2407863067617134
            },
            "nR": {
                "value": 1.1000000000139611,
                "error": 0.1663857826915901
            },
            "sigmaG": {
                "value": 11.353978656653625,
                "error": 1.3618416978423973
            }
        },
        "btag_down": {
            "normSig": {
                "value": 140.14739579663765,
                "error": 2.0361739473725957
            },
            "fraction_dscb": {
                "value": 0.7607926431323584,
                "error": 0.23113232812793194
            },
            "mean": {
                "value": 91.20739931510293,
                "error": 0.24234511112273793
            },
            "sigma": {
                "value": 11.5404025848186,
                "error": 0.634849136123929
            },
            "alphaL": {
                "value": 1.183083094500038,
                "error": 0.199074512847862
            },
            "nL": {
                "value": 9.999995836097622,
                "error": 7.822464687981011
            },
            "alphaR": {
                "value": 1.6005828134805018,
                "error": 0.20932609688001916
            },
            "nR": {
                "value": 1.1000063670289029,
                "error": 0.17978497215697586
            },
            "sigmaG": {
                "value": 11.597225512336445,
                "error": 1.4002566410723691
            }
        }
    }
}