{
    "fitFunction": "zPeak_dscb",
    "parameters": {
        "nominal": {
            "normSig": {
                "value": 5.2260243177659715,
                "error": 0.318659439116332
            },
            "fraction_dscb": {
                "value": 0.1651321080144509,
                "error": 0.13781549931194642
            },
            "mean": {
                "value": 119.40293063032371,
                "error": 0.09871264935131308
            },
            "sigma": {
                "value": 11.059829945174348,
                "error": 0.03803031378125432
            },
            "alphaL": {
                "value": 0.8811642200957039,
                "error": 0.39159163341190856
            },
            "nL": {
                "value": 99.835593959343,
                "error": 99.14503173939983
            },
            "alphaR": {
                "value": 2.7189279688402235,
                "error": 0.00934785325810461
            },
            "nR": {
                "value": 1.0928630676485428e-05,
                "error": 0.9888200634287243
            },
            "sigmaG": {
                "value": 11.891285904295867,
                "error": 0.3755516727952841
            }
        },
        "btag_up": {
            "normSig": {
                "value": 5.22812244904718,
                "error": 0.3248317822140885
            },
            "fraction_dscb": {
                "value": 0.18383799513521423,
                "error": 0.20237054594139528
            },
            "mean": {
                "value": 119.46485170361508,
                "error": 1.0632644864045844
            },
            "sigma": {
                "value": 11.011807661425637,
                "error": 2.0587191155502076
            },
            "alphaL": {
                "value": 0.9287680664104316,
                "error": 0.4769196182303953
            },
            "nL": {
                "value": 99.9954863860148,
                "error": 74.17129376773002
            },
            "alphaR": {
                "value": 2.7251204780846736,
                "error": 0.45026600613378465
            },
            "nR": {
                "value": 1.248259526186373e-07,
                "error": 0.5321910329900056
            },
            "sigmaG": {
                "value": 11.867532072419936,
                "error": 0.6401687400620713
            }
        },
        "btag_down": {
            "normSig": {
                "value": 5.217400080172064,
                "error": 0.31531809955501255
            },
            "fraction_dscb": {
                "value": 0.14737841894228318,
                "error": 0.20463862630918053
            },
            "mean": {
                "value": 119.33184765172336,
                "error": 1.0996537808987839
            },
            "sigma": {
                "value": 11.100860408460083,
                "error": 2.618895842186877
            },
            "alphaL": {
                "value": 0.8333072539340426,
                "error": 0.5341931172923451
            },
            "nL": {
                "value": 99.99966268721391,
                "error": 64.7824441574179
            },
            "alphaR": {
                "value": 2.7155769137469807,
                "error": 0.5971792454020134
            },
            "nR": {
                "value": 1.3342979424820087e-07,
                "error": 0.24293880111724564
            },
            "sigmaG": {
                "value": 11.923445941109069,
                "error": 0.6375608971386688
            }
        }
    }
}