{
    "fitFunction": "zPeak_dscb",
    "parameters": {
        "nominal": {
            "normSig": {
                "value": 4.897390040511026,
                "error": 0.3260221599976667
            },
            "fraction_dscb": {
                "value": 0.13556545460383196,
                "error": 0.5280216867091784
            },
            "mean": {
                "value": 118.83570215537799,
                "error": 1.0153463718387457
            },
            "sigma": {
                "value": 11.328084223369624,
                "error": 4.064680139663109
            },
            "alphaL": {
                "value": 0.9839198228077464,
                "error": 1.9809775323030268
            },
            "nL": {
                "value": 96.28560441862811,
                "error": 50.905807653329184
            },
            "alphaR": {
                "value": 2.6930074798261145,
                "error": 2.3846419211161205
            },
            "nR": {
                "value": 0.7753079819668677,
                "error": 21.224096376642407
            },
            "sigmaG": {
                "value": 12.068989181096029,
                "error": 0.7766233131827214
            }
        },
        "btag_up": {
            "normSig": {
                "value": 4.880875179678814,
                "error": 0.3292046917879471
            },
            "fraction_dscb": {
                "value": 0.1255672206635842,
                "error": 0.5252292146796436
            },
            "mean": {
                "value": 118.8389229842551,
                "error": 1.0217416110895599
            },
            "sigma": {
                "value": 11.22260126673021,
                "error": 4.839270025934951
            },
            "alphaL": {
                "value": 0.968153248431994,
                "error": 1.9751069038190454
            },
            "nL": {
                "value": 96.85267100524524,
                "error": 65.83646253262643
            },
            "alphaR": {
                "value": 2.724449354765029,
                "error": 2.521145553575483
            },
            "nR": {
                "value": 0.26540981626836935,
                "error": 12.582117630277795
            },
            "sigmaG": {
                "value": 12.068809862934787,
                "error": 0.8016661989577765
            }
        },
        "btag_down": {
            "normSig": {
                "value": 4.907691851428833,
                "error": 0.32365496834449703
            },
            "fraction_dscb": {
                "value": 0.14438937270040547,
                "error": 0.5370567880433341
            },
            "mean": {
                "value": 118.83415133576892,
                "error": 1.017075851792704
            },
            "sigma": {
                "value": 11.404512850935006,
                "error": 3.748849665647921
            },
            "alphaL": {
                "value": 0.9924326416618694,
                "error": 1.979790169237283
            },
            "nL": {
                "value": 98.27319771956394,
                "error": 78.99952515477487
            },
            "alphaR": {
                "value": 2.6725882674608736,
                "error": 2.418799989676356
            },
            "nR": {
                "value": 2.401416656171783,
                "error": 78.69804062806473
            },
            "sigmaG": {
                "value": 12.070283477325138,
                "error": 0.7755831070438672
            }
        }
    }
}