{
    "fitFunction": "zPeak_dscb",
    "parameters": {
        "nominal": {
            "normSig": {
                "value": 141.50090555878486,
                "error": 2.9521567756694607
            },
            "fraction_dscb": {
                "value": 0.5208174130781916,
                "error": 0.16098996664783347
            },
            "mean": {
                "value": 91.22846578584414,
                "error": 0.5342632156792035
            },
            "sigma": {
                "value": 11.489133120058353,
                "error": 1.5243724149550086
            },
            "alphaL": {
                "value": 0.646214282256504,
                "error": 0.1905885241708823
            },
            "nL": {
                "value": 9.99879363119131,
                "error": 8.837150667703261
            },
            "alphaR": {
                "value": 1.4704640654946397,
                "error": 0.23299846654435535
            },
            "nR": {
                "value": 1.1000010113044492,
                "error": 0.2395749436610939
            },
            "sigmaG": {
                "value": 11.48511144633838,
                "error": 0.5635479190346704
            }
        },
        "btag_up": {
            "normSig": {
                "value": 141.75488295416443,
                "error": 2.9609676389575723
            },
            "fraction_dscb": {
                "value": 0.5503461789282471,
                "error": 0.24653731548343094
            },
            "mean": {
                "value": 91.22958904566146,
                "error": 0.5708177793693068
            },
            "sigma": {
                "value": 11.623992645330938,
                "error": 1.792701974291167
            },
            "alphaL": {
                "value": 0.6765183429987877,
                "error": 0.3253422943699497
            },
            "nL": {
                "value": 9.999666011920144,
                "error": 8.812293709539434
            },
            "alphaR": {
                "value": 1.4973281387163564,
                "error": 0.3744399042275331
            },
            "nR": {
                "value": 1.1000000466890447,
                "error": 0.2347884582526112
            },
            "sigmaG": {
                "value": 11.397306515742681,
                "error": 0.6351102769085921
            }
        },
        "btag_down": {
            "normSig": {
                "value": 141.18347756141299,
                "error": 2.9520178766847733
            },
            "fraction_dscb": {
                "value": 0.5051490574983434,
                "error": 0.1613240238264081
            },
            "mean": {
                "value": 91.20891047394888,
                "error": 0.5412691462200812
            },
            "sigma": {
                "value": 11.451536470518496,
                "error": 1.5864048400791155
            },
            "alphaL": {
                "value": 0.6355481460978819,
                "error": 0.18834102634776886
            },
            "nL": {
                "value": 9.999902446119776,
                "error": 8.83790561654067
            },
            "alphaR": {
                "value": 1.4651773120676121,
                "error": 0.2401226112483073
            },
            "nR": {
                "value": 1.1000019550272793,
                "error": 0.2531901827653492
            },
            "sigmaG": {
                "value": 11.546759060178498,
                "error": 0.5583479447551527
            }
        }
    }
}