{
    "pt_bins": [
        20,
        30,
        50,
        70,
        100,
        140,
        200,
        300,
        600,
        1000
    ],
    "eta_bins": [
        0.0,
        1.5,
        2.5
    ],
    "eff_map": {
        "b": [
            [
                0.8517548454688318,
                0.6357388316151202
            ],
            [
                0.9008242488699814,
                0.735632183908046
            ],
            [
                0.9095541401273886,
                0.7783251231527094
            ],
            [
                0.9255737704918032,
                0.806282722513089
            ],
            [
                0.9339567504383401,
                0.8571428571428571
            ],
            [
                0.9537712895377128,
                0.7058823529411765
            ],
            [
                1.0,
                1.0
            ],
            [
                0.0,
                0.0
            ],
            [
                0.0,
                0.0
            ]
        ],
        "c": [
            [
                0.3894120108809374,
                0.215962441314554
            ],
            [
                0.2917807009799594,
                0.21212121212121213
            ],
            [
                0.2268153810155214,
                0.17276051188299818
            ],
            [
                0.20569121080194333,
                0.17317317317317318
            ],
            [
                0.21635287789133942,
                0.1517509727626459
            ],
            [
                0.2251655629139073,
                0.13815789473684212
            ],
            [
                0.3384615384615385,
                0.0
            ],
            [
                0.0,
                0.0
            ],
            [
                0.0,
                0.0
            ]
        ],
        "light": [
            [
                0.0248015464977584,
                0.030441539446018833
            ],
            [
                0.012857538473711278,
                0.015088757396449704
            ],
            [
                0.011997785024303206,
                0.014227970897332255
            ],
            [
                0.009413646711376362,
                0.014199134199134199
            ],
            [
                0.009127789046653144,
                0.013642960812772133
            ],
            [
                0.009653013305504827,
                0.014938488576449912
            ],
            [
                0.03164556962025317,
                0.0
            ],
            [
                0.0,
                0.0
            ],
            [
                0.0,
                0.0
            ]
        ]
    },
    "btag_wp": 0.2783
}