{
    "pt_bins": [
        20,
        30,
        50,
        70,
        100,
        140,
        200,
        300,
        600,
        1000
    ],
    "eta_bins": [
        0.0,
        1.5,
        2.5
    ],
    "eff_map": {
        "b": [
            [
                0.7790836166048619,
                0.6701250187459952
            ],
            [
                0.8513468250554754,
                0.7494407397149371
            ],
            [
                0.8760760593901437,
                0.7819037566403073
            ],
            [
                0.8877880409152261,
                0.7945393389330477
            ],
            [
                0.8956314609288357,
                0.7967909277355532
            ],
            [
                0.9010651966676337,
                0.8016249349447754
            ],
            [
                0.9030716683369314,
                0.802879366812227
            ],
            [
                0.8978055010199585,
                0.7747806004618938
            ],
            [
                0.8975503247234354,
                0.759895205346909
            ]
        ],
        "c": [
            [
                0.2434620542175436,
                0.18172987890121461
            ],
            [
                0.2296705235826464,
                0.18358669966321195
            ],
            [
                0.2074197290049716,
                0.1679176209023587
            ],
            [
                0.2151757177704351,
                0.16029994603948422
            ],
            [
                0.2336970691399311,
                0.16678898648168755
            ],
            [
                0.26458793941198455,
                0.17980907184637457
            ],
            [
                0.30761562041849927,
                0.19530022761517007
            ],
            [
                0.3744137316679227,
                0.23889675307440503
            ],
            [
                0.4233228162082087,
                0.28713246205647264
            ]
        ],
        "light": [
            [
                0.023928894027238128,
                0.029302802309884808
            ],
            [
                0.014987742160066682,
                0.018779478767874266
            ],
            [
                0.010952556915226818,
                0.015062493179439022
            ],
            [
                0.008960893649429218,
                0.013195855799252454
            ],
            [
                0.008480730050666473,
                0.012784708809660525
            ],
            [
                0.009291443986809773,
                0.014790125751922132
            ],
            [
                0.012585989301563894,
                0.02158828802674689
            ],
            [
                0.02879650570841302,
                0.04992833737648959
            ],
            [
                0.07563135447777387,
                0.11917819564211798
            ]
        ]
    },
    "btag_wp": 0.2783
}