{
    "pt_bins": [
        20,
        30,
        50,
        70,
        100,
        140,
        200,
        300,
        600,
        1000
    ],
    "eta_bins": [
        0.0,
        1.5,
        2.5
    ],
    "eff_map": {
        "b": [
            [
                0.888867694532401,
                0.6700161632684856
            ],
            [
                0.9350050043629331,
                0.7678059890041457
            ],
            [
                0.9373570431220424,
                0.810336048879837
            ],
            [
                0.9299191374663073,
                0.8094890510948906
            ],
            [
                0.8132992327365729,
                0.7073170731707317
            ],
            [
                0.4,
                0.0
            ],
            [
                0.3333333333333333,
                0.0
            ],
            [
                0.0,
                0.0
            ],
            [
                0.0,
                0.0
            ]
        ],
        "c": [
            [
                0.4652167119777507,
                0.18493924353927776
            ],
            [
                0.3455235865224273,
                0.18870584998452386
            ],
            [
                0.27506162384502547,
                0.1745414982903326
            ],
            [
                0.2799301538797337,
                0.16427640156453716
            ],
            [
                0.30633802816901406,
                0.43478260869565216
            ],
            [
                0.2222222222222222,
                0.0
            ],
            [
                1.0,
                0.0
            ],
            [
                0.0,
                0.0
            ],
            [
                0.0,
                0.0
            ]
        ],
        "light": [
            [
                0.02540549747963838,
                0.026992398862796505
            ],
            [
                0.014895559112616247,
                0.015301106387692649
            ],
            [
                0.015282853313534727,
                0.011918331768807832
            ],
            [
                0.02895738487946862,
                0.016564253272775848
            ],
            [
                0.10727496917385944,
                0.035326086956521736
            ],
            [
                0.13186813186813187,
                0.03508771929824561
            ],
            [
                0.1875,
                0.0
            ],
            [
                0.3333333333333333,
                0.0
            ],
            [
                0.0,
                0.0
            ]
        ]
    },
    "btag_wp": 0.2783
}