{
    "pt_bins": [
        20,
        30,
        50,
        70,
        100,
        140,
        200,
        300,
        600,
        1000
    ],
    "eta_bins": [
        0.0,
        1.5,
        2.5
    ],
    "eff_map": {
        "b": [
            [
                0.6186322205446514,
                0.4472704714640198
            ],
            [
                0.7283456099790311,
                0.5552650344663655
            ],
            [
                0.771266012775315,
                0.5980823012385138
            ],
            [
                0.7826423438363737,
                0.6161137440758294
            ],
            [
                0.7768999841997156,
                0.6040955631399317
            ],
            [
                0.7779927261471794,
                0.5355263157894737
            ],
            [
                0.7624333925399644,
                0.554945054945055
            ],
            [
                0.7916429789653212,
                0.5741935483870968
            ],
            [
                0.8077753779697624,
                0.55
            ]
        ],
        "c": [
            [
                0.04604051565377532,
                0.03067484662576687
            ],
            [
                0.02948639426021524,
                0.028879610299234516
            ],
            [
                0.024930249302493025,
                0.02802491103202847
            ],
            [
                0.02740125346159452,
                0.023780237802378024
            ],
            [
                0.033359497645211934,
                0.019736842105263157
            ],
            [
                0.037456690701376534,
                0.03257142857142857
            ],
            [
                0.04914906103286385,
                0.03389830508474576
            ],
            [
                0.07973325601623658,
                0.03051643192488263
            ],
            [
                0.10510510510510511,
                0.0
            ]
        ],
        "light": [
            [
                0.0030474290780141845,
                0.002017358667604973
            ],
            [
                0.0020381753477838886,
                0.0016681046879493816
            ],
            [
                0.0023323023880748367,
                0.0011878499915153572
            ],
            [
                0.0014556702906791611,
                0.0019261195569925018
            ],
            [
                0.0015982951518380393,
                0.0018430034129692833
            ],
            [
                0.0021948854065642386,
                0.0023608527686364285
            ],
            [
                0.002154353060448612,
                0.0026226323457989313
            ],
            [
                0.0034097366925554084,
                0.006669069935111752
            ],
            [
                0.008135593220338983,
                0.015015015015015015
            ]
        ]
    },
    "btag_wp": 0.71
}