{
    "pt_bins": [
        20,
        30,
        50,
        70,
        100,
        140,
        200,
        300,
        600,
        1000
    ],
    "eta_bins": [
        0.0,
        1.5,
        2.5
    ],
    "eff_map": {
        "b": [
            [
                0.7623598786445795,
                0.6617231098539867
            ],
            [
                0.8425145659321268,
                0.738288359579014
            ],
            [
                0.8636093901077696,
                0.7603927234517633
            ],
            [
                0.8722389878657592,
                0.7703696561154989
            ],
            [
                0.8846493967729192,
                0.78239747599631
            ],
            [
                0.8964941933655692,
                0.8033663504515522
            ],
            [
                0.9026620277630295,
                0.8256286534049593
            ],
            [
                0.8991691921709752,
                0.8189396142289426
            ],
            [
                0.855616231993221,
                0.7722342733188721
            ]
        ],
        "c": [
            [
                0.20613013661876603,
                0.1709741028000526
            ],
            [
                0.19415549477648747,
                0.17560240963855422
            ],
            [
                0.18302397754452548,
                0.15669515669515668
            ],
            [
                0.18539974392880382,
                0.15101337925553054
            ],
            [
                0.1966156532456861,
                0.15308222242104322
            ],
            [
                0.20975440423500824,
                0.16666666666666666
            ],
            [
                0.23090327025165133,
                0.17538408423959953
            ],
            [
                0.2604731679169071,
                0.21180251241600934
            ],
            [
                0.2818833801060181,
                0.22525597269624573
            ]
        ],
        "light": [
            [
                0.022134635706737498,
                0.0319833673289357
            ],
            [
                0.012791958793966154,
                0.019079635573596074
            ],
            [
                0.010056463390793363,
                0.01588151710569461
            ],
            [
                0.008338449628957344,
                0.013024050466552766
            ],
            [
                0.007598557697654813,
                0.013174699200107548
            ],
            [
                0.00847996608013568,
                0.014958377733088701
            ],
            [
                0.010661081270934526,
                0.022873370643662592
            ],
            [
                0.021169484173290405,
                0.04205607476635514
            ],
            [
                0.058658845487268366,
                0.09442595673876872
            ]
        ]
    },
    "btag_wp": 0.2783
}