{
    "pt_bins": [
        20,
        30,
        50,
        70,
        100,
        140,
        200,
        300,
        600,
        1000
    ],
    "eta_bins": [
        0.0,
        1.5,
        2.5
    ],
    "eff_map": {
        "b": [
            [
                0.625366590753383,
                0.4229161621798044
            ],
            [
                0.7454692663183853,
                0.5453537630224584
            ],
            [
                0.7875191417157963,
                0.6015571733345063
            ],
            [
                0.7998980130268023,
                0.6269823788546256
            ],
            [
                0.7942865039879965,
                0.6273456377564135
            ],
            [
                0.7831164260320398,
                0.6392198771039274
            ],
            [
                0.7679742525304352,
                0.6126350789692435
            ],
            [
                0.736425441909654,
                0.5927152317880795
            ],
            [
                0.6307325789160214,
                0.2903225806451613
            ]
        ],
        "c": [
            [
                0.03858843861873927,
                0.03338230492980738
            ],
            [
                0.028761482420019007,
                0.027893745509621547
            ],
            [
                0.02578192402899509,
                0.023718124485878806
            ],
            [
                0.026516501164453945,
                0.023518104429014162
            ],
            [
                0.02854988961283722,
                0.02594224180127264
            ],
            [
                0.03410009029989069,
                0.02862646121147715
            ],
            [
                0.043133696309739865,
                0.03692599021619063
            ],
            [
                0.05588993981083405,
                0.044868199663488505
            ],
            [
                0.08083832335329341,
                0.06349206349206349
            ]
        ],
        "light": [
            [
                0.004303356092481602,
                0.002260288348213565
            ],
            [
                0.0020618069463398496,
                0.001503124722329177
            ],
            [
                0.0015385216450595537,
                0.0014739259478116062
            ],
            [
                0.0015283885089979272,
                0.0014978253951416145
            ],
            [
                0.0013847327348471513,
                0.0019226311411702141
            ],
            [
                0.0013515052579628716,
                0.0022955849764191147
            ],
            [
                0.0020166289237482852,
                0.0029593565786019426
            ],
            [
                0.0029239766081871343,
                0.004998863894569416
            ],
            [
                0.007472826086956522,
                0.0169971671388102
            ]
        ]
    },
    "btag_wp": 0.71
}