{
    "pt_bins": [
        20,
        30,
        50,
        70,
        100,
        140,
        200,
        300,
        600,
        1000
    ],
    "eta_bins": [
        0.0,
        1.5,
        2.5
    ],
    "eff_map": {
        "b": [
            [
                0.925224585642902,
                0.888150447325178
            ],
            [
                0.959038310909098,
                0.9104455170132467
            ],
            [
                0.9688761894817585,
                0.9170137370855289
            ],
            [
                0.9718015407638797,
                0.9219147284746942
            ],
            [
                0.9710990239040272,
                0.928091059592609
            ],
            [
                0.9711557133243262,
                0.9350447564178366
            ],
            [
                0.9739878373024787,
                0.9358170924867434
            ],
            [
                0.9737017435794291,
                0.9357057416267942
            ],
            [
                0.9698955197449973,
                0.9224137931034483
            ]
        ],
        "c": [
            [
                0.5110154273908594,
                0.5300970873786408
            ],
            [
                0.4806877805170997,
                0.484562834295398
            ],
            [
                0.47075724925333634,
                0.4391778523489933
            ],
            [
                0.47679546833906533,
                0.41748976150325223
            ],
            [
                0.4769768180374722,
                0.42030230161456544
            ],
            [
                0.4945054945054945,
                0.42576832151300237
            ],
            [
                0.5279760756318734,
                0.47880870561282934
            ],
            [
                0.5871952852933298,
                0.5439831104855736
            ],
            [
                0.6669557675628794,
                0.7075471698113207
            ]
        ],
        "light": [
            [
                0.2364414832982505,
                0.35769512598430303
            ],
            [
                0.1169871904542263,
                0.18375391323083942
            ],
            [
                0.0857009755258911,
                0.13438931070713478
            ],
            [
                0.07353220217111242,
                0.11440196352974122
            ],
            [
                0.06983571833206079,
                0.10734566770470783
            ],
            [
                0.07165764682301062,
                0.11839438682538872
            ],
            [
                0.08989051730318207,
                0.15743729192609723
            ],
            [
                0.1522816958413437,
                0.2628792597206157
            ],
            [
                0.3115785519767114,
                0.5082621082621083
            ]
        ]
    },
    "btag_wp": 0.049
}