{
    "pt_bins": [
        20,
        30,
        50,
        70,
        100,
        140,
        200,
        300,
        600,
        1000
    ],
    "eta_bins": [
        0.0,
        1.5,
        2.5
    ],
    "eff_map": {
        "b": [
            [
                0.9392691789251597,
                0.8880743786876453
            ],
            [
                0.9637300011455191,
                0.9060913705583756
            ],
            [
                0.9711536307718498,
                0.915893691204526
            ],
            [
                0.9727250314661269,
                0.9172834998506323
            ],
            [
                0.9727423456666999,
                0.9225932025752358
            ],
            [
                0.9734759419624935,
                0.9274534161490683
            ],
            [
                0.9731218899047815,
                0.9322246065808297
            ],
            [
                0.971925086179324,
                0.9473684210526315
            ],
            [
                0.9619496855345911,
                0.9596774193548387
            ]
        ],
        "c": [
            [
                0.5593722456174713,
                0.5520786480755638
            ],
            [
                0.5415523992741462,
                0.5034143313231643
            ],
            [
                0.5238772870079468,
                0.471005021668845
            ],
            [
                0.5106029382437014,
                0.45860262008733627
            ],
            [
                0.5068706036316047,
                0.456028249537582
            ],
            [
                0.5132127955493742,
                0.47240315392526566
            ],
            [
                0.5457522284882663,
                0.5154639175257731
            ],
            [
                0.6180819602872835,
                0.6340057636887608
            ],
            [
                0.6878048780487804,
                0.7333333333333333
            ]
        ],
        "light": [
            [
                0.21898962487382723,
                0.3396860715408615
            ],
            [
                0.10716590724271018,
                0.17199875151184113
            ],
            [
                0.07780178330568056,
                0.12317257934399779
            ],
            [
                0.069445626457422,
                0.10461149344156226
            ],
            [
                0.06728493875278396,
                0.10636608015640274
            ],
            [
                0.07734648652512688,
                0.11537943119018736
            ],
            [
                0.101464025679167,
                0.16729131175468484
            ],
            [
                0.16797200466588902,
                0.26659167604049494
            ],
            [
                0.3067375886524823,
                0.5098039215686274
            ]
        ]
    },
    "btag_wp": 0.049
}