{
    "pt_bins": [
        20,
        30,
        50,
        70,
        100,
        140,
        200,
        300,
        600,
        1000
    ],
    "eta_bins": [
        0.0,
        1.5,
        2.5
    ],
    "eff_map": {
        "b": [
            [
                0.8328042328042328,
                0.7126518942101501
            ],
            [
                0.8913424693122036,
                0.7295123177476118
            ],
            [
                0.9139340022757836,
                0.7807953443258971
            ],
            [
                0.9152688172043011,
                0.7743431221020093
            ],
            [
                0.9153158188932364,
                0.796923076923077
            ],
            [
                0.9239976062238181,
                0.8253968253968254
            ],
            [
                0.8975817923186344,
                0.8448275862068966
            ],
            [
                0.933933933933934,
                0.9583333333333334
            ],
            [
                0.9285714285714286,
                1.0
            ]
        ],
        "c": [
            [
                0.28918423464711274,
                0.20996978851963746
            ],
            [
                0.25031446540880503,
                0.18482905982905984
            ],
            [
                0.19365798414496035,
                0.16326530612244897
            ],
            [
                0.19303944315545243,
                0.1532033426183844
            ],
            [
                0.19085312225153914,
                0.13450292397660818
            ],
            [
                0.2169230769230769,
                0.12371134020618557
            ],
            [
                0.19217081850533807,
                0.23404255319148937
            ],
            [
                0.32857142857142857,
                0.14285714285714285
            ],
            [
                0.5833333333333334,
                0.0
            ]
        ],
        "light": [
            [
                0.07472666485949218,
                0.04027504911591356
            ],
            [
                0.04292953437231093,
                0.02644466209598433
            ],
            [
                0.021015761821366025,
                0.01520572450805009
            ],
            [
                0.015416474919466176,
                0.010705289672544081
            ],
            [
                0.015115354017501989,
                0.018497109826589597
            ],
            [
                0.015594541910331383,
                0.02304147465437788
            ],
            [
                0.011848341232227487,
                0.02403846153846154
            ],
            [
                0.020179372197309416,
                0.043478260869565216
            ],
            [
                0.07142857142857142,
                0.0
            ]
        ]
    },
    "btag_wp": 0.2783
}