{
    "pt_bins": [
        20,
        30,
        50,
        70,
        100,
        140,
        200,
        300,
        600,
        1000
    ],
    "eta_bins": [
        0.0,
        1.5,
        2.5
    ],
    "eff_map": {
        "b": [
            [
                0.9060634979418006,
                0.8839538261600796
            ],
            [
                0.9439590853647211,
                0.9048627047558756
            ],
            [
                0.9608178373869706,
                0.9159880475471203
            ],
            [
                0.9673248671088711,
                0.9185652048142077
            ],
            [
                0.9710313247403459,
                0.9230681055234414
            ],
            [
                0.9718422714404146,
                0.9298817774154097
            ],
            [
                0.9705172262731087,
                0.9410382011578158
            ],
            [
                0.9726944097276166,
                0.947465348454008
            ],
            [
                0.9683174842293569,
                0.9609544468546638
            ]
        ],
        "c": [
            [
                0.5063909249938291,
                0.5324043644012094
            ],
            [
                0.4868739631439717,
                0.48391566265060243
            ],
            [
                0.4755183933266125,
                0.45438688295831153
            ],
            [
                0.4739835862561132,
                0.4324413829646311
            ],
            [
                0.47796836483155297,
                0.4330321195311801
            ],
            [
                0.4967167115045272,
                0.4471798428109108
            ],
            [
                0.5287109454147587,
                0.4691869497669601
            ],
            [
                0.5857472590882862,
                0.5758106923751095
            ],
            [
                0.6551294044278142,
                0.6689419795221843
            ]
        ],
        "light": [
            [
                0.2313176534430069,
                0.35502197761748155
            ],
            [
                0.11920264412736811,
                0.185142203188284
            ],
            [
                0.08701801998643038,
                0.13686377381863227
            ],
            [
                0.07417182745181784,
                0.11584089017391686
            ],
            [
                0.07014874577085543,
                0.10933289336193147
            ],
            [
                0.0740518616872901,
                0.12134152692427871
            ],
            [
                0.09187204989163304,
                0.1607195902993144
            ],
            [
                0.15670916855552636,
                0.26742760839589397
            ],
            [
                0.32072390347953605,
                0.5068635607321131
            ]
        ]
    },
    "btag_wp": 0.049
}