{
    "pt_bins": [
        20,
        30,
        50,
        70,
        100,
        140,
        200,
        300,
        600,
        1000
    ],
    "eta_bins": [
        0.0,
        1.5,
        2.5
    ],
    "eff_map": {
        "b": [
            [
                0.9107000266169817,
                0.888339222614841
            ],
            [
                0.9408298551436288,
                0.9048595575441213
            ],
            [
                0.954454300513035,
                0.9097036376251363
            ],
            [
                0.9615586377657007,
                0.9147405146096816
            ],
            [
                0.9656032378396086,
                0.91557719054242
            ],
            [
                0.9687442633404508,
                0.9222608983921764
            ],
            [
                0.9711323973231859,
                0.9265864786395687
            ],
            [
                0.9734894150552154,
                0.9399472509636844
            ],
            [
                0.9763518056129995,
                0.952678107124285
            ]
        ],
        "c": [
            [
                0.5431164225364705,
                0.54347616754935
            ],
            [
                0.5530355010037864,
                0.5013176868380488
            ],
            [
                0.5607620622275665,
                0.48016049933125277
            ],
            [
                0.5755714187658727,
                0.46775614052255604
            ],
            [
                0.59408954167404,
                0.46057786483839375
            ],
            [
                0.6200319520067816,
                0.47553079355518746
            ],
            [
                0.6725750095485988,
                0.5353353713360907
            ],
            [
                0.7383926415384278,
                0.6030626290433586
            ],
            [
                0.8023197235422185,
                0.7655761024182077
            ]
        ],
        "light": [
            [
                0.2225808383831325,
                0.34657388336835826
            ],
            [
                0.12403240213893274,
                0.18596637888037315
            ],
            [
                0.09117388158410183,
                0.13657004830917874
            ],
            [
                0.08036883690179014,
                0.11614515248291496
            ],
            [
                0.0767325116951339,
                0.11283653197896534
            ],
            [
                0.082540675213589,
                0.12379461316781201
            ],
            [
                0.10684625488242534,
                0.1633681430383486
            ],
            [
                0.19077646065378914,
                0.28738654372568795
            ],
            [
                0.39146493230194057,
                0.598334655035686
            ]
        ]
    },
    "btag_wp": 0.049
}