{
    "pt_bins": [
        20,
        30,
        50,
        70,
        100,
        140,
        200,
        300,
        600,
        1000
    ],
    "eta_bins": [
        0.0,
        1.5,
        2.5
    ],
    "eff_map": {
        "b": [
            [
                0.8451890342232575,
                0.7103505843071787
            ],
            [
                0.8970061040596842,
                0.7685447912444264
            ],
            [
                0.907752221005233,
                0.7936085219707057
            ],
            [
                0.9197071076884232,
                0.8316151202749141
            ],
            [
                0.9199733244414805,
                0.7903225806451613
            ],
            [
                0.9108761329305136,
                0.8857142857142857
            ],
            [
                0.930672268907563,
                0.8235294117647058
            ],
            [
                0.9137931034482759,
                0.8333333333333334
            ],
            [
                1.0,
                0.0
            ]
        ],
        "c": [
            [
                0.20804195804195805,
                0.1601423487544484
            ],
            [
                0.21453900709219859,
                0.19911504424778761
            ],
            [
                0.19310344827586207,
                0.14545454545454545
            ],
            [
                0.20772946859903382,
                0.1232876712328767
            ],
            [
                0.21764705882352942,
                0.11538461538461539
            ],
            [
                0.22522522522522523,
                0.14705882352941177
            ],
            [
                0.2345679012345679,
                0.16666666666666666
            ],
            [
                0.25,
                0.125
            ],
            [
                0.0,
                0.0
            ]
        ],
        "light": [
            [
                0.02389213839595519,
                0.02879937731076085
            ],
            [
                0.014267551914112163,
                0.019596199524940617
            ],
            [
                0.010996119016817595,
                0.0091164095371669
            ],
            [
                0.009453349773941636,
                0.010486177311725452
            ],
            [
                0.010526315789473684,
                0.016666666666666666
            ],
            [
                0.003755868544600939,
                0.022332506203473945
            ],
            [
                0.007366482504604052,
                0.029411764705882353
            ],
            [
                0.009174311926605505,
                0.034482758620689655
            ],
            [
                0.2857142857142857,
                0.0
            ]
        ]
    },
    "btag_wp": 0.2783
}