{
    "pt_bins": [
        20,
        30,
        50,
        70,
        100,
        140,
        200,
        300,
        600,
        1000
    ],
    "eta_bins": [
        0.0,
        1.5,
        2.5
    ],
    "eff_map": {
        "b": [
            [
                0.9385449868590281,
                0.8895781637717122
            ],
            [
                0.9624711005968063,
                0.908485856905158
            ],
            [
                0.9732276868302558,
                0.9176987614862165
            ],
            [
                0.9749401142435968,
                0.9083728278041074
            ],
            [
                0.9741402011902881,
                0.9010238907849829
            ],
            [
                0.9719105470865897,
                0.8723684210526316
            ],
            [
                0.9695085849615157,
                0.9065934065934066
            ],
            [
                0.9778283115406481,
                0.9290322580645162
            ],
            [
                0.9848812095032398,
                1.0
            ]
        ],
        "c": [
            [
                0.6119203080529048,
                0.5738555922605002
            ],
            [
                0.65027561466445,
                0.5128740431454419
            ],
            [
                0.6429664296642966,
                0.4706405693950178
            ],
            [
                0.6278968080454744,
                0.45633456334563344
            ],
            [
                0.6248037676609105,
                0.46475563909774437
            ],
            [
                0.6247776008989606,
                0.4662857142857143
            ],
            [
                0.6552230046948356,
                0.49750747756729813
            ],
            [
                0.7019425920556683,
                0.5610328638497653
            ],
            [
                0.7987987987987988,
                0.8787878787878788
            ]
        ],
        "light": [
            [
                0.25146830673758863,
                0.36171710063335677
            ],
            [
                0.1199288256227758,
                0.17773943054357205
            ],
            [
                0.0879683618110835,
                0.1331240454776854
            ],
            [
                0.08038029386343994,
                0.11962578248607003
            ],
            [
                0.07366687654380781,
                0.11808873720136519
            ],
            [
                0.0776887346230412,
                0.1277006724853341
            ],
            [
                0.0997972373590166,
                0.1770762506070908
            ],
            [
                0.1765485887478689,
                0.28406633020908434
            ],
            [
                0.35322033898305083,
                0.5195195195195195
            ]
        ]
    },
    "btag_wp": 0.049
}