{
    "pt_bins": [
        20,
        30,
        50,
        70,
        100,
        140,
        200,
        300,
        600,
        1000
    ],
    "eta_bins": [
        0.0,
        1.5,
        2.5
    ],
    "eff_map": {
        "b": [
            [
                0.6204291586854056,
                0.44502786112301757
            ],
            [
                0.7362321407486125,
                0.5562757807896288
            ],
            [
                0.7828350150798674,
                0.6267634683606963
            ],
            [
                0.8012461156482769,
                0.6577264287187952
            ],
            [
                0.7998132889556359,
                0.6503355704697986
            ],
            [
                0.7947198275862069,
                0.6700680272108843
            ],
            [
                0.7999506660088801,
                0.7248677248677249
            ],
            [
                0.7702952029520295,
                0.65
            ],
            [
                0.7931034482758621,
                0.0
            ]
        ],
        "c": [
            [
                0.04316996871741397,
                0.02198768689533861
            ],
            [
                0.031127507493659213,
                0.030801911842804036
            ],
            [
                0.038822525597269626,
                0.026744186046511628
            ],
            [
                0.03309002433090024,
                0.03875968992248062
            ],
            [
                0.03939828080229226,
                0.03225806451612903
            ],
            [
                0.058577405857740586,
                0.05343511450381679
            ],
            [
                0.0690978886756238,
                0.026785714285714284
            ],
            [
                0.06111111111111111,
                0.03225806451612903
            ],
            [
                0.125,
                0.0
            ]
        ],
        "light": [
            [
                0.002566492742394344,
                0.00239663075598576
            ],
            [
                0.0024626724301238224,
                0.0016505281690140845
            ],
            [
                0.0028746795120814235,
                0.001958544148849355
            ],
            [
                0.002039879647100821,
                0.0017648356496801235
            ],
            [
                0.0009385265133740028,
                0.0027159152634437804
            ],
            [
                0.0011860989206499823,
                0.002426448286320898
            ],
            [
                0.001794124243103835,
                0.0018359853121175031
            ],
            [
                0.002434570906877663,
                0.0057361376673040155
            ],
            [
                0.0,
                0.0
            ]
        ]
    },
    "btag_wp": 0.71
}