{
    "pt_bins": [
        20,
        30,
        50,
        70,
        100,
        140,
        200,
        300,
        600,
        1000
    ],
    "eta_bins": [
        0.0,
        1.5,
        2.5
    ],
    "eff_map": {
        "b": [
            [
                0.9431476442789632,
                0.8813559322033898
            ],
            [
                0.965975935828877,
                0.9156976744186046
            ],
            [
                0.9736644093303235,
                0.9209535759096612
            ],
            [
                0.9746216174896805,
                0.9178082191780822
            ],
            [
                0.9785913744958114,
                0.9432989690721649
            ],
            [
                0.9712320200125079,
                0.8817204301075269
            ],
            [
                0.978021978021978,
                1.0
            ],
            [
                0.9829059829059829,
                0.9411764705882353
            ],
            [
                0.975,
                0.0
            ]
        ],
        "c": [
            [
                0.6522961574507966,
                0.5756457564575646
            ],
            [
                0.6925541653951786,
                0.5035188739603327
            ],
            [
                0.6663780038969473,
                0.4940021810250818
            ],
            [
                0.6389624139756485,
                0.4837758112094395
            ],
            [
                0.6191556967771221,
                0.49226804123711343
            ],
            [
                0.6439393939393939,
                0.5
            ],
            [
                0.6812816188870152,
                0.5915492957746479
            ],
            [
                0.7125,
                0.6206896551724138
            ],
            [
                0.8484848484848485,
                0.5
            ]
        ],
        "light": [
            [
                0.3005502063273728,
                0.3592283628779979
            ],
            [
                0.16977883724010065,
                0.2059679767103348
            ],
            [
                0.11372549019607843,
                0.13922241280731848
            ],
            [
                0.09355801298929262,
                0.1257298559750876
            ],
            [
                0.07793729856431292,
                0.11337209302325581
            ],
            [
                0.08016121809225257,
                0.10615989515072084
            ],
            [
                0.09304143862392494,
                0.20402298850574713
            ],
            [
                0.15804597701149425,
                0.2013888888888889
            ],
            [
                0.29292929292929293,
                0.0
            ]
        ]
    },
    "btag_wp": 0.049
}