{
    "pt_bins": [
        20,
        30,
        50,
        70,
        100,
        140,
        200,
        300,
        600,
        1000
    ],
    "eta_bins": [
        0.0,
        1.5,
        2.5
    ],
    "eff_map": {
        "b": [
            [
                0.6217270194986072,
                0.4362183109962861
            ],
            [
                0.7382012201602789,
                0.552317735876582
            ],
            [
                0.7832504903409548,
                0.6213509221937218
            ],
            [
                0.8052360869510806,
                0.6626201315123925
            ],
            [
                0.803200903784598,
                0.6521739130434783
            ],
            [
                0.7959581202824446,
                0.6527331189710611
            ],
            [
                0.7821034282393957,
                0.6787330316742082
            ],
            [
                0.7702349869451697,
                0.5588235294117647
            ],
            [
                0.8741258741258742,
                0.5
            ]
        ],
        "c": [
            [
                0.046217048955837045,
                0.027858176555716353
            ],
            [
                0.03499190938511327,
                0.024521824423737126
            ],
            [
                0.039552536955653216,
                0.03567567567567568
            ],
            [
                0.0446521287642783,
                0.020634920634920634
            ],
            [
                0.042709867452135494,
                0.04156479217603912
            ],
            [
                0.03765690376569038,
                0.04659498207885305
            ],
            [
                0.06070826306913996,
                0.06535947712418301
            ],
            [
                0.05185185185185185,
                0.0
            ],
            [
                0.07142857142857142,
                0.0
            ]
        ],
        "light": [
            [
                0.002669641409952042,
                0.002100763581893245
            ],
            [
                0.0025750348262906834,
                0.001449575481466142
            ],
            [
                0.003073701276768223,
                0.0023849100238491003
            ],
            [
                0.0026515151515151517,
                0.0006134342091810653
            ],
            [
                0.0016475698344941211,
                0.0017009695526450078
            ],
            [
                0.0006423982869379015,
                0.0008368200836820083
            ],
            [
                0.0010950903449534588,
                0.004744333157617291
            ],
            [
                0.002085070892410342,
                0.004464285714285714
            ],
            [
                0.0,
                0.0
            ]
        ]
    },
    "btag_wp": 0.71
}