{
    "pt_bins": [
        20,
        30,
        50,
        70,
        100,
        140,
        200,
        300,
        600,
        1000
    ],
    "eta_bins": [
        0.0,
        1.5,
        2.5
    ],
    "eff_map": {
        "b": [
            [
                0.948618262057371,
                0.8951443569553805
            ],
            [
                0.965566704096787,
                0.9098748937203935
            ],
            [
                0.9705281507912729,
                0.9219449139902556
            ],
            [
                0.9752780268202889,
                0.9172202350536536
            ],
            [
                0.9760277365032194,
                0.9290953545232273
            ],
            [
                0.9782187250541681,
                0.9043478260869565
            ],
            [
                0.9787427877315518,
                0.9388888888888889
            ],
            [
                0.986682808716707,
                0.896551724137931
            ],
            [
                0.9787234042553191,
                1.0
            ]
        ],
        "c": [
            [
                0.4998744034162271,
                0.5228398458998349
            ],
            [
                0.47104247104247104,
                0.4636795655125594
            ],
            [
                0.48325605358062856,
                0.43866666666666665
            ],
            [
                0.48340374170187084,
                0.3772893772893773
            ],
            [
                0.5004468275245755,
                0.4034090909090909
            ],
            [
                0.5057471264367817,
                0.4883720930232558
            ],
            [
                0.4869109947643979,
                0.4639175257731959
            ],
            [
                0.5703125,
                0.6285714285714286
            ],
            [
                0.4444444444444444,
                0.0
            ]
        ],
        "light": [
            [
                0.23711984756687557,
                0.355208450387684
            ],
            [
                0.11350875722785553,
                0.18098269523894916
            ],
            [
                0.08118661016142088,
                0.13215314944421572
            ],
            [
                0.07223796033994334,
                0.10547558186465761
            ],
            [
                0.06466223378625807,
                0.11372549019607843
            ],
            [
                0.07018059022170019,
                0.11771342610003761
            ],
            [
                0.08575342465753424,
                0.15542763157894737
            ],
            [
                0.12556732223903178,
                0.2423469387755102
            ],
            [
                0.2857142857142857,
                0.3333333333333333
            ]
        ]
    },
    "btag_wp": 0.049
}