{
    "pt_bins": [
        20,
        30,
        50,
        70,
        100,
        140,
        200,
        300,
        600,
        1000
    ],
    "eta_bins": [
        0.0,
        1.5,
        2.5
    ],
    "eff_map": {
        "b": [
            [
                0.5541881699086939,
                0.43761755485893417
            ],
            [
                0.6662168461859312,
                0.5400248859394442
            ],
            [
                0.7153460703663014,
                0.5857814336075206
            ],
            [
                0.7376936086879117,
                0.6042342170513065
            ],
            [
                0.748929603790398,
                0.6208053691275168
            ],
            [
                0.7494746009807448,
                0.6360932077342588
            ],
            [
                0.7481253385795341,
                0.6173445535296868
            ],
            [
                0.7758661553046626,
                0.6158863265781505
            ],
            [
                0.7768501339929912,
                0.5814814814814815
            ]
        ],
        "c": [
            [
                0.044954416850047155,
                0.038656235618959964
            ],
            [
                0.039674523007856344,
                0.031660692951015534
            ],
            [
                0.03232351500734625,
                0.02735652691049658
            ],
            [
                0.03134418324291742,
                0.027629233511586453
            ],
            [
                0.03705446418068462,
                0.035985473753714095
            ],
            [
                0.04693500922739289,
                0.033207805546045875
            ],
            [
                0.05936089290157466,
                0.04596996628869139
            ],
            [
                0.08812833732277665,
                0.06063618290258449
            ],
            [
                0.10757806549885758,
                0.07114624505928854
            ]
        ],
        "light": [
            [
                0.0027716351900549845,
                0.002231116409776037
            ],
            [
                0.0021826421633149504,
                0.001570235317209343
            ],
            [
                0.002150010100718594,
                0.001784651992861392
            ],
            [
                0.0012298482693219536,
                0.0017557060446450965
            ],
            [
                0.001275890637945319,
                0.0019609765663300325
            ],
            [
                0.0012299189164566187,
                0.002043629105080557
            ],
            [
                0.0019346736511025378,
                0.0033371284990773823
            ],
            [
                0.0034002341726491075,
                0.005068076596444128
            ],
            [
                0.007930009050553808,
                0.010556232237109216
            ]
        ]
    },
    "btag_wp": 0.71
}