{
    "pt_bins": [
        20,
        30,
        50,
        70,
        100,
        140,
        200,
        300,
        600,
        1000
    ],
    "eta_bins": [
        0.0,
        1.5,
        2.5
    ],
    "eff_map": {
        "b": [
            [
                0.9410731618376529,
                0.8745021380574222
            ],
            [
                0.9663100185692811,
                0.9058860759493671
            ],
            [
                0.9747477853508277,
                0.9205952067421649
            ],
            [
                0.9756475798714697,
                0.9229013441541973
            ],
            [
                0.9746213004706386,
                0.9293450635386119
            ],
            [
                0.9745383588189539,
                0.9334175615919141
            ],
            [
                0.9820726803037659,
                0.949307075127644
            ],
            [
                0.9888801943906759,
                0.9530931339225017
            ],
            [
                0.9888126112382405,
                1.0
            ]
        ],
        "c": [
            [
                0.51667838200524,
                0.5192348415331404
            ],
            [
                0.4930254288193286,
                0.46413087934560326
            ],
            [
                0.4915659904262594,
                0.4421036677781146
            ],
            [
                0.4857638029215152,
                0.4303315818082986
            ],
            [
                0.48871994050078504,
                0.43105721065119956
            ],
            [
                0.5069715560513106,
                0.44325396825396823
            ],
            [
                0.5323082239115411,
                0.48068669527896996
            ],
            [
                0.6009629000283205,
                0.5324675324675324
            ],
            [
                0.6864035087719298,
                0.5084745762711864
            ]
        ],
        "light": [
            [
                0.2407590772414239,
                0.35579837675578957
            ],
            [
                0.11440732282208044,
                0.17632421458132694
            ],
            [
                0.07973511005883632,
                0.12488643365114506
            ],
            [
                0.06925871531266908,
                0.10707682826622843
            ],
            [
                0.06432265264915614,
                0.10365444685050687
            ],
            [
                0.06809421335162107,
                0.1140429088882697
            ],
            [
                0.08601755610239835,
                0.1514337332653912
            ],
            [
                0.14676216054908983,
                0.2561806138632335
            ],
            [
                0.3036008472581784,
                0.48250728862973763
            ]
        ]
    },
    "btag_wp": 0.049
}