{
    "pt_bins": [
        20,
        30,
        50,
        70,
        100,
        140,
        200,
        300,
        600,
        1000
    ],
    "eta_bins": [
        0.0,
        1.5,
        2.5
    ],
    "eff_map": {
        "b": [
            [
                0.9396607185182677,
                0.8881678563703223
            ],
            [
                0.9677304670371994,
                0.9065391733497841
            ],
            [
                0.9771030307137936,
                0.9120056166627662
            ],
            [
                0.9778341811767995,
                0.9163528778913395
            ],
            [
                0.9783472027683942,
                0.9222987516142919
            ],
            [
                0.9759703712344346,
                0.9292543021032504
            ],
            [
                0.9755252828446086,
                0.9410815173527038
            ],
            [
                0.9738891936368623,
                0.944
            ],
            [
                0.9692058346839546,
                0.85
            ]
        ],
        "c": [
            [
                0.568427580326344,
                0.5592767867977188
            ],
            [
                0.5582402264135004,
                0.5145578720345075
            ],
            [
                0.5455659657914805,
                0.4898796886058033
            ],
            [
                0.5281545905191606,
                0.46212261529912946
            ],
            [
                0.5275830392109462,
                0.4702457956015524
            ],
            [
                0.539008384979949,
                0.4528301886792453
            ],
            [
                0.5692529327022021,
                0.49514563106796117
            ],
            [
                0.65839066706551,
                0.678082191780822
            ],
            [
                0.6650485436893204,
                0.8333333333333334
            ]
        ],
        "light": [
            [
                0.2505301971369355,
                0.34451966426510877
            ],
            [
                0.14702891104213237,
                0.19387456037514655
            ],
            [
                0.1009090349094045,
                0.14174445199975275
            ],
            [
                0.08696065989847716,
                0.12304084906824633
            ],
            [
                0.08073593446121542,
                0.11617657683693375
            ],
            [
                0.08665926488634372,
                0.1250804272294428
            ],
            [
                0.11228070175438597,
                0.16653127538586515
            ],
            [
                0.1956900013385089,
                0.2626903553299492
            ],
            [
                0.3153526970954357,
                0.5263157894736842
            ]
        ]
    },
    "btag_wp": 0.049
}