{
    "pt_bins": [
        20,
        30,
        50,
        70,
        100,
        140,
        200,
        300,
        600,
        1000
    ],
    "eta_bins": [
        0.0,
        1.5,
        2.5
    ],
    "eff_map": {
        "b": [
            [
                0.625,
                0.45675482487491065
            ],
            [
                0.7351432097161785,
                0.5500251382604324
            ],
            [
                0.7767663184028137,
                0.6013579049466538
            ],
            [
                0.7865232974910394,
                0.60741885625966
            ],
            [
                0.7920626048071548,
                0.6092307692307692
            ],
            [
                0.800718132854578,
                0.6190476190476191
            ],
            [
                0.7695590327169275,
                0.6551724137931034
            ],
            [
                0.7987987987987988,
                0.625
            ],
            [
                0.8214285714285714,
                0.0
            ]
        ],
        "c": [
            [
                0.04032997250229148,
                0.04682779456193353
            ],
            [
                0.03220125786163522,
                0.029914529914529916
            ],
            [
                0.03322008305020763,
                0.02040816326530612
            ],
            [
                0.029698375870069606,
                0.027855153203342618
            ],
            [
                0.0316622691292876,
                0.03508771929824561
            ],
            [
                0.03230769230769231,
                0.010309278350515464
            ],
            [
                0.03914590747330961,
                0.0425531914893617
            ],
            [
                0.08571428571428572,
                0.14285714285714285
            ],
            [
                0.20833333333333334,
                0.0
            ]
        ],
        "light": [
            [
                0.013553808620222282,
                0.0029469548133595285
            ],
            [
                0.006692800458934889,
                0.0022037218413320275
            ],
            [
                0.004553415061295972,
                0.0013416815742397137
            ],
            [
                0.003451449608835711,
                0.001889168765743073
            ],
            [
                0.0031821797931583136,
                0.0023121387283236996
            ],
            [
                0.001949317738791423,
                0.0069124423963133645
            ],
            [
                0.001184834123222749,
                0.004807692307692308
            ],
            [
                0.004484304932735426,
                0.0
            ],
            [
                0.023809523809523808,
                0.0
            ]
        ]
    },
    "btag_wp": 0.71
}