{
    "pt_bins": [
        20,
        30,
        50,
        70,
        100,
        140,
        200,
        300,
        600,
        1000
    ],
    "eta_bins": [
        0.0,
        1.5,
        2.5
    ],
    "eff_map": {
        "b": [
            [
                0.8399145070798825,
                0.6907032712362956
            ],
            [
                0.8947316838912329,
                0.7587355093315794
            ],
            [
                0.9099710955940811,
                0.8000134489946876
            ],
            [
                0.9173284358105487,
                0.8098327074086719
            ],
            [
                0.9217184410710096,
                0.8125340599455041
            ],
            [
                0.9170545593285006,
                0.8097345132743363
            ],
            [
                0.9175046172788837,
                0.8483606557377049
            ],
            [
                0.9185303514376997,
                0.6938775510204082
            ],
            [
                0.9565217391304348,
                1.0
            ]
        ],
        "c": [
            [
                0.19845094664371773,
                0.16580882352941176
            ],
            [
                0.19173929518757105,
                0.1706312900274474
            ],
            [
                0.16883573689764333,
                0.1386861313868613
            ],
            [
                0.18592132505175984,
                0.14869888475836432
            ],
            [
                0.19384057971014493,
                0.13498098859315588
            ],
            [
                0.18781725888324874,
                0.16352201257861634
            ],
            [
                0.211864406779661,
                0.17857142857142858
            ],
            [
                0.22448979591836735,
                0.1509433962264151
            ],
            [
                0.4,
                0.0
            ]
        ],
        "light": [
            [
                0.023448275862068966,
                0.03371365336182554
            ],
            [
                0.01335280026081903,
                0.019498016894244453
            ],
            [
                0.010563154177101394,
                0.01524979298923544
            ],
            [
                0.008187818531205614,
                0.0094279176201373
            ],
            [
                0.007857653094356777,
                0.014525306978137167
            ],
            [
                0.0089632506722438,
                0.015286624203821656
            ],
            [
                0.010913799482056974,
                0.02304394426580922
            ],
            [
                0.0163015792154865,
                0.027823240589198037
            ],
            [
                0.02912621359223301,
                0.1111111111111111
            ]
        ]
    },
    "btag_wp": 0.2783
}