{
    "pt_bins": [
        20,
        30,
        50,
        70,
        100,
        140,
        200,
        300,
        600,
        1000
    ],
    "eta_bins": [
        0.0,
        1.5,
        2.5
    ],
    "eff_map": {
        "b": [
            [
                0.6060323828628743,
                0.4243937232524964
            ],
            [
                0.7302209367994112,
                0.5562306101344364
            ],
            [
                0.7790338753121129,
                0.6184676705048716
            ],
            [
                0.8016080481622306,
                0.619482496194825
            ],
            [
                0.8179093293368302,
                0.6488269794721407
            ],
            [
                0.8223524656426839,
                0.6156716417910447
            ],
            [
                0.8117647058823529,
                0.5
            ],
            [
                1.0,
                0.0
            ],
            [
                0.0,
                0.0
            ]
        ],
        "c": [
            [
                0.04527602007418721,
                0.041852487135506
            ],
            [
                0.03086997193638915,
                0.027220630372492838
            ],
            [
                0.027277189537900568,
                0.023820026466696075
            ],
            [
                0.031365998515219005,
                0.028700906344410877
            ],
            [
                0.031435030681451176,
                0.02962962962962963
            ],
            [
                0.036600757257046694,
                0.032467532467532464
            ],
            [
                0.07142857142857142,
                0.0
            ],
            [
                0.0,
                0.0
            ],
            [
                0.0,
                0.0
            ]
        ],
        "light": [
            [
                0.002537766422606698,
                0.0013422818791946308
            ],
            [
                0.0017460488893689024,
                0.0009369980367660182
            ],
            [
                0.0024172038230717936,
                0.0016079632465543644
            ],
            [
                0.001398287098304577,
                0.002274622791720373
            ],
            [
                0.0017593244194229415,
                0.0017315017892185155
            ],
            [
                0.0018480692539636222,
                0.0020380434782608695
            ],
            [
                0.007827788649706457,
                0.007751937984496124
            ],
            [
                0.0,
                0.0
            ],
            [
                0.0,
                0.0
            ]
        ]
    },
    "btag_wp": 0.71
}