{
    "pt_bins": [
        20,
        30,
        50,
        70,
        100,
        140,
        200,
        300,
        600,
        1000
    ],
    "eta_bins": [
        0.0,
        1.5,
        2.5
    ],
    "eff_map": {
        "b": [
            [
                0.94899913621512,
                0.8916750884284993
            ],
            [
                0.9665619187240565,
                0.9085001002032695
            ],
            [
                0.970347471458756,
                0.9197643226671777
            ],
            [
                0.9745085543408991,
                0.9258622968151182
            ],
            [
                0.9756988423812188,
                0.9116781157998037
            ],
            [
                0.9772077963303917,
                0.9239543726235742
            ],
            [
                0.976219699294262,
                0.954225352112676
            ],
            [
                0.9758530183727034,
                0.95
            ],
            [
                0.972972972972973,
                1.0
            ]
        ],
        "c": [
            [
                0.4959709911361805,
                0.5269461077844312
            ],
            [
                0.4700991365526063,
                0.4544397053121365
            ],
            [
                0.4659917747548244,
                0.44165946413137425
            ],
            [
                0.48083197389885807,
                0.4170731707317073
            ],
            [
                0.5,
                0.42054263565891475
            ],
            [
                0.4890864995957963,
                0.44668587896253603
            ],
            [
                0.5511049723756906,
                0.5519125683060109
            ],
            [
                0.5519287833827893,
                0.49333333333333335
            ],
            [
                0.5333333333333333,
                0.0
            ]
        ],
        "light": [
            [
                0.2397218229728111,
                0.35509782546330826
            ],
            [
                0.1154382470119522,
                0.17520384695797617
            ],
            [
                0.08361275214221087,
                0.12589600637160087
            ],
            [
                0.06827891080649355,
                0.10814055871287921
            ],
            [
                0.06778169014084508,
                0.1008569545154911
            ],
            [
                0.0703822192288264,
                0.10934782608695652
            ],
            [
                0.0792656894834211,
                0.1382583574081717
            ],
            [
                0.13034825870646766,
                0.24150058616647127
            ],
            [
                0.3036649214659686,
                0.5555555555555556
            ]
        ]
    },
    "btag_wp": 0.049
}