{
    "pt_bins": [
        20,
        30,
        50,
        70,
        100,
        140,
        200,
        300,
        600,
        1000
    ],
    "eta_bins": [
        0.0,
        1.5,
        2.5
    ],
    "eff_map": {
        "b": [
            [
                0.8422814063270626,
                0.6862026862026862
            ],
            [
                0.8944419716292842,
                0.7630358285348688
            ],
            [
                0.9092070833079778,
                0.7922540030108115
            ],
            [
                0.9187359493153484,
                0.8181191870478814
            ],
            [
                0.9228613372480983,
                0.8151927437641724
            ],
            [
                0.92,
                0.8189189189189189
            ],
            [
                0.9130962004850445,
                0.832
            ],
            [
                0.925531914893617,
                0.8
            ],
            [
                0.9166666666666666,
                0.0
            ]
        ],
        "c": [
            [
                0.20296695886716115,
                0.15681983953318746
            ],
            [
                0.2074487895716946,
                0.1547008547008547
            ],
            [
                0.18030513176144244,
                0.1575875486381323
            ],
            [
                0.15959907478797225,
                0.15885416666666666
            ],
            [
                0.1839348079161816,
                0.20384615384615384
            ],
            [
                0.1992818671454219,
                0.16352201257861634
            ],
            [
                0.21725239616613418,
                0.18840579710144928
            ],
            [
                0.23214285714285715,
                0.07692307692307693
            ],
            [
                0.0,
                0.0
            ]
        ],
        "light": [
            [
                0.024080864136359133,
                0.03207063950154811
            ],
            [
                0.01316237376602746,
                0.019527235354573486
            ],
            [
                0.011797140475732514,
                0.013238833912810912
            ],
            [
                0.009236711730623898,
                0.013275923932543954
            ],
            [
                0.006955177743431221,
                0.01455604075691412
            ],
            [
                0.007306287252451452,
                0.014771048744460856
            ],
            [
                0.011098779134295227,
                0.024390243902439025
            ],
            [
                0.012974051896207584,
                0.04276315789473684
            ],
            [
                0.0,
                0.0
            ]
        ]
    },
    "btag_wp": 0.2783
}