{
    "pt_bins": [
        20,
        30,
        50,
        70,
        100,
        140,
        200,
        300,
        600,
        1000
    ],
    "eta_bins": [
        0.0,
        1.5,
        2.5
    ],
    "eff_map": {
        "b": [
            [
                0.6249926249336244,
                0.44116131727355007
            ],
            [
                0.7430337367568489,
                0.5586993066648824
            ],
            [
                0.7758103398481749,
                0.613412862018857
            ],
            [
                0.7835458530654038,
                0.6285700301020533
            ],
            [
                0.7841706947309577,
                0.6447002938690068
            ],
            [
                0.785541760026312,
                0.6565957780742369
            ],
            [
                0.7793764691327477,
                0.6446001449625514
            ],
            [
                0.7848658296405712,
                0.632183908045977
            ],
            [
                0.8174013921113689,
                0.625
            ]
        ],
        "c": [
            [
                0.04041545746143272,
                0.032090761750405185
            ],
            [
                0.03542785179293431,
                0.029967835569153525
            ],
            [
                0.03614966807483404,
                0.030745341614906833
            ],
            [
                0.03963803211827683,
                0.029726735598227475
            ],
            [
                0.04345238095238095,
                0.034787410270568746
            ],
            [
                0.04658283214871514,
                0.03299689440993789
            ],
            [
                0.05695169712793734,
                0.04044357469015003
            ],
            [
                0.06680919294494922,
                0.05096418732782369
            ],
            [
                0.05855855855855856,
                0.06818181818181818
            ]
        ],
        "light": [
            [
                0.0023541435698447894,
                0.0023431172137154317
            ],
            [
                0.0016144390790930139,
                0.001833004899479584
            ],
            [
                0.0016271254958437555,
                0.0019099704632982999
            ],
            [
                0.0010526059603051948,
                0.0015178279358848544
            ],
            [
                0.0010244211586376934,
                0.00192797100331611
            ],
            [
                0.0011494116671209014,
                0.0018789720917380493
            ],
            [
                0.0012462390286456942,
                0.0027426824333438246
            ],
            [
                0.003021837048862535,
                0.005842259006815969
            ],
            [
                0.0066122988759091915,
                0.009055627425614488
            ]
        ]
    },
    "btag_wp": 0.71
}