{
    "pt_bins": [
        20,
        30,
        50,
        70,
        100,
        140,
        200,
        300,
        600,
        1000
    ],
    "eta_bins": [
        0.0,
        1.5,
        2.5
    ],
    "eff_map": {
        "b": [
            [
                0.9483911183715582,
                0.8881947436449806
            ],
            [
                0.9657011292880987,
                0.9079253502301866
            ],
            [
                0.9705184380649144,
                0.9213212714748112
            ],
            [
                0.9740152189877966,
                0.9234167893961709
            ],
            [
                0.9769961051606622,
                0.9292158223455933
            ],
            [
                0.9772933696639419,
                0.9054054054054054
            ],
            [
                0.9766807243860084,
                0.9387755102040817
            ],
            [
                0.9794200187090739,
                0.8823529411764706
            ],
            [
                0.9836065573770492,
                0.0
            ]
        ],
        "c": [
            [
                0.49918166939443537,
                0.5238738738738739
            ],
            [
                0.4927470534904805,
                0.4716981132075472
            ],
            [
                0.4746967795901297,
                0.434881087202718
            ],
            [
                0.46091127098321344,
                0.3891472868217054
            ],
            [
                0.47106227106227105,
                0.41876430205949655
            ],
            [
                0.5068205666316894,
                0.46564885496183206
            ],
            [
                0.5100401606425703,
                0.48214285714285715
            ],
            [
                0.5852272727272727,
                0.6875
            ],
            [
                0.2857142857142857,
                1.0
            ]
        ],
        "light": [
            [
                0.23616974814383462,
                0.355215764645737
            ],
            [
                0.11510407706863926,
                0.1839063643013899
            ],
            [
                0.08460098291598409,
                0.12827699917559768
            ],
            [
                0.07206106870229008,
                0.10747612251619278
            ],
            [
                0.06520031421838178,
                0.10409252669039146
            ],
            [
                0.0706328513865845,
                0.11906230721776681
            ],
            [
                0.08675078864353312,
                0.16377649325626203
            ],
            [
                0.13855421686746988,
                0.2651821862348178
            ],
            [
                0.2753623188405797,
                0.35714285714285715
            ]
        ]
    },
    "btag_wp": 0.049
}