{
    "pt_bins": [
        20,
        30,
        50,
        70,
        100,
        140,
        200,
        300,
        600,
        1000
    ],
    "eta_bins": [
        0.0,
        1.5,
        2.5
    ],
    "eff_map": {
        "b": [
            [
                0.9442075337597725,
                0.8761467889908257
            ],
            [
                0.9636906633134235,
                0.914018691588785
            ],
            [
                0.9751667902149741,
                0.9065934065934066
            ],
            [
                0.9782270606531882,
                0.8367346938775511
            ],
            [
                1.0,
                1.0
            ],
            [
                1.0,
                0.0
            ],
            [
                0.0,
                0.0
            ],
            [
                0.0,
                0.0
            ],
            [
                0.0,
                0.0
            ]
        ],
        "c": [
            [
                0.6343792633015006,
                0.6217948717948718
            ],
            [
                0.6802575107296137,
                0.5519125683060109
            ],
            [
                0.6795422031473534,
                0.5
            ],
            [
                0.645933014354067,
                0.6363636363636364
            ],
            [
                0.5,
                0.75
            ],
            [
                0.0,
                0.0
            ],
            [
                0.0,
                0.0
            ],
            [
                0.0,
                0.0
            ],
            [
                0.0,
                0.0
            ]
        ],
        "light": [
            [
                0.19255718675315808,
                0.3004451038575668
            ],
            [
                0.10596026490066225,
                0.15605749486652978
            ],
            [
                0.08146821844225605,
                0.14054054054054055
            ],
            [
                0.06513409961685823,
                0.11409395973154363
            ],
            [
                0.07894736842105263,
                0.07142857142857142
            ],
            [
                1.0,
                0.0
            ],
            [
                0.0,
                0.0
            ],
            [
                0.0,
                0.0
            ],
            [
                0.0,
                0.0
            ]
        ]
    },
    "btag_wp": 0.049
}