{
    "pt_bins": [
        20,
        30,
        50,
        70,
        100,
        140,
        200,
        300,
        600,
        1000
    ],
    "eta_bins": [
        0.0,
        1.5,
        2.5
    ],
    "eff_map": {
        "b": [
            [
                0.9474587912087912,
                0.8256130790190735
            ],
            [
                0.8892342469624188,
                0.7834394904458599
            ],
            [
                0.7346938775510204,
                0.42857142857142855
            ],
            [
                0.5714285714285714,
                0.0
            ],
            [
                0.16666666666666666,
                0.0
            ],
            [
                0.0,
                0.0
            ],
            [
                0.0,
                0.0
            ],
            [
                0.0,
                0.0
            ],
            [
                0.0,
                0.0
            ]
        ],
        "c": [
            [
                0.8303308221421553,
                0.5
            ],
            [
                0.8160095579450418,
                0.36082474226804123
            ],
            [
                0.5454545454545454,
                0.2857142857142857
            ],
            [
                0.8,
                0.0
            ],
            [
                0.3333333333333333,
                0.0
            ],
            [
                0.0,
                0.0
            ],
            [
                0.0,
                0.0
            ],
            [
                0.0,
                0.0
            ],
            [
                0.0,
                0.0
            ]
        ],
        "light": [
            [
                0.29577464788732394,
                0.3627994955863808
            ],
            [
                0.2247191011235955,
                0.23024054982817868
            ],
            [
                0.2860696517412935,
                0.19135802469135801
            ],
            [
                0.3225806451612903,
                0.2830188679245283
            ],
            [
                0.3469387755102041,
                0.0
            ],
            [
                0.25,
                0.0
            ],
            [
                0.375,
                0.0
            ],
            [
                0.0,
                0.0
            ],
            [
                0.0,
                0.0
            ]
        ]
    },
    "btag_wp": 0.049
}