{
    "pt_bins": [
        20,
        30,
        50,
        70,
        100,
        140,
        200,
        300,
        600,
        1000
    ],
    "eta_bins": [
        0.0,
        1.5,
        2.5
    ],
    "eff_map": {
        "b": [
            [
                0.9445272704683811,
                0.8858606589979794
            ],
            [
                0.9639011353949302,
                0.9016405535392877
            ],
            [
                0.9734633627759195,
                0.9184739074969591
            ],
            [
                0.9745355578609144,
                0.9222362058687157
            ],
            [
                0.9744875242345732,
                0.9230019493177388
            ],
            [
                0.9745162918512703,
                0.9308862718129459
            ],
            [
                0.9775083680300433,
                0.9460916442048517
            ],
            [
                0.9886570893191755,
                0.9676400947119179
            ],
            [
                0.9911802853437095,
                1.0
            ]
        ],
        "c": [
            [
                0.5027953170218363,
                0.5194191620926839
            ],
            [
                0.49074751698902247,
                0.4593381007816398
            ],
            [
                0.4834449178332319,
                0.42997266441550086
            ],
            [
                0.47818407797474977,
                0.42846285388561656
            ],
            [
                0.4864529838852488,
                0.41557703240477545
            ],
            [
                0.5101113383321972,
                0.4374482187241094
            ],
            [
                0.5316882655778449,
                0.4627696590118302
            ],
            [
                0.5810431856421762,
                0.5366906474820143
            ],
            [
                0.6348039215686274,
                0.7368421052631579
            ]
        ],
        "light": [
            [
                0.24103533125405233,
                0.3566236240322569
            ],
            [
                0.11306323544760442,
                0.17602121847404867
            ],
            [
                0.0812404304185097,
                0.12803968044947767
            ],
            [
                0.06867383692473739,
                0.10760155516825312
            ],
            [
                0.063185709567127,
                0.10393719710017223
            ],
            [
                0.06804261479639184,
                0.11309145531226529
            ],
            [
                0.08659699092684048,
                0.15269838193973453
            ],
            [
                0.14722986493246623,
                0.2506052096446209
            ],
            [
                0.3001449975833736,
                0.5
            ]
        ]
    },
    "btag_wp": 0.049
}