{
    "pt_bins": [
        20,
        30,
        50,
        70,
        100,
        140,
        200,
        300,
        600,
        1000
    ],
    "eta_bins": [
        0.0,
        1.5,
        2.5
    ],
    "eff_map": {
        "b": [
            [
                0.5458899166830676,
                0.4281177381874516
            ],
            [
                0.6684449005673566,
                0.5467974256818878
            ],
            [
                0.7186938577324593,
                0.5965049301962315
            ],
            [
                0.7424918474041099,
                0.6149382052659861
            ],
            [
                0.7599107459387316,
                0.6249312809235844
            ],
            [
                0.7704490013721604,
                0.6347285807717462
            ],
            [
                0.7741958975603835,
                0.633483237939493
            ],
            [
                0.7333605537100316,
                0.5758
            ],
            [
                0.6738211769922503,
                0.47477338806225416
            ]
        ],
        "c": [
            [
                0.04911166953224882,
                0.03580586950327667
            ],
            [
                0.04280701754385965,
                0.033402001177163035
            ],
            [
                0.04189540059347181,
                0.03257243195785777
            ],
            [
                0.047503725782414304,
                0.034705485394774895
            ],
            [
                0.05564670972246465,
                0.03276112185686654
            ],
            [
                0.06736259670907659,
                0.03954214360041623
            ],
            [
                0.08235737517274111,
                0.05340667139815472
            ],
            [
                0.09934018653807282,
                0.05638586956521739
            ],
            [
                0.10659126591847415,
                0.0574761101742552
            ]
        ],
        "light": [
            [
                0.002515745572819704,
                0.0020761245674740486
            ],
            [
                0.001992950435769296,
                0.0015520795440766338
            ],
            [
                0.0015913720355012367,
                0.0015118290407376636
            ],
            [
                0.0012253959591700051,
                0.001200205749557067
            ],
            [
                0.0011043520674390995,
                0.0013303326940345664
            ],
            [
                0.0011907091518767764,
                0.0016810397846082356
            ],
            [
                0.0016390933977181916,
                0.003654331154459828
            ],
            [
                0.0036125434025812936,
                0.005556344528864589
            ],
            [
                0.01074467827723511,
                0.014294349820431675
            ]
        ]
    },
    "btag_wp": 0.71
}