{
    "pt_bins": [
        20,
        30,
        50,
        70,
        100,
        140,
        200,
        300,
        600,
        1000
    ],
    "eta_bins": [
        0.0,
        1.5,
        2.5
    ],
    "eff_map": {
        "b": [
            [
                0.9344511543557773,
                0.8918341907400079
            ],
            [
                0.9587483994633949,
                0.9070817509335828
            ],
            [
                0.9672491801033336,
                0.9159170207210843
            ],
            [
                0.9703412491326786,
                0.919596512596011
            ],
            [
                0.971110552246426,
                0.9221918638756235
            ],
            [
                0.9707875858770215,
                0.9253869754027036
            ],
            [
                0.969468213925328,
                0.9288423871271664
            ],
            [
                0.9680412106922268,
                0.9322364472894579
            ],
            [
                0.9646903214675945,
                0.947992700729927
            ]
        ],
        "c": [
            [
                0.5675558490624607,
                0.5614350288606803
            ],
            [
                0.5512836471137389,
                0.5180147875286002
            ],
            [
                0.5324500101584619,
                0.4877891577318084
            ],
            [
                0.520084473046204,
                0.4724328206765246
            ],
            [
                0.5172948171432642,
                0.4650209368657411
            ],
            [
                0.5278493072501674,
                0.481912604898343
            ],
            [
                0.5616460541813899,
                0.5208578500994198
            ],
            [
                0.6406367629753612,
                0.6083035768322944
            ],
            [
                0.6884954094060334,
                0.6778711484593838
            ]
        ],
        "light": [
            [
                0.20882945364066322,
                0.32287529233375056
            ],
            [
                0.1096891105686864,
                0.1745555210659412
            ],
            [
                0.08029469614456071,
                0.127168815202723
            ],
            [
                0.0715012405363768,
                0.11143705687209622
            ],
            [
                0.06909473023353695,
                0.10862872470550936
            ],
            [
                0.07558857108643262,
                0.12082172761050261
            ],
            [
                0.10071545029390312,
                0.16382981052355047
            ],
            [
                0.17455697395192732,
                0.2713693161645639
            ],
            [
                0.3218769192973836,
                0.478578592921622
            ]
        ]
    },
    "btag_wp": 0.049
}