{
    "pt_bins": [
        20,
        30,
        50,
        70,
        100,
        140,
        200,
        300,
        600,
        1000
    ],
    "eta_bins": [
        0.0,
        1.5,
        2.5
    ],
    "eff_map": {
        "b": [
            [
                0.9468394206142522,
                0.8915559365623661
            ],
            [
                0.9658460266855591,
                0.9069436260066784
            ],
            [
                0.9705626093755818,
                0.9220361356323735
            ],
            [
                0.9741563734599229,
                0.9249020012378791
            ],
            [
                0.9771481917441247,
                0.9268456375838926
            ],
            [
                0.9769216954022989,
                0.9285714285714286
            ],
            [
                0.9755796743956586,
                0.9259259259259259
            ],
            [
                0.9750922509225092,
                0.925
            ],
            [
                0.9827586206896551,
                0.0
            ]
        ],
        "c": [
            [
                0.4921793534932221,
                0.5303430079155673
            ],
            [
                0.5017293059718699,
                0.4641529474243229
            ],
            [
                0.48378839590443684,
                0.43488372093023253
            ],
            [
                0.4579075425790754,
                0.4232558139534884
            ],
            [
                0.47277936962750716,
                0.423963133640553
            ],
            [
                0.5094142259414226,
                0.42748091603053434
            ],
            [
                0.5316698656429942,
                0.5357142857142857
            ],
            [
                0.6,
                0.5161290322580645
            ],
            [
                0.625,
                1.0
            ]
        ],
        "light": [
            [
                0.23667421280098785,
                0.3581217860716197
            ],
            [
                0.11600392649869978,
                0.1807144953051643
            ],
            [
                0.08445342242250019,
                0.1287742777868451
            ],
            [
                0.07236473048090163,
                0.10853739245532759
            ],
            [
                0.06249022368215235,
                0.09813507151910193
            ],
            [
                0.06808207804530898,
                0.12041249620867456
            ],
            [
                0.08768782238169993,
                0.15728274173806608
            ],
            [
                0.1351186853317103,
                0.25812619502868067
            ],
            [
                0.2318840579710145,
                0.38461538461538464
            ]
        ]
    },
    "btag_wp": 0.049
}