{
    "pt_bins": [
        20,
        30,
        50,
        70,
        100,
        140,
        200,
        300,
        600,
        1000
    ],
    "eta_bins": [
        0.0,
        1.5,
        2.5
    ],
    "eff_map": {
        "b": [
            [
                0.8299337260677467,
                0.6964634941329857
            ],
            [
                0.8878417231794683,
                0.7585255273013995
            ],
            [
                0.9066707678111423,
                0.7860268834010629
            ],
            [
                0.9161583955176794,
                0.8022661630748722
            ],
            [
                0.9203954595386306,
                0.7968464351005484
            ],
            [
                0.9188199571326506,
                0.7975059382422803
            ],
            [
                0.9149005542875774,
                0.8159851301115242
            ],
            [
                0.9158316633266533,
                0.8
            ],
            [
                0.942652329749104,
                1.0
            ]
        ],
        "c": [
            [
                0.22355289421157684,
                0.18217648346835996
            ],
            [
                0.18689244277202885,
                0.17498045347928068
            ],
            [
                0.16311080523055746,
                0.14781659388646287
            ],
            [
                0.15970386039132733,
                0.13134892511221355
            ],
            [
                0.1694008559201141,
                0.13191489361702127
            ],
            [
                0.1590909090909091,
                0.1334106728538283
            ],
            [
                0.19239373601789708,
                0.16966580976863754
            ],
            [
                0.24776119402985075,
                0.16017316017316016
            ],
            [
                0.3125,
                0.2
            ]
        ],
        "light": [
            [
                0.025213338497082037,
                0.030982135704558197
            ],
            [
                0.013378761661820582,
                0.019037105458805506
            ],
            [
                0.011706994101360299,
                0.013684891620834682
            ],
            [
                0.008897021706208985,
                0.013480772814810213
            ],
            [
                0.008538547209503774,
                0.013098464317976514
            ],
            [
                0.009402323631572644,
                0.01590693257359924
            ],
            [
                0.011559478772593527,
                0.018644439570081158
            ],
            [
                0.02328372539606337,
                0.03822679087696756
            ],
            [
                0.03496503496503497,
                0.08421052631578947
            ]
        ]
    },
    "btag_wp": 0.2783
}