{
    "pt_bins": [
        20,
        30,
        50,
        70,
        100,
        140,
        200,
        300,
        600,
        1000
    ],
    "eta_bins": [
        0.0,
        1.5,
        2.5
    ],
    "eff_map": {
        "b": [
            [
                0.66436849053836,
                0.41059122234312656
            ],
            [
                0.7737087451053515,
                0.5451977401129944
            ],
            [
                0.7991176302068412,
                0.5813648293963255
            ],
            [
                0.8074982480728802,
                0.6200378071833649
            ],
            [
                0.8068594317186131,
                0.6284046692607004
            ],
            [
                0.7972176373496817,
                0.6820083682008368
            ],
            [
                0.8027932960893854,
                0.58
            ],
            [
                0.7868561278863233,
                0.5769230769230769
            ],
            [
                0.7037037037037037,
                1.0
            ]
        ],
        "c": [
            [
                0.06517078748034873,
                0.02631578947368421
            ],
            [
                0.04500592183181998,
                0.03012912482065997
            ],
            [
                0.032449297971918874,
                0.022265246853823813
            ],
            [
                0.03819188191881919,
                0.024045261669024046
            ],
            [
                0.0406355025970058,
                0.03125
            ],
            [
                0.06081808396124865,
                0.03164556962025317
            ],
            [
                0.0535077288941736,
                0.0684931506849315
            ],
            [
                0.1111111111111111,
                0.0
            ],
            [
                0.0,
                0.0
            ]
        ],
        "light": [
            [
                0.08222801992300816,
                0.008654346694429984
            ],
            [
                0.046637519938510875,
                0.00672742431647644
            ],
            [
                0.025819672131147543,
                0.005687203791469194
            ],
            [
                0.025373606031875027,
                0.005916445303066892
            ],
            [
                0.02034211742949607,
                0.006453214197071234
            ],
            [
                0.012834036568213783,
                0.0024366471734892786
            ],
            [
                0.012295081967213115,
                0.0034522439585730723
            ],
            [
                0.0018365472910927456,
                0.007407407407407408
            ],
            [
                0.0,
                0.0
            ]
        ]
    },
    "btag_wp": 0.71
}