{
    "pt_bins": [
        20,
        30,
        50,
        70,
        100,
        140,
        200,
        300,
        600,
        1000
    ],
    "eta_bins": [
        0.0,
        1.5,
        2.5
    ],
    "eff_map": {
        "b": [
            [
                0.812793979303857,
                0.6695842450765864
            ],
            [
                0.8709596592332749,
                0.7383177570093458
            ],
            [
                0.8935574229691877,
                0.7520891364902507
            ],
            [
                0.907563025210084,
                0.7859007832898173
            ],
            [
                0.9191351719441607,
                0.7681564245810056
            ],
            [
                0.9261691223574632,
                0.8238993710691824
            ],
            [
                0.936697653829128,
                0.7339449541284404
            ],
            [
                0.8571428571428571,
                0.0
            ],
            [
                0.0,
                0.0
            ]
        ],
        "c": [
            [
                0.30771084337349397,
                0.2028301886792453
            ],
            [
                0.2594982951777886,
                0.18047034764826175
            ],
            [
                0.21114084164436878,
                0.16358463726884778
            ],
            [
                0.20319727339121968,
                0.14759427828348504
            ],
            [
                0.21588135911394782,
                0.16336996336996337
            ],
            [
                0.24189652266726588,
                0.17352281226626776
            ],
            [
                0.2902993667242372,
                0.18085106382978725
            ],
            [
                0.3211009174311927,
                0.25
            ],
            [
                0.0,
                0.0
            ]
        ],
        "light": [
            [
                0.023406816166223237,
                0.027985703688718052
            ],
            [
                0.012201370652661244,
                0.014352959333281888
            ],
            [
                0.01093198992443325,
                0.012523020257826888
            ],
            [
                0.008267516511939403,
                0.011917659804983749
            ],
            [
                0.009090471838776393,
                0.011958923696867282
            ],
            [
                0.010303989054683826,
                0.01157580283793876
            ],
            [
                0.01306502477849527,
                0.019417475728155338
            ],
            [
                0.013812154696132596,
                0.05434782608695652
            ],
            [
                0.0,
                0.0
            ]
        ]
    },
    "btag_wp": 0.2783
}