{
    "pt_bins": [
        20,
        30,
        50,
        70,
        100,
        140,
        200,
        300,
        600,
        1000
    ],
    "eta_bins": [
        0.0,
        1.5,
        2.5
    ],
    "eff_map": {
        "b": [
            [
                0.6372162566263423,
                0.44640234948604995
            ],
            [
                0.7434680837603593,
                0.5524126455906821
            ],
            [
                0.7883204239706482,
                0.6344086021505376
            ],
            [
                0.7947782963827305,
                0.6360225140712945
            ],
            [
                0.8022432113341205,
                0.6411483253588517
            ],
            [
                0.7834622248661511,
                0.594059405940594
            ],
            [
                0.7808041504539559,
                0.6486486486486487
            ],
            [
                0.8092643051771117,
                0.5882352941176471
            ],
            [
                0.8571428571428571,
                0.0
            ]
        ],
        "c": [
            [
                0.049705882352941176,
                0.04097646033129904
            ],
            [
                0.03104693140794224,
                0.031078610603290677
            ],
            [
                0.02605128205128205,
                0.023613963039014373
            ],
            [
                0.03507892758707091,
                0.029411764705882353
            ],
            [
                0.026487190620929222,
                0.021897810218978103
            ],
            [
                0.04426877470355731,
                0.018018018018018018
            ],
            [
                0.06129032258064516,
                0.02666666666666667
            ],
            [
                0.07038123167155426,
                0.0
            ],
            [
                0.20588235294117646,
                0.0
            ]
        ],
        "light": [
            [
                0.016730712385456696,
                0.0027298672291847623
            ],
            [
                0.00885678391959799,
                0.0016611295681063123
            ],
            [
                0.005417118093174431,
                0.0010813733441470668
            ],
            [
                0.003333888981496916,
                0.0007396449704142012
            ],
            [
                0.003353828954723309,
                0.001375515818431912
            ],
            [
                0.0012804097311139564,
                0.0025031289111389237
            ],
            [
                0.0015026296018031556,
                0.002717391304347826
            ],
            [
                0.005471956224350205,
                0.013245033112582781
            ],
            [
                0.009708737864077669,
                0.0
            ]
        ]
    },
    "btag_wp": 0.71
}