{
    "pt_bins": [
        20,
        30,
        50,
        70,
        100,
        140,
        200,
        300,
        600,
        1000
    ],
    "eta_bins": [
        0.0,
        1.5,
        2.5
    ],
    "eff_map": {
        "b": [
            [
                0.939084653649771,
                0.8953264762442441
            ],
            [
                0.9647689695013845,
                0.9118873719433012
            ],
            [
                0.9708535872343876,
                0.9195170328049916
            ],
            [
                0.9712896463698774,
                0.9256192670245593
            ],
            [
                0.9722972908348751,
                0.9306197100365792
            ],
            [
                0.9746072393729427,
                0.9297042614950991
            ],
            [
                0.9750095286494728,
                0.931290399808475
            ],
            [
                0.974670453239654,
                0.9345560650270947
            ],
            [
                0.9719626168224299,
                0.9239130434782609
            ]
        ],
        "c": [
            [
                0.50620239390642,
                0.5250186706497386
            ],
            [
                0.48308810245498524,
                0.4711611554541999
            ],
            [
                0.47608911593585923,
                0.4497447795823666
            ],
            [
                0.46932907348242814,
                0.4311706144867834
            ],
            [
                0.49389911755093147,
                0.4359673024523161
            ],
            [
                0.5037132055090467,
                0.438715953307393
            ],
            [
                0.5349696739954511,
                0.47984790874524713
            ],
            [
                0.5866493656286044,
                0.5325144508670521
            ],
            [
                0.6569506726457399,
                0.6923076923076923
            ]
        ],
        "light": [
            [
                0.23857709585205064,
                0.3613354832300415
            ],
            [
                0.11516102947180437,
                0.18327494429134827
            ],
            [
                0.08497612612240288,
                0.13259131253445317
            ],
            [
                0.07309993024681355,
                0.11119469274413617
            ],
            [
                0.06561096869832334,
                0.10737389892817073
            ],
            [
                0.06978800491707822,
                0.11863531919144826
            ],
            [
                0.0863263697683702,
                0.1551905826714987
            ],
            [
                0.15089401846018835,
                0.2559437866974685
            ],
            [
                0.3171552660152009,
                0.4977168949771689
            ]
        ]
    },
    "btag_wp": 0.049
}