{
    "pt_bins": [
        20,
        30,
        50,
        70,
        100,
        140,
        200,
        300,
        600,
        1000
    ],
    "eta_bins": [
        0.0,
        1.5,
        2.5
    ],
    "eff_map": {
        "b": [
            [
                0.8262283309867394,
                0.6856690419635788
            ],
            [
                0.8818997122915028,
                0.7533745065580033
            ],
            [
                0.900011473015706,
                0.7811381275596414
            ],
            [
                0.9066311393194596,
                0.7941708043694141
            ],
            [
                0.9101004970375701,
                0.8014196785873087
            ],
            [
                0.9079396535755345,
                0.805609507192942
            ],
            [
                0.9029633793768069,
                0.7978626877709446
            ],
            [
                0.8856210926882305,
                0.7885934819897084
            ],
            [
                0.83,
                0.7391304347826086
            ]
        ],
        "c": [
            [
                0.24035295842608267,
                0.19766759432801348
            ],
            [
                0.2019432663429155,
                0.18371398800304148
            ],
            [
                0.1685256317401012,
                0.15840495478311603
            ],
            [
                0.16367128624519134,
                0.14479638009049775
            ],
            [
                0.16707248217940573,
                0.14978484745926607
            ],
            [
                0.1771194823048165,
                0.16089330024813897
            ],
            [
                0.20630337032300647,
                0.17814786777693667
            ],
            [
                0.2641079232376971,
                0.2243502051983584
            ],
            [
                0.2852311161217587,
                0.23170731707317074
            ]
        ],
        "light": [
            [
                0.05592832295891349,
                0.04403315667889659
            ],
            [
                0.03081600135406848,
                0.027679002271894165
            ],
            [
                0.016356424027164217,
                0.018481829387858053
            ],
            [
                0.012322512749939287,
                0.014701086956521739
            ],
            [
                0.010819623118341743,
                0.014686310896174249
            ],
            [
                0.010388247639034627,
                0.0167627202371151
            ],
            [
                0.012636370771524998,
                0.02317652843796099
            ],
            [
                0.022063473474645743,
                0.04196409258057538
            ],
            [
                0.06270973154362416,
                0.08853575482406356
            ]
        ]
    },
    "btag_wp": 0.2783
}