{
    "pt_bins": [
        20,
        30,
        50,
        70,
        100,
        140,
        200,
        300,
        600,
        1000
    ],
    "eta_bins": [
        0.0,
        1.5,
        2.5
    ],
    "eff_map": {
        "b": [
            [
                0.9389092524713984,
                0.888009430784776
            ],
            [
                0.9641787638090021,
                0.9053597947887134
            ],
            [
                0.9713054365508607,
                0.9178145369573238
            ],
            [
                0.9720389382498432,
                0.9204700324055847
            ],
            [
                0.9725309111821518,
                0.9238157894736843
            ],
            [
                0.9718344965104686,
                0.9240737917365452
            ],
            [
                0.9729871816677748,
                0.9354991326289229
            ],
            [
                0.9713093375065206,
                0.9381584974805314
            ],
            [
                0.9648997134670487,
                0.935064935064935
            ]
        ],
        "c": [
            [
                0.5218183258097727,
                0.5509851365364673
            ],
            [
                0.5021003000428632,
                0.4893956670467503
            ],
            [
                0.48967355096602266,
                0.4500258933195236
            ],
            [
                0.4867899603698811,
                0.438483547925608
            ],
            [
                0.4904826648538409,
                0.42710997442455245
            ],
            [
                0.5254777070063694,
                0.46621621621621623
            ],
            [
                0.5521201413427562,
                0.44565217391304346
            ],
            [
                0.5838235294117647,
                0.5294117647058824
            ],
            [
                0.5915492957746479,
                0.8571428571428571
            ]
        ],
        "light": [
            [
                0.3329924038283761,
                0.41346179413772016
            ],
            [
                0.24618771423688945,
                0.2772020725388601
            ],
            [
                0.17429558262134157,
                0.20367784777796696
            ],
            [
                0.1304791029561672,
                0.15888322027246735
            ],
            [
                0.10230064775519321,
                0.13183845973233152
            ],
            [
                0.09625185471905039,
                0.1257372021703232
            ],
            [
                0.10024030209406111,
                0.14726720647773278
            ],
            [
                0.16137020222864218,
                0.23299748110831234
            ],
            [
                0.33620689655172414,
                0.35714285714285715
            ]
        ]
    },
    "btag_wp": 0.049
}