{
    "pt_bins": [
        20,
        30,
        50,
        70,
        100,
        140,
        200,
        300,
        600,
        1000
    ],
    "eta_bins": [
        0.0,
        1.5,
        2.5
    ],
    "eff_map": {
        "b": [
            [
                0.9213257311620657,
                0.8673763583943225
            ],
            [
                0.9560029316110119,
                0.8840747159637974
            ],
            [
                0.9682867015940252,
                0.9058860560276991
            ],
            [
                0.9694370359691487,
                0.9007314524555904
            ],
            [
                0.9728227459016393,
                0.896431679721497
            ],
            [
                0.9744170373365683,
                0.8974755280783101
            ],
            [
                0.9757902621722846,
                0.8901617250673854
            ],
            [
                0.9772198977219898,
                0.9061302681992337
            ],
            [
                0.9727574750830564,
                0.9363636363636364
            ]
        ],
        "c": [
            [
                0.6201609639854323,
                0.5422077922077922
            ],
            [
                0.6882413976836143,
                0.502877794137331
            ],
            [
                0.6858757403602079,
                0.47353073126962764
            ],
            [
                0.6729955254565244,
                0.46747420367877973
            ],
            [
                0.6734078021951279,
                0.45968390034824536
            ],
            [
                0.695296056802333,
                0.47391037446286066
            ],
            [
                0.7327877859063702,
                0.5220851571826503
            ],
            [
                0.7693023255813953,
                0.6074866310160428
            ],
            [
                0.7943818389678262,
                0.7464788732394366
            ]
        ],
        "light": [
            [
                0.37274397453387903,
                0.35946891779980233
            ],
            [
                0.26580459770114945,
                0.2333886859293701
            ],
            [
                0.1731030837615132,
                0.17794746487477092
            ],
            [
                0.13199168825254048,
                0.14761958611330997
            ],
            [
                0.1123160160567805,
                0.13558188153310105
            ],
            [
                0.11190497229200065,
                0.14178893461937228
            ],
            [
                0.13224522513060064,
                0.18641891381524284
            ],
            [
                0.21498418365337918,
                0.29845282834691783
            ],
            [
                0.3824000777038512,
                0.5203689469638739
            ]
        ]
    },
    "btag_wp": 0.049
}