{
    "pt_bins": [
        20,
        30,
        50,
        70,
        100,
        140,
        200,
        300,
        600,
        1000
    ],
    "eta_bins": [
        0.0,
        1.5,
        2.5
    ],
    "eff_map": {
        "b": [
            [
                0.5644558157842944,
                0.41854419410745236
            ],
            [
                0.6764638082065468,
                0.5166077738515901
            ],
            [
                0.7209830941895156,
                0.588380716934487
            ],
            [
                0.7487570817435542,
                0.5927710843373494
            ],
            [
                0.7583821181479511,
                0.605121293800539
            ],
            [
                0.7661719632198741,
                0.6239669421487604
            ],
            [
                0.7743594673845119,
                0.59979633401222
            ],
            [
                0.784891917293233,
                0.582258064516129
            ],
            [
                0.7238598442714127,
                0.5211267605633803
            ]
        ],
        "c": [
            [
                0.04643931795386159,
                0.038482682792743264
            ],
            [
                0.03381881017032831,
                0.02665538396445949
            ],
            [
                0.027076074332171893,
                0.023393544566183002
            ],
            [
                0.03200850410441151,
                0.030517095224639728
            ],
            [
                0.03750272153276726,
                0.02613713509843856
            ],
            [
                0.04662989139803482,
                0.03570258761873567
            ],
            [
                0.06396431999096709,
                0.044758185641333735
            ],
            [
                0.08279610668689168,
                0.05804311774461028
            ],
            [
                0.08384249830278344,
                0.04197530864197531
            ]
        ],
        "light": [
            [
                0.0024381172775734534,
                0.002079682205865171
            ],
            [
                0.0016923262892998825,
                0.0016579553757095488
            ],
            [
                0.0016507400818033418,
                0.001627941394109812
            ],
            [
                0.0014172603412762903,
                0.001834189288334556
            ],
            [
                0.001141355844603325,
                0.0021861336664584633
            ],
            [
                0.0016640665626625065,
                0.0025801457782364703
            ],
            [
                0.0021619179761866347,
                0.003898947818191529
            ],
            [
                0.003808391854226478,
                0.0059968931758245725
            ],
            [
                0.008446544595392794,
                0.008763388510223954
            ]
        ]
    },
    "btag_wp": 0.71
}