{
    "pt_bins": [
        20,
        30,
        50,
        70,
        100,
        140,
        200,
        300,
        600,
        1000
    ],
    "eta_bins": [
        0.0,
        1.5,
        2.5
    ],
    "eff_map": {
        "b": [
            [
                0.7924905656665672,
                0.6671674550170776
            ],
            [
                0.8590792276900442,
                0.7509061176088059
            ],
            [
                0.8812556205829869,
                0.7888821482167374
            ],
            [
                0.8915968330627938,
                0.7932450774736025
            ],
            [
                0.8951335124296039,
                0.7965314011702824
            ],
            [
                0.9033860148712297,
                0.7947609459512811
            ],
            [
                0.9270214453818159,
                0.7996593547267243
            ],
            [
                0.9318334540253408,
                0.8037836971210004
            ],
            [
                0.9084563451195788,
                0.7962962962962963
            ]
        ],
        "c": [
            [
                0.2539766370130429,
                0.18289410235444578
            ],
            [
                0.23288246496410958,
                0.18404023507142386
            ],
            [
                0.20961415417141904,
                0.16473861180049637
            ],
            [
                0.21680857147395677,
                0.15938802054628426
            ],
            [
                0.23946153341162568,
                0.16376140722126703
            ],
            [
                0.2759394761477179,
                0.1788700647131535
            ],
            [
                0.3506479066939097,
                0.20810980282867694
            ],
            [
                0.3903799174458765,
                0.22298230490438717
            ],
            [
                0.4042007375340709,
                0.22535211267605634
            ]
        ],
        "light": [
            [
                0.025251810465749203,
                0.029916948747392234
            ],
            [
                0.014253739555204975,
                0.018683223693214478
            ],
            [
                0.010463035865268784,
                0.015196918206354432
            ],
            [
                0.00872970376171752,
                0.013165301076045986
            ],
            [
                0.008465143325929066,
                0.013509525161908262
            ],
            [
                0.00980577845204095,
                0.01670942772656114
            ],
            [
                0.014570427855229722,
                0.02740046929338084
            ],
            [
                0.019757352098747565,
                0.035970840575422505
            ],
            [
                0.041170186539567756,
                0.07048458149779736
            ]
        ]
    },
    "btag_wp": 0.2783
}