{
    "pt_bins": [
        20,
        30,
        50,
        70,
        100,
        140,
        200,
        300,
        600,
        1000
    ],
    "eta_bins": [
        0.0,
        1.5,
        2.5
    ],
    "eff_map": {
        "b": [
            [
                0.570352921381399,
                0.428522218394764
            ],
            [
                0.6828961260456429,
                0.5468339988590987
            ],
            [
                0.7293477325531366,
                0.5917252146760343
            ],
            [
                0.742223410834573,
                0.6232686980609419
            ],
            [
                0.7514087933822029,
                0.6151921358355674
            ],
            [
                0.7578548003343837,
                0.6361121357432682
            ],
            [
                0.776810933363732,
                0.6219512195121951
            ],
            [
                0.7873322752849516,
                0.5985915492957746
            ],
            [
                0.0,
                0.0
            ]
        ],
        "c": [
            [
                0.04048904414099714,
                0.03452884829583426
            ],
            [
                0.033300068280897106,
                0.03375912408759124
            ],
            [
                0.029315551082033216,
                0.027717391304347826
            ],
            [
                0.032772098616957304,
                0.026143790849673203
            ],
            [
                0.03667997980076206,
                0.026439482961222092
            ],
            [
                0.04651665166516652,
                0.028309979982842435
            ],
            [
                0.061067775518256595,
                0.037843724475905255
            ],
            [
                0.0690026309495336,
                0.054455445544554455
            ],
            [
                0.0,
                0.0
            ]
        ],
        "light": [
            [
                0.0026959767731231854,
                0.001979847975958989
            ],
            [
                0.001463044577703923,
                0.001760406453338087
            ],
            [
                0.0017820930375468567,
                0.0015062628825114953
            ],
            [
                0.0014598318152096227,
                0.0016077816632501306
            ],
            [
                0.0010234432468737007,
                0.0020316226481759563
            ],
            [
                0.0012204117213169717,
                0.002068746021642266
            ],
            [
                0.0017855814299531285,
                0.0035082124063147823
            ],
            [
                0.0021700411488934836,
                0.0028640860961638604
            ],
            [
                0.0,
                0.0
            ]
        ]
    },
    "btag_wp": 0.71
}