{
    "pt_bins": [
        20,
        30,
        50,
        70,
        100,
        140,
        200,
        300,
        600,
        1000
    ],
    "eta_bins": [
        0.0,
        1.5,
        2.5
    ],
    "eff_map": {
        "b": [
            [
                0.6044328437087749,
                0.4367960961106533
            ],
            [
                0.7124025619383347,
                0.5412899528842481
            ],
            [
                0.7543842456372662,
                0.5914883867457112
            ],
            [
                0.7729884694161377,
                0.6189572989076465
            ],
            [
                0.7802584472601553,
                0.6298354824366386
            ],
            [
                0.7759502268430446,
                0.6380485235540047
            ],
            [
                0.7593157725666559,
                0.6262728097590483
            ],
            [
                0.7069312313128567,
                0.5857632933104632
            ],
            [
                0.5744117647058824,
                0.45217391304347826
            ]
        ],
        "c": [
            [
                0.04111405835543767,
                0.034001628140322974
            ],
            [
                0.03043994972870969,
                0.03052747190853023
            ],
            [
                0.026493374158970236,
                0.025559320512532818
            ],
            [
                0.02739099916749645,
                0.02511032903189766
            ],
            [
                0.030374408920883618,
                0.026398491514770583
            ],
            [
                0.03473654210464551,
                0.034937965260545906
            ],
            [
                0.04368631657109855,
                0.03557910673732021
            ],
            [
                0.05747672430172905,
                0.04240766073871409
            ],
            [
                0.060879368658399095,
                0.06097560975609756
            ]
        ],
        "light": [
            [
                0.006211967947640625,
                0.0028101644245142002
            ],
            [
                0.0031174216668466257,
                0.001984024255628478
            ],
            [
                0.0017509186879509384,
                0.0018184850839472924
            ],
            [
                0.001406945681211042,
                0.0014945652173913044
            ],
            [
                0.0013143754883074173,
                0.001808843652177173
            ],
            [
                0.0015477439664218259,
                0.002041824468960975
            ],
            [
                0.001793983428078083,
                0.0032125881003114243
            ],
            [
                0.002716945778194168,
                0.005984569904102675
            ],
            [
                0.00776006711409396,
                0.009080590238365494
            ]
        ]
    },
    "btag_wp": 0.71
}