{
    "pt_bins": [
        20,
        30,
        50,
        70,
        100,
        140,
        200,
        300,
        600,
        1000
    ],
    "eta_bins": [
        0.0,
        1.5,
        2.5
    ],
    "eff_map": {
        "b": [
            [
                0.6188137017967847,
                0.4346456692913386
            ],
            [
                0.7384359039374072,
                0.5585448803595288
            ],
            [
                0.7832466247196724,
                0.6214576911603859
            ],
            [
                0.7998206893920607,
                0.6601941747572816
            ],
            [
                0.7989103516592373,
                0.6405867970660146
            ],
            [
                0.7962139354544417,
                0.6565217391304348
            ],
            [
                0.7816580625569389,
                0.7055555555555556
            ],
            [
                0.761501210653753,
                0.41379310344827586
            ],
            [
                0.8297872340425532,
                1.0
            ]
        ],
        "c": [
            [
                0.04069329314242653,
                0.0341221794166208
            ],
            [
                0.03474903474903475,
                0.03054989816700611
            ],
            [
                0.03503348789283874,
                0.014666666666666666
            ],
            [
                0.04767652383826192,
                0.03296703296703297
            ],
            [
                0.045576407506702415,
                0.036931818181818184
            ],
            [
                0.05236270753512133,
                0.027906976744186046
            ],
            [
                0.049738219895287955,
                0.05154639175257732
            ],
            [
                0.0234375,
                0.05714285714285714
            ],
            [
                0.1111111111111111,
                0.0
            ]
        ],
        "light": [
            [
                0.0025752861842594935,
                0.00233172266546803
            ],
            [
                0.0021159808933210425,
                0.0019725634358468574
            ],
            [
                0.0027141564687395837,
                0.0017496912309592424
            ],
            [
                0.0019706860450794434,
                0.0013453518094981838
            ],
            [
                0.0017346053772766695,
                0.00261437908496732
            ],
            [
                0.0013213918660989576,
                0.0026325686348251222
            ],
            [
                0.0016438356164383563,
                0.0024671052631578946
            ],
            [
                0.0015128593040847202,
                0.0
            ],
            [
                0.014285714285714285,
                0.0
            ]
        ]
    },
    "btag_wp": 0.71
}