{
    "pt_bins": [
        20,
        30,
        50,
        70,
        100,
        140,
        200,
        300,
        600,
        1000
    ],
    "eta_bins": [
        0.0,
        1.5,
        2.5
    ],
    "eff_map": {
        "b": [
            [
                0.6216497039346027,
                0.4382263769580596
            ],
            [
                0.7388470156854756,
                0.5534083426379226
            ],
            [
                0.7836474592283005,
                0.6228683655872772
            ],
            [
                0.8044708073925192,
                0.6620853706885159
            ],
            [
                0.8056496509470088,
                0.654072620215898
            ],
            [
                0.7940448225509491,
                0.6615969581749049
            ],
            [
                0.7836759742252225,
                0.6584507042253521
            ],
            [
                0.7732283464566929,
                0.5375
            ],
            [
                0.8432432432432433,
                0.5
            ]
        ],
        "c": [
            [
                0.0470051034112275,
                0.026518391787852865
            ],
            [
                0.03421810041573393,
                0.027142303218301668
            ],
            [
                0.03701360329009807,
                0.037165082108902334
            ],
            [
                0.0464926590538336,
                0.01707317073170732
            ],
            [
                0.04285714285714286,
                0.03875968992248062
            ],
            [
                0.04203718674211803,
                0.043227665706051875
            ],
            [
                0.05939226519337017,
                0.06557377049180328
            ],
            [
                0.05341246290801187,
                0.013333333333333334
            ],
            [
                0.06666666666666667,
                0.0
            ]
        ],
        "light": [
            [
                0.0026275601868487246,
                0.0020224912502151584
            ],
            [
                0.0026228419654714475,
                0.0015796687341742745
            ],
            [
                0.0030070786098248974,
                0.0019342359767891683
            ],
            [
                0.0024517998439763738,
                0.0008804930761226287
            ],
            [
                0.0016431924882629107,
                0.0014502307185234014
            ],
            [
                0.0007577033170567436,
                0.0008695652173913044
            ],
            [
                0.0011384659171766046,
                0.003714403631861329
            ],
            [
                0.0026533996683250414,
                0.005861664712778429
            ],
            [
                0.0,
                0.0
            ]
        ]
    },
    "btag_wp": 0.71
}