{
    "pt_bins": [
        20,
        30,
        50,
        70,
        100,
        140,
        200,
        300,
        600,
        1000
    ],
    "eta_bins": [
        0.0,
        1.5,
        2.5
    ],
    "eff_map": {
        "b": [
            [
                0.9181516247381173,
                0.8814187959952582
            ],
            [
                0.947061801992873,
                0.9043197184580222
            ],
            [
                0.958378258761047,
                0.9151952488904499
            ],
            [
                0.9644130631379905,
                0.9189479807505861
            ],
            [
                0.968298624387035,
                0.92034052261349
            ],
            [
                0.9739748267265047,
                0.9206640609577954
            ],
            [
                0.9820978077237402,
                0.9271735121178589
            ],
            [
                0.982594713240288,
                0.9333272256705069
            ],
            [
                0.9769996567112942,
                0.9583333333333334
            ]
        ],
        "c": [
            [
                0.5565296653600295,
                0.5449189676499571
            ],
            [
                0.5711607012061136,
                0.5021240067792133
            ],
            [
                0.5809478769670162,
                0.4743615403090225
            ],
            [
                0.5942528553047511,
                0.4620709419986332
            ],
            [
                0.6169133362024319,
                0.46419785742626635
            ],
            [
                0.6652250539709226,
                0.4858333939261737
            ],
            [
                0.7437152922400868,
                0.5371815416057037
            ],
            [
                0.763131696035411,
                0.5699229721086733
            ],
            [
                0.767356100689434,
                0.6302816901408451
            ]
        ],
        "light": [
            [
                0.23515132574077208,
                0.34825381338186184
            ],
            [
                0.12328119617364196,
                0.1862838842711289
            ],
            [
                0.09029966361543254,
                0.13711452003221672
            ],
            [
                0.0788434676592412,
                0.11734661471508764
            ],
            [
                0.07619118477742655,
                0.11360029402429042
            ],
            [
                0.08502185625317624,
                0.13223495390502696
            ],
            [
                0.11564178284458485,
                0.19212296366664897
            ],
            [
                0.1469073959260106,
                0.24289042564993898
            ],
            [
                0.2600460185717808,
                0.40056639395846444
            ]
        ]
    },
    "btag_wp": 0.049
}