{
    "pt_bins": [
        20,
        30,
        50,
        70,
        100,
        140,
        200,
        300,
        600,
        1000
    ],
    "eta_bins": [
        0.0,
        1.5,
        2.5
    ],
    "eff_map": {
        "b": [
            [
                0.6200180139608197,
                0.42924131297342794
            ],
            [
                0.7403260397615884,
                0.5431939425228016
            ],
            [
                0.7802204669299605,
                0.5875333248698743
            ],
            [
                0.7947259504523148,
                0.6240338340382091
            ],
            [
                0.7940010692623933,
                0.6298315163528245
            ],
            [
                0.7811003615752956,
                0.6402206194314807
            ],
            [
                0.7633198062573635,
                0.6067510548523207
            ],
            [
                0.7250602409638555,
                0.5615550755939525
            ],
            [
                0.6026936026936027,
                0.375
            ]
        ],
        "c": [
            [
                0.039691099702316754,
                0.03563885955649419
            ],
            [
                0.029318634924357923,
                0.030258375085961294
            ],
            [
                0.02588370475643313,
                0.022473651580905144
            ],
            [
                0.027948667063570815,
                0.028019925280199254
            ],
            [
                0.03050441224534263,
                0.02359550561797753
            ],
            [
                0.0318546023060387,
                0.027326440177252585
            ],
            [
                0.04295887893406846,
                0.05078125
            ],
            [
                0.048484848484848485,
                0.07317073170731707
            ],
            [
                0.06091370558375635,
                0.08
            ]
        ],
        "light": [
            [
                0.005465067876948693,
                0.002517166117032293
            ],
            [
                0.0024303191114659404,
                0.001749063001963234
            ],
            [
                0.0015551348427478556,
                0.0019344364226743583
            ],
            [
                0.001385218899507607,
                0.002296159560578092
            ],
            [
                0.001368899366884043,
                0.0015495467575734098
            ],
            [
                0.001272887496328209,
                0.001697792869269949
            ],
            [
                0.0016338756892913065,
                0.006146281499692686
            ],
            [
                0.002715751357875679,
                0.0022522522522522522
            ],
            [
                0.010443864229765013,
                0.0
            ]
        ]
    },
    "btag_wp": 0.71
}