{
    "pt_bins": [
        20,
        30,
        50,
        70,
        100,
        140,
        200,
        300,
        600,
        1000
    ],
    "eta_bins": [
        0.0,
        1.5,
        2.5
    ],
    "eff_map": {
        "b": [
            [
                0.5779246435113681,
                0.42305953278070835
            ],
            [
                0.6984393589474421,
                0.5494573643410853
            ],
            [
                0.7409361573829804,
                0.6026460532183737
            ],
            [
                0.7551893610870194,
                0.6198397096627855
            ],
            [
                0.7684129025122015,
                0.6300414624952884
            ],
            [
                0.7874756103181797,
                0.6255506607929515
            ],
            [
                0.8018339276617422,
                0.6410496719775071
            ],
            [
                0.757396449704142,
                1.0
            ],
            [
                0.0,
                0.0
            ]
        ],
        "c": [
            [
                0.04018073261255446,
                0.03359776014932338
            ],
            [
                0.03434650455927052,
                0.027507163323782235
            ],
            [
                0.02842919690517603,
                0.028755868544600938
            ],
            [
                0.03383423557961546,
                0.03303218520609825
            ],
            [
                0.037507284988760305,
                0.030943627450980393
            ],
            [
                0.04649042844120328,
                0.03551912568306011
            ],
            [
                0.053560742070616396,
                0.03884297520661157
            ],
            [
                0.03731343283582089,
                0.06666666666666667
            ],
            [
                0.0,
                0.0
            ]
        ],
        "light": [
            [
                0.002584901474744162,
                0.0020904367592141583
            ],
            [
                0.001323040701732454,
                0.0017146171108701682
            ],
            [
                0.0018292364244525358,
                0.001610936955764542
            ],
            [
                0.0012678027496501193,
                0.0015170560443847254
            ],
            [
                0.0012023387960141646,
                0.0018121687129071717
            ],
            [
                0.001160405872193437,
                0.0022119188395933473
            ],
            [
                0.001434839568300443,
                0.002846810802492883
            ],
            [
                0.0023148148148148147,
                0.0
            ],
            [
                0.0,
                0.0
            ]
        ]
    },
    "btag_wp": 0.71
}