{
    "pt_bins": [
        20,
        30,
        50,
        70,
        100,
        140,
        200,
        300,
        600,
        1000
    ],
    "eta_bins": [
        0.0,
        1.5,
        2.5
    ],
    "eff_map": {
        "b": [
            [
                0.9455212152959664,
                0.852233676975945
            ],
            [
                0.9641052911459718,
                0.867816091954023
            ],
            [
                0.9684713375796178,
                0.9014778325123153
            ],
            [
                0.9734426229508196,
                0.9214659685863874
            ],
            [
                0.9760374050263004,
                0.8952380952380953
            ],
            [
                0.9708029197080292,
                0.8235294117647058
            ],
            [
                1.0,
                1.0
            ],
            [
                0.0,
                0.0
            ],
            [
                0.0,
                0.0
            ]
        ],
        "c": [
            [
                0.6930320150659134,
                0.5688575899843505
            ],
            [
                0.7555398605102852,
                0.5472727272727272
            ],
            [
                0.7361360268309804,
                0.4844606946983547
            ],
            [
                0.7016846488737459,
                0.5035035035035035
            ],
            [
                0.6906939214631522,
                0.4688715953307393
            ],
            [
                0.6883002207505519,
                0.4605263157894737
            ],
            [
                0.8,
                0.25
            ],
            [
                0.0,
                0.0
            ],
            [
                0.0,
                0.0
            ]
        ],
        "light": [
            [
                0.22160983835808004,
                0.33046896425633054
            ],
            [
                0.1109308857854967,
                0.17071005917159762
            ],
            [
                0.09130622039008184,
                0.12400970088924818
            ],
            [
                0.07635513443671937,
                0.11376623376623377
            ],
            [
                0.06961091646690024,
                0.10072568940493469
            ],
            [
                0.06913644664753457,
                0.1063268892794376
            ],
            [
                0.08860759493670886,
                0.045454545454545456
            ],
            [
                0.0,
                0.0
            ],
            [
                0.0,
                0.0
            ]
        ]
    },
    "btag_wp": 0.049
}