{
    "pt_bins": [
        20,
        30,
        50,
        70,
        100,
        140,
        200,
        300,
        600,
        1000
    ],
    "eta_bins": [
        0.0,
        1.5,
        2.5
    ],
    "eff_map": {
        "b": [
            [
                0.8364482473917286,
                0.670313815077552
            ],
            [
                0.902714366538163,
                0.7463431423162967
            ],
            [
                0.9163375493675948,
                0.7738986923955821
            ],
            [
                0.9217997989712056,
                0.7921831704827184
            ],
            [
                0.9210036318050255,
                0.7938553022794846
            ],
            [
                0.9140688621779212,
                0.8069579974543912
            ],
            [
                0.9079067940829951,
                0.7873417721518987
            ],
            [
                0.8998795180722892,
                0.7710583153347732
            ],
            [
                0.8434343434343434,
                0.78125
            ]
        ],
        "c": [
            [
                0.25035592562233056,
                0.19390179514255543
            ],
            [
                0.2047848012196552,
                0.18361332154435603
            ],
            [
                0.17160049590275467,
                0.1656850588964662
            ],
            [
                0.16626976251901832,
                0.14570361145703611
            ],
            [
                0.16706612920797473,
                0.13707865168539327
            ],
            [
                0.17285518858706272,
                0.1447562776957164
            ],
            [
                0.21134849529060418,
                0.201171875
            ],
            [
                0.2580542264752791,
                0.2601626016260163
            ],
            [
                0.30287648054145516,
                0.24
            ]
        ],
        "light": [
            [
                0.047205027325339384,
                0.0379805317911708
            ],
            [
                0.024725855307957827,
                0.023772978761377832
            ],
            [
                0.014073487365736806,
                0.015199143321012815
            ],
            [
                0.010907143771753175,
                0.01508261672144433
            ],
            [
                0.010095632830769816,
                0.013868443480282017
            ],
            [
                0.011129606057638956,
                0.0155631013016412
            ],
            [
                0.015113350125944584,
                0.027965580823601722
            ],
            [
                0.02444176222088111,
                0.03678678678678678
            ],
            [
                0.06135770234986945,
                0.06349206349206349
            ]
        ]
    },
    "btag_wp": 0.2783
}