{
    "pt_bins": [
        20,
        30,
        50,
        70,
        100,
        140,
        200,
        300,
        600,
        1000
    ],
    "eta_bins": [
        0.0,
        1.5,
        2.5
    ],
    "eff_map": {
        "b": [
            [
                0.8401739018143469,
                0.6902057436776683
            ],
            [
                0.8944444444444445,
                0.7598703594578669
            ],
            [
                0.9098782440332129,
                0.7965514396501939
            ],
            [
                0.9175346273364668,
                0.816793893129771
            ],
            [
                0.9233267037382799,
                0.8134228187919463
            ],
            [
                0.9179238505747126,
                0.8299319727891157
            ],
            [
                0.9124321657622102,
                0.8359788359788359
            ],
            [
                0.9234317343173432,
                0.825
            ],
            [
                0.9310344827586207,
                0.0
            ]
        ],
        "c": [
            [
                0.2072992700729927,
                0.1627088830255057
            ],
            [
                0.20267465990315886,
                0.1534784917684546
            ],
            [
                0.18131399317406144,
                0.1558139534883721
            ],
            [
                0.1654501216545012,
                0.16279069767441862
            ],
            [
                0.18839541547277938,
                0.16820276497695852
            ],
            [
                0.19456066945606695,
                0.16793893129770993
            ],
            [
                0.23224568138195778,
                0.21428571428571427
            ],
            [
                0.25,
                0.06451612903225806
            ],
            [
                0.375,
                0.0
            ]
        ],
        "light": [
            [
                0.02404271031318475,
                0.03294785582986248
            ],
            [
                0.013226100883462207,
                0.018779342723004695
            ],
            [
                0.011382176987025094,
                0.014036233066753712
            ],
            [
                0.008975470447243613,
                0.011471431722920804
            ],
            [
                0.007117159393086188,
                0.014484881405033496
            ],
            [
                0.006523544063574902,
                0.017591750075826508
            ],
            [
                0.01076474545862301,
                0.022031823745410038
            ],
            [
                0.015216068167985392,
                0.028680688336520075
            ],
            [
                0.0,
                0.0
            ]
        ]
    },
    "btag_wp": 0.2783
}