{
    "pt_bins": [
        20,
        30,
        50,
        70,
        100,
        140,
        200,
        300,
        600,
        1000
    ],
    "eta_bins": [
        0.0,
        1.5,
        2.5
    ],
    "eff_map": {
        "b": [
            [
                0.9410195613515115,
                0.8937444085059528
            ],
            [
                0.9621341424868829,
                0.9110980851895272
            ],
            [
                0.96999974768501,
                0.9158560601539655
            ],
            [
                0.9731392726247533,
                0.9202448771362979
            ],
            [
                0.9733753878765435,
                0.9193488023952096
            ],
            [
                0.9733705105904021,
                0.9273281114012184
            ],
            [
                0.9750045947436133,
                0.9268929503916449
            ],
            [
                0.975674648422653,
                0.963855421686747
            ],
            [
                0.9748653500897666,
                1.0
            ]
        ],
        "c": [
            [
                0.5613151451556488,
                0.5604083947816222
            ],
            [
                0.5529018187977726,
                0.5087840165346194
            ],
            [
                0.530953857054291,
                0.4786300988444939
            ],
            [
                0.5117627677100495,
                0.46773914547656115
            ],
            [
                0.503034534615178,
                0.44727381665668065
            ],
            [
                0.516544628788581,
                0.4553215708594195
            ],
            [
                0.5479229989868287,
                0.5319444444444444
            ],
            [
                0.6445749440715883,
                0.6658291457286433
            ],
            [
                0.672316384180791,
                0.6470588235294118
            ]
        ],
        "light": [
            [
                0.22359227791708255,
                0.3451744298816814
            ],
            [
                0.10756621164391553,
                0.1745214543735863
            ],
            [
                0.07993764882517763,
                0.1259136318662028
            ],
            [
                0.07015860472992042,
                0.10740906684045456
            ],
            [
                0.06752364870998784,
                0.11281575567289853
            ],
            [
                0.07557451578750701,
                0.1207748830995324
            ],
            [
                0.10126414719703487,
                0.1625
            ],
            [
                0.18414217361585783,
                0.2906220984215413
            ],
            [
                0.30456852791878175,
                0.40350877192982454
            ]
        ]
    },
    "btag_wp": 0.049
}