{
    "pt_bins": [
        20,
        30,
        50,
        70,
        100,
        140,
        200,
        300,
        600,
        1000
    ],
    "eta_bins": [
        0.0,
        1.5,
        2.5
    ],
    "eff_map": {
        "b": [
            [
                0.8424745811255907,
                0.6795069337442219
            ],
            [
                0.8959893048128342,
                0.7523255813953489
            ],
            [
                0.9175534773728905,
                0.7867001254705144
            ],
            [
                0.9174438159302859,
                0.7925636007827789
            ],
            [
                0.9205708966801117,
                0.8195876288659794
            ],
            [
                0.908692933083177,
                0.8172043010752689
            ],
            [
                0.9203296703296703,
                0.9142857142857143
            ],
            [
                0.9145299145299145,
                0.8823529411764706
            ],
            [
                0.95,
                0.0
            ]
        ],
        "c": [
            [
                0.3220868478600437,
                0.21309963099630996
            ],
            [
                0.2621299969484284,
                0.19577735124760076
            ],
            [
                0.21130114743450965,
                0.16902944383860413
            ],
            [
                0.19798835362625727,
                0.15191740412979352
            ],
            [
                0.18293236495687698,
                0.14175257731958762
            ],
            [
                0.23148148148148148,
                0.13333333333333333
            ],
            [
                0.28499156829679595,
                0.15492957746478872
            ],
            [
                0.33125,
                0.20689655172413793
            ],
            [
                0.48484848484848486,
                0.5
            ]
        ],
        "light": [
            [
                0.09778667000125046,
                0.041319082377476536
            ],
            [
                0.0537677128857105,
                0.028966521106259097
            ],
            [
                0.02428842504743833,
                0.014579759862778732
            ],
            [
                0.015973319290854836,
                0.00973141300116777
            ],
            [
                0.013477878699091709,
                0.014534883720930232
            ],
            [
                0.008956560680698611,
                0.01834862385321101
            ],
            [
                0.013291634089132134,
                0.02586206896551724
            ],
            [
                0.033045977011494254,
                0.034722222222222224
            ],
            [
                0.0707070707070707,
                0.0
            ]
        ]
    },
    "btag_wp": 0.2783
}