{
    "pt_bins": [
        20,
        30,
        50,
        70,
        100,
        140,
        200,
        300,
        600,
        1000
    ],
    "eta_bins": [
        0.0,
        1.5,
        2.5
    ],
    "eff_map": {
        "b": [
            [
                0.8218226106892105,
                0.6742154065620543
            ],
            [
                0.8885390104906474,
                0.7595656670113754
            ],
            [
                0.913768358138529,
                0.795837023914969
            ],
            [
                0.9227265525982256,
                0.7838660578386606
            ],
            [
                0.9274801215603014,
                0.7954545454545454
            ],
            [
                0.9229991915925626,
                0.8022388059701493
            ],
            [
                0.8941176470588236,
                0.5
            ],
            [
                1.0,
                0.0
            ],
            [
                0.0,
                0.0
            ]
        ],
        "c": [
            [
                0.27623827187431815,
                0.19108061749571184
            ],
            [
                0.24365450576863112,
                0.17650429799426934
            ],
            [
                0.19409578570927705,
                0.1658579620644023
            ],
            [
                0.1935164563226924,
                0.14904330312185296
            ],
            [
                0.19646894175906987,
                0.14351851851851852
            ],
            [
                0.19814892721918384,
                0.12987012987012986
            ],
            [
                0.23214285714285715,
                0.0
            ],
            [
                0.0,
                0.0
            ],
            [
                0.0,
                0.0
            ]
        ],
        "light": [
            [
                0.02426310464857079,
                0.029058588790132414
            ],
            [
                0.012726356337977463,
                0.016732107799393183
            ],
            [
                0.011752611691486997,
                0.013169984686064319
            ],
            [
                0.008564508477115533,
                0.013041170672530139
            ],
            [
                0.00809289232934553,
                0.010850744545769364
            ],
            [
                0.008073144635735824,
                0.014945652173913044
            ],
            [
                0.01761252446183953,
                0.031007751937984496
            ],
            [
                0.0,
                0.0
            ],
            [
                0.0,
                0.0
            ]
        ]
    },
    "btag_wp": 0.2783
}