{
    "pt_bins": [
        20,
        30,
        50,
        70,
        100,
        140,
        200,
        300,
        600,
        1000
    ],
    "eta_bins": [
        0.0,
        1.5,
        2.5
    ],
    "eff_map": {
        "b": [
            [
                0.8342000782866409,
                0.6950992555831266
            ],
            [
                0.8899940857035324,
                0.7646779177561207
            ],
            [
                0.9095954483577088,
                0.7858569716340391
            ],
            [
                0.913322277501382,
                0.7804107424960506
            ],
            [
                0.9119397482488019,
                0.7909556313993175
            ],
            [
                0.9076839743093709,
                0.6986842105263158
            ],
            [
                0.8996447602131439,
                0.7362637362637363
            ],
            [
                0.9178510517339398,
                0.7870967741935484
            ],
            [
                0.9481641468682506,
                0.8
            ]
        ],
        "c": [
            [
                0.29449188012723926,
                0.2048135913166588
            ],
            [
                0.2447283226878992,
                0.18162839248434237
            ],
            [
                0.1886418864188642,
                0.14635231316725977
            ],
            [
                0.1844483311470631,
                0.13694136941369414
            ],
            [
                0.18485086342229198,
                0.14050751879699247
            ],
            [
                0.2038580391422418,
                0.15028571428571427
            ],
            [
                0.24163732394366197,
                0.17347956131605186
            ],
            [
                0.3105247897941432,
                0.2112676056338028
            ],
            [
                0.3663663663663664,
                0.2727272727272727
            ]
        ],
        "light": [
            [
                0.025736923758865247,
                0.03204316209242317
            ],
            [
                0.015334843092850211,
                0.01656600517687662
            ],
            [
                0.01150940526289104,
                0.013660274902426607
            ],
            [
                0.009643815675749443,
                0.01492742656669189
            ],
            [
                0.009492904538189567,
                0.015699658703071672
            ],
            [
                0.009698330866214078,
                0.016311346401488052
            ],
            [
                0.012292485109618553,
                0.024575036425449247
            ],
            [
                0.025288880469785946,
                0.04379956741167988
            ],
            [
                0.06576271186440678,
                0.07207207207207207
            ]
        ]
    },
    "btag_wp": 0.2783
}