{
    "pt_bins": [
        20,
        30,
        50,
        70,
        100,
        140,
        200,
        300,
        600,
        1000
    ],
    "eta_bins": [
        0.0,
        1.5,
        2.5
    ],
    "eff_map": {
        "b": [
            [
                0.9404504588310615,
                0.8811227473286907
            ],
            [
                0.9696397903131256,
                0.9039489388199886
            ],
            [
                0.9778774079130168,
                0.9155340559851771
            ],
            [
                0.9785365308855433,
                0.9186122596722772
            ],
            [
                0.9765950017458972,
                0.9195715323166304
            ],
            [
                0.9750276516648898,
                0.9223206568712187
            ],
            [
                0.9735914829470511,
                0.9303009097270819
            ],
            [
                0.9723817670780888,
                0.9284922394678492
            ],
            [
                0.9629629629629629,
                0.9411764705882353
            ]
        ],
        "c": [
            [
                0.5647955569408631,
                0.5504329093428834
            ],
            [
                0.5559902856115524,
                0.5055544116637742
            ],
            [
                0.5413185793150618,
                0.4789419422346008
            ],
            [
                0.52827412782963,
                0.46054246683824984
            ],
            [
                0.5228756747344594,
                0.4509180790960452
            ],
            [
                0.5269119093897727,
                0.46037710528081593
            ],
            [
                0.5550321199143469,
                0.49536296770067156
            ],
            [
                0.6303474768639776,
                0.5845110231769362
            ],
            [
                0.6780185758513931,
                0.7619047619047619
            ]
        ],
        "light": [
            [
                0.25195389022001263,
                0.3465402886884425
            ],
            [
                0.13520003759866853,
                0.18645094581986324
            ],
            [
                0.09077004305535144,
                0.13391512569699765
            ],
            [
                0.07543389359578923,
                0.11363178362711007
            ],
            [
                0.0716722605027732,
                0.11009540592260143
            ],
            [
                0.07519874885963769,
                0.12213521333762
            ],
            [
                0.0957585480798155,
                0.1622207764042507
            ],
            [
                0.16406869220607662,
                0.25317715510641553
            ],
            [
                0.32944406314344543,
                0.48476454293628807
            ]
        ]
    },
    "btag_wp": 0.049
}