{
    "pt_bins": [
        20,
        30,
        50,
        70,
        100,
        140,
        200,
        300,
        600,
        1000
    ],
    "eta_bins": [
        0.0,
        1.5,
        2.5
    ],
    "eff_map": {
        "b": [
            [
                0.7828514815815545,
                0.6678841397165908
            ],
            [
                0.8523855801152002,
                0.7520037278657968
            ],
            [
                0.8759321792278838,
                0.7817305966130094
            ],
            [
                0.8877590277830164,
                0.7858370801375297
            ],
            [
                0.8950914127423822,
                0.7984755452043193
            ],
            [
                0.8992152029680526,
                0.801826750230773
            ],
            [
                0.8990793159833265,
                0.7960438385458434
            ],
            [
                0.9125612110032424,
                0.7798703608553021
            ],
            [
                0.907936746787992,
                0.7670417198314194
            ]
        ],
        "c": [
            [
                0.24428999331142584,
                0.18276025289921222
            ],
            [
                0.23038950332490726,
                0.18404694933500018
            ],
            [
                0.2093972700262246,
                0.1658656846835601
            ],
            [
                0.21545921690670913,
                0.15794850118003453
            ],
            [
                0.23532157192196396,
                0.16373043129209222
            ],
            [
                0.26356128219002145,
                0.17599392251202836
            ],
            [
                0.30644603241238366,
                0.19320330649954076
            ],
            [
                0.4009678817705279,
                0.2499150860759041
            ],
            [
                0.42035717387774213,
                0.26510169213846047
            ]
        ],
        "light": [
            [
                0.02419193389873694,
                0.029634985130451968
            ],
            [
                0.014548320169184677,
                0.018857216257025418
            ],
            [
                0.010797547634018176,
                0.014578866445662867
            ],
            [
                0.008815496054438822,
                0.013008574046874805
            ],
            [
                0.008320635252972901,
                0.012678972977780036
            ],
            [
                0.00943552299934798,
                0.014700220857901241
            ],
            [
                0.01256013994220016,
                0.02281422781303573
            ],
            [
                0.03363267463802812,
                0.06166324327171222
            ],
            [
                0.05656632924880128,
                0.08973745848364575
            ]
        ]
    },
    "btag_wp": 0.2783
}