{
    "pt_bins": [
        20,
        30,
        50,
        70,
        100,
        140,
        200,
        300,
        600,
        1000
    ],
    "eta_bins": [
        0.0,
        1.5,
        2.5
    ],
    "eff_map": {
        "b": [
            [
                0.7806594357199893,
                0.6713780918727915
            ],
            [
                0.8491234961944513,
                0.7531071339796171
            ],
            [
                0.8756166877868137,
                0.7783724848845277
            ],
            [
                0.8880332375097048,
                0.7881596162232882
            ],
            [
                0.8977607760670393,
                0.8031988873435327
            ],
            [
                0.9041168684360538,
                0.8035803083043263
            ],
            [
                0.9072054192363207,
                0.8060970551638325
            ],
            [
                0.8949181013004132,
                0.7908297829174274
            ],
            [
                0.8813981948125114,
                0.7561102444097764
            ]
        ],
        "c": [
            [
                0.24335037029310524,
                0.18728935965334617
            ],
            [
                0.23041345836192217,
                0.18288498831485256
            ],
            [
                0.20889072598827596,
                0.16870263040570666
            ],
            [
                0.21957581165488366,
                0.16469321851453175
            ],
            [
                0.2396920898955937,
                0.1568315377081293
            ],
            [
                0.2669459750252682,
                0.17587712693871405
            ],
            [
                0.31390134529147984,
                0.2141701132889768
            ],
            [
                0.3644253214204699,
                0.2398485891259463
            ],
            [
                0.4140179179052372,
                0.3004267425320057
            ]
        ],
        "light": [
            [
                0.02374287454202398,
                0.029638139902488557
            ],
            [
                0.015322491832164751,
                0.018963688347816313
            ],
            [
                0.011033224107179891,
                0.015196687370600414
            ],
            [
                0.00905500627213788,
                0.01284066652325716
            ],
            [
                0.008983106165394838,
                0.012944401995595307
            ],
            [
                0.009269813090711022,
                0.015004987807581468
            ],
            [
                0.01231077908512054,
                0.02286667477541659
            ],
            [
                0.026920729328725693,
                0.045040340008644285
            ],
            [
                0.0796459148791143,
                0.12980318650421743
            ]
        ]
    },
    "btag_wp": 0.2783
}