{
    "pt_bins": [
        20,
        30,
        50,
        70,
        100,
        140,
        200,
        300,
        600,
        1000
    ],
    "eta_bins": [
        0.0,
        1.5,
        2.5
    ],
    "eff_map": {
        "b": [
            [
                0.8977960981562225,
                0.880599631805032
            ],
            [
                0.9341937450368576,
                0.9012494433821411
            ],
            [
                0.9530966965804284,
                0.911887761493173
            ],
            [
                0.9624602811332895,
                0.915669957686883
            ],
            [
                0.9671642800984701,
                0.9207572016460905
            ],
            [
                0.9703281346815551,
                0.9268662425135735
            ],
            [
                0.9723005402681854,
                0.9374314972988047
            ],
            [
                0.9711770739595362,
                0.9483591647255397
            ],
            [
                0.9680482345295689,
                0.9453458582408198
            ]
        ],
        "c": [
            [
                0.5078466238088725,
                0.5395461197184734
            ],
            [
                0.4898009654048014,
                0.48286890187957116
            ],
            [
                0.4771033528095675,
                0.4551418002466091
            ],
            [
                0.4749300588008644,
                0.44095238095238093
            ],
            [
                0.4757516087777349,
                0.4334625322997416
            ],
            [
                0.49953790272315,
                0.44548788122708166
            ],
            [
                0.5256705364291433,
                0.46780756342747726
            ],
            [
                0.5765230860008851,
                0.5597859641901626
            ],
            [
                0.6394638281095999,
                0.6977687626774848
            ]
        ],
        "light": [
            [
                0.22831319105168424,
                0.35201750137923365
            ],
            [
                0.11950372703877896,
                0.18635007630936262
            ],
            [
                0.08731359386662359,
                0.13728228163288003
            ],
            [
                0.07527062484785968,
                0.11859164368378998
            ],
            [
                0.06942067057450867,
                0.11023180025236719
            ],
            [
                0.07401989467524868,
                0.12043255478446882
            ],
            [
                0.09409113189979589,
                0.1619176152037551
            ],
            [
                0.1568547405773322,
                0.27020323251720274
            ],
            [
                0.3235772357723577,
                0.5040417209908735
            ]
        ]
    },
    "btag_wp": 0.049
}