{
    "pt_bins": [
        20,
        30,
        50,
        70,
        100,
        140,
        200,
        300,
        600,
        1000
    ],
    "eta_bins": [
        0.0,
        1.5,
        2.5
    ],
    "eff_map": {
        "b": [
            [
                0.5179976457468558,
                0.4028790087463557
            ],
            [
                0.6413798864016037,
                0.5124537742005656
            ],
            [
                0.6745944855801089,
                0.5497731657714972
            ],
            [
                0.6815652844531971,
                0.5590447865640308
            ],
            [
                0.6879498661914986,
                0.5727468839884947
            ],
            [
                0.7098386456636877,
                0.5973545946259761
            ],
            [
                0.7417129966275987,
                0.6215234810832742
            ],
            [
                0.7526639397540746,
                0.6381472977141095
            ],
            [
                0.6425531914893617,
                0.45225225225225224
            ]
        ],
        "c": [
            [
                0.04001590035775805,
                0.03347017628592128
            ],
            [
                0.04110612855007474,
                0.034800632738777065
            ],
            [
                0.040308259339922936,
                0.03126281262812628
            ],
            [
                0.04315949647254115,
                0.034011220196353435
            ],
            [
                0.049501199646420004,
                0.0344005956813105
            ],
            [
                0.05173947860129905,
                0.03570100409074005
            ],
            [
                0.06056485355648535,
                0.040160642570281124
            ],
            [
                0.06986833092320573,
                0.04755728491137051
            ],
            [
                0.06710853355426678,
                0.042735042735042736
            ]
        ],
        "light": [
            [
                0.001691790106668437,
                0.002228347192375969
            ],
            [
                0.0011882619713868567,
                0.0015364123334621663
            ],
            [
                0.0012041027598916308,
                0.0015249469792594397
            ],
            [
                0.0009299727710675138,
                0.001394678764100049
            ],
            [
                0.0008918795455039845,
                0.0015529397148802684
            ],
            [
                0.0009825880252984235,
                0.00205601675847622
            ],
            [
                0.0014815054250035017,
                0.0028768598104449428
            ],
            [
                0.002700049091801669,
                0.005410777385159011
            ],
            [
                0.007495999326202308,
                0.008119079837618403
            ]
        ]
    },
    "btag_wp": 0.71
}