{
    "pt_bins": [
        20,
        30,
        50,
        70,
        100,
        140,
        200,
        300,
        600,
        1000
    ],
    "eta_bins": [
        0.0,
        1.5,
        2.5
    ],
    "eff_map": {
        "b": [
            [
                0.9553252573349206,
                0.8683754762729476
            ],
            [
                0.9766523116346941,
                0.895067264573991
            ],
            [
                0.9806504509428806,
                0.9000624609618988
            ],
            [
                0.9823823823823824,
                0.8982898289828983
            ],
            [
                0.9814460138855639,
                0.9304511278195489
            ],
            [
                0.9828944406932253,
                0.9469387755102041
            ],
            [
                0.9860813704496788,
                0.9038461538461539
            ],
            [
                0.9781879194630873,
                0.9230769230769231
            ],
            [
                0.9310344827586207,
                1.0
            ]
        ],
        "c": [
            [
                0.6744090722776336,
                0.5435344827586207
            ],
            [
                0.6991341991341992,
                0.503199268738574
            ],
            [
                0.6860083532219571,
                0.48476454293628807
            ],
            [
                0.6662563741867417,
                0.44414535666218036
            ],
            [
                0.6738623103850642,
                0.5053475935828877
            ],
            [
                0.6611825192802057,
                0.45121951219512196
            ],
            [
                0.7027334851936219,
                0.5263157894736842
            ],
            [
                0.6956521739130435,
                0.43478260869565216
            ],
            [
                0.76,
                1.0
            ]
        ],
        "light": [
            [
                0.6367500057981771,
                0.43276815104651883
            ],
            [
                0.47383528372709205,
                0.30182575799111794
            ],
            [
                0.30375583615078544,
                0.22784076269002834
            ],
            [
                0.2168524336187976,
                0.1737977165263522
            ],
            [
                0.1686427181029906,
                0.14363207547169812
            ],
            [
                0.14403223098875273,
                0.1325526932084309
            ],
            [
                0.1512993948024208,
                0.16521739130434782
            ],
            [
                0.20932277924362358,
                0.28771929824561404
            ],
            [
                0.43103448275862066,
                0.5294117647058824
            ]
        ]
    },
    "btag_wp": 0.049
}