{
    "pt_bins": [
        20,
        30,
        50,
        70,
        100,
        140,
        200,
        300,
        600,
        1000
    ],
    "eta_bins": [
        0.0,
        1.5,
        2.5
    ],
    "eff_map": {
        "b": [
            [
                0.6457000710732054,
                0.43119266055045874
            ],
            [
                0.7609242376611128,
                0.5850467289719626
            ],
            [
                0.8257968865826538,
                0.6758241758241759
            ],
            [
                0.833592534992224,
                0.5714285714285714
            ],
            [
                0.9375,
                0.0
            ],
            [
                0.0,
                0.0
            ],
            [
                0.0,
                0.0
            ],
            [
                0.0,
                0.0
            ],
            [
                0.0,
                0.0
            ]
        ],
        "c": [
            [
                0.027285129604365622,
                0.03205128205128205
            ],
            [
                0.04220314735336195,
                0.02185792349726776
            ],
            [
                0.027181688125894134,
                0.029411764705882353
            ],
            [
                0.023923444976076555,
                0.0
            ],
            [
                0.0,
                0.0
            ],
            [
                0.0,
                0.0
            ],
            [
                0.0,
                0.0
            ],
            [
                0.0,
                0.0
            ],
            [
                0.0,
                0.0
            ]
        ],
        "light": [
            [
                0.005804028678729942,
                0.001483679525222552
            ],
            [
                0.0033112582781456954,
                0.001026694045174538
            ],
            [
                0.004476275738585497,
                0.0
            ],
            [
                0.017241379310344827,
                0.0
            ],
            [
                0.0,
                0.0
            ],
            [
                0.0,
                0.0
            ],
            [
                0.0,
                0.0
            ],
            [
                0.0,
                0.0
            ],
            [
                0.0,
                0.0
            ]
        ]
    },
    "btag_wp": 0.71
}