{
    "pt_bins": [
        20,
        30,
        50,
        70,
        100,
        140,
        200,
        300,
        600,
        1000
    ],
    "eta_bins": [
        0.0,
        1.5,
        2.5
    ],
    "eff_map": {
        "b": [
            [
                0.5524909392468825,
                0.435838445807771
            ],
            [
                0.6665656994002545,
                0.5396663261831801
            ],
            [
                0.7166144200626959,
                0.5871603750901659
            ],
            [
                0.7373959392257604,
                0.6054916686223891
            ],
            [
                0.7487877407774534,
                0.6253818383782282
            ],
            [
                0.748364180220602,
                0.6422814631122132
            ],
            [
                0.7484859154929577,
                0.6194389345423633
            ],
            [
                0.7764496033225068,
                0.6161383285302594
            ],
            [
                0.777367617107943,
                0.5650224215246636
            ]
        ],
        "c": [
            [
                0.04465678627145086,
                0.034903518728717366
            ],
            [
                0.038920709405838104,
                0.03239162201656113
            ],
            [
                0.032429649965682913,
                0.026074182886522218
            ],
            [
                0.03213271558810342,
                0.025489471739933506
            ],
            [
                0.036337314513210275,
                0.03805938937682978
            ],
            [
                0.04721423766130512,
                0.03354564755838641
            ],
            [
                0.05742843365043181,
                0.04632050803137841
            ],
            [
                0.08875638841567292,
                0.06131929389903995
            ],
            [
                0.10866997401370186,
                0.06467661691542288
            ]
        ],
        "light": [
            [
                0.0027816283153128175,
                0.0023752969121140144
            ],
            [
                0.002085537873573256,
                0.0015156025873501312
            ],
            [
                0.0021206828955340914,
                0.001965795164143896
            ],
            [
                0.0011714102681431317,
                0.001548467017652524
            ],
            [
                0.0012671421856158924,
                0.0020059570846757036
            ],
            [
                0.0011966195497718944,
                0.0018829067372756693
            ],
            [
                0.0019411238967713105,
                0.0031817962686207396
            ],
            [
                0.003513128583427674,
                0.005126290059750136
            ],
            [
                0.008631713554987212,
                0.009443339960238568
            ]
        ]
    },
    "btag_wp": 0.71
}