{
    "pt_bins": [
        20,
        30,
        50,
        70,
        100,
        140,
        200,
        300,
        600,
        1000
    ],
    "eta_bins": [
        0.0,
        1.5,
        2.5
    ],
    "eff_map": {
        "b": [
            [
                0.8126608397282823,
                0.6662833076860776
            ],
            [
                0.8801638448706384,
                0.7570043103448276
            ],
            [
                0.9037098322402375,
                0.787895866299612
            ],
            [
                0.9218807794478631,
                0.7919760415374528
            ],
            [
                0.9358536236423183,
                0.8042404395848366
            ],
            [
                0.9387883574844984,
                0.8249605399227127
            ],
            [
                0.9376380503607716,
                0.8298412698412698
            ],
            [
                0.9379432624113475,
                0.8157894736842105
            ],
            [
                0.0,
                0.0
            ]
        ],
        "c": [
            [
                0.27904671547317295,
                0.18405780166705615
            ],
            [
                0.25527127432252217,
                0.18297300093100238
            ],
            [
                0.23335579696471412,
                0.1646158618550305
            ],
            [
                0.25497370043312223,
                0.16248334665600853
            ],
            [
                0.2776429664439632,
                0.16525593783063958
            ],
            [
                0.297141917988331,
                0.17197873076802064
            ],
            [
                0.35125746838960675,
                0.18893488897252542
            ],
            [
                0.3504823151125402,
                0.3181818181818182
            ],
            [
                0.0,
                0.0
            ]
        ],
        "light": [
            [
                0.026189109088905514,
                0.03029656825952213
            ],
            [
                0.013633395297584339,
                0.01845468601500773
            ],
            [
                0.01096369748246118,
                0.015565695129900364
            ],
            [
                0.01003489321685763,
                0.013714515152786351
            ],
            [
                0.00871955313355213,
                0.01245422469203171
            ],
            [
                0.008111508453842516,
                0.012028413205163159
            ],
            [
                0.01008691919733877,
                0.013918385922330098
            ],
            [
                0.01405152224824356,
                0.01639344262295082
            ],
            [
                0.0,
                0.0
            ]
        ]
    },
    "btag_wp": 0.2783
}