{
    "pt_bins": [
        20,
        30,
        50,
        70,
        100,
        140,
        200,
        300,
        600,
        1000
    ],
    "eta_bins": [
        0.0,
        1.5,
        2.5
    ],
    "eff_map": {
        "b": [
            [
                0.5996971380769489,
                0.4359754649782351
            ],
            [
                0.7081167331890126,
                0.5403541668318441
            ],
            [
                0.7502326147665102,
                0.5911110583655741
            ],
            [
                0.7692465828771667,
                0.61588774887529
            ],
            [
                0.7766854278446337,
                0.6312228595725248
            ],
            [
                0.7746043175903441,
                0.6405959564185422
            ],
            [
                0.7578365287588295,
                0.6233109364540202
            ],
            [
                0.7073412952664087,
                0.5712142428485697
            ],
            [
                0.587957904422336,
                0.4516423357664234
            ]
        ],
        "c": [
            [
                0.0387197135337002,
                0.034968370620489575
            ],
            [
                0.029225750475351604,
                0.02941104561966835
            ],
            [
                0.025664592689187547,
                0.02515246890637962
            ],
            [
                0.026554483187822636,
                0.024977293369663943
            ],
            [
                0.02934637642468188,
                0.027571930439707897
            ],
            [
                0.03316683069760335,
                0.0323279239745252
            ],
            [
                0.0425942285041225,
                0.03999107251552165
            ],
            [
                0.05721511215711498,
                0.05120135568601344
            ],
            [
                0.06192617575416901,
                0.03221288515406162
            ]
        ],
        "light": [
            [
                0.001858796325010469,
                0.0019512089398615446
            ],
            [
                0.0009232366977403026,
                0.0012543089327432457
            ],
            [
                0.0009260343341737492,
                0.0013159059089745493
            ],
            [
                0.000930572070232859,
                0.001376797628176476
            ],
            [
                0.0010076461456420536,
                0.001540232494041732
            ],
            [
                0.0011634663404424981,
                0.002035138818872645
            ],
            [
                0.0016432831338224567,
                0.002948141175096964
            ],
            [
                0.00282915326574942,
                0.005758523047081338
            ],
            [
                0.007026163861933423,
                0.010603238286287434
            ]
        ]
    },
    "btag_wp": 0.71
}