{
    "pt_bins": [
        20,
        30,
        50,
        70,
        100,
        140,
        200,
        300,
        600,
        1000
    ],
    "eta_bins": [
        0.0,
        1.5,
        2.5
    ],
    "eff_map": {
        "b": [
            [
                0.9409145152370696,
                0.8944010416666667
            ],
            [
                0.9634178365821634,
                0.9101462735082424
            ],
            [
                0.972833147735709,
                0.92402057776019
            ],
            [
                0.976509006636469,
                0.9249153976311336
            ],
            [
                0.9777555869288248,
                0.9204093234792495
            ],
            [
                0.977385763133354,
                0.9039039039039038
            ],
            [
                0.9778184778184779,
                0.9240506329113924
            ],
            [
                0.9768403639371381,
                0.9473684210526315
            ],
            [
                0.9666666666666667,
                0.0
            ]
        ],
        "c": [
            [
                0.5070126227208976,
                0.5368007850834151
            ],
            [
                0.4798567591763653,
                0.4493564633463906
            ],
            [
                0.4851411589895988,
                0.44208289054197664
            ],
            [
                0.49435854575846216,
                0.4596774193548387
            ],
            [
                0.5029550827423168,
                0.4207547169811321
            ],
            [
                0.5204460966542751,
                0.4495114006514658
            ],
            [
                0.4966442953020134,
                0.4421768707482993
            ],
            [
                0.5983263598326359,
                0.5714285714285714
            ],
            [
                0.8181818181818182,
                1.0
            ]
        ],
        "light": [
            [
                0.22909252669039146,
                0.3450796780023
            ],
            [
                0.11438466000204715,
                0.17596613912403386
            ],
            [
                0.08004985804307181,
                0.12574272133095662
            ],
            [
                0.0702826916406521,
                0.11222091656874265
            ],
            [
                0.06010246978455071,
                0.10755500846284044
            ],
            [
                0.06696026423781404,
                0.11042029345933847
            ],
            [
                0.08298988385162982,
                0.14879759519038077
            ],
            [
                0.14293006636038796,
                0.23809523809523808
            ],
            [
                0.32989690721649484,
                0.5
            ]
        ]
    },
    "btag_wp": 0.049
}