{
    "pt_bins": [
        20,
        30,
        50,
        70,
        100,
        140,
        200,
        300,
        600,
        1000
    ],
    "eta_bins": [
        0.0,
        1.5,
        2.5
    ],
    "eff_map": {
        "b": [
            [
                0.8706909197594249,
                0.6430903155603918
            ],
            [
                0.9200447510721611,
                0.7507846829880728
            ],
            [
                0.9289520426287744,
                0.7618110236220472
            ],
            [
                0.933917309039944,
                0.782608695652174
            ],
            [
                0.931155338590562,
                0.8073929961089494
            ],
            [
                0.9285545861825041,
                0.8242677824267782
            ],
            [
                0.9407821229050279,
                0.73
            ],
            [
                0.9094138543516874,
                0.6538461538461539
            ],
            [
                0.9629629629629629,
                1.0
            ]
        ],
        "c": [
            [
                0.3894526225525225,
                0.18012704174228675
            ],
            [
                0.30783655744176863,
                0.17025346724055476
            ],
            [
                0.23322932917316694,
                0.15972894482090996
            ],
            [
                0.21439114391143912,
                0.1471004243281471
            ],
            [
                0.23984112435074856,
                0.14772727272727273
            ],
            [
                0.2395048439181916,
                0.14556962025316456
            ],
            [
                0.26872770511296074,
                0.3013698630136986
            ],
            [
                0.3524904214559387,
                0.17391304347826086
            ],
            [
                0.36,
                0.0
            ]
        ],
        "light": [
            [
                0.4355634209678106,
                0.08797501301405518
            ],
            [
                0.2716844219278164,
                0.06531926515826697
            ],
            [
                0.10923336547733847,
                0.03446174678402167
            ],
            [
                0.06636868481647026,
                0.02692586331803912
            ],
            [
                0.04706426259824318,
                0.021841648051625712
            ],
            [
                0.03410689170182841,
                0.019980506822612085
            ],
            [
                0.045827123695976156,
                0.031070195627157654
            ],
            [
                0.046831955922865015,
                0.05555555555555555
            ],
            [
                0.10714285714285714,
                0.0625
            ]
        ]
    },
    "btag_wp": 0.2783
}