{
    "pt_bins": [
        20,
        30,
        50,
        70,
        100,
        140,
        200,
        300,
        600,
        1000
    ],
    "eta_bins": [
        0.0,
        1.5,
        2.5
    ],
    "eff_map": {
        "b": [
            [
                0.785488763348105,
                0.667167187757117
            ],
            [
                0.8538770497244905,
                0.7512298078840657
            ],
            [
                0.8774182623205405,
                0.7855612507797033
            ],
            [
                0.8886326570891375,
                0.7903095073699379
            ],
            [
                0.8955458835692964,
                0.795942403404126
            ],
            [
                0.8961883583759116,
                0.7957728327175875
            ],
            [
                0.9030405848360905,
                0.7943640223895001
            ],
            [
                0.9226937966113857,
                0.7863588617265088
            ],
            [
                0.9068293106558089,
                0.7740940632228219
            ]
        ],
        "c": [
            [
                0.2480957499006986,
                0.18264825345247765
            ],
            [
                0.23132710944789758,
                0.1851939812380193
            ],
            [
                0.21068302741049413,
                0.1636592788417202
            ],
            [
                0.21233948054455923,
                0.1590545825539874
            ],
            [
                0.23309948364445415,
                0.1605424878152151
            ],
            [
                0.26331677971356615,
                0.1748868351565447
            ],
            [
                0.31459912384396077,
                0.20472339879347964
            ],
            [
                0.4038529411950406,
                0.23954034541746802
            ],
            [
                0.4048782279689968,
                0.25356350966107066
            ]
        ],
        "light": [
            [
                0.024799710615818954,
                0.029400110261181174
            ],
            [
                0.014537091121495328,
                0.018539243639987504
            ],
            [
                0.010760776612928768,
                0.015197883845695308
            ],
            [
                0.008887275789547554,
                0.012980662369415426
            ],
            [
                0.008335523089967845,
                0.012875481984060137
            ],
            [
                0.009358492738604143,
                0.015368208844024367
            ],
            [
                0.013238393946377214,
                0.024142840761409677
            ],
            [
                0.030134854030484104,
                0.0558423796427252
            ],
            [
                0.046814047005124745,
                0.06954704295129827
            ]
        ]
    },
    "btag_wp": 0.2783
}