{
    "pt_bins": [
        20,
        30,
        50,
        70,
        100,
        140,
        200,
        300,
        600,
        1000
    ],
    "eta_bins": [
        0.0,
        1.5,
        2.5
    ],
    "eff_map": {
        "b": [
            [
                0.577894583150825,
                0.42169044331952754
            ],
            [
                0.698257158100658,
                0.54939177852349
            ],
            [
                0.7408875864314581,
                0.6009368389241463
            ],
            [
                0.7549198411531107,
                0.6195016917871424
            ],
            [
                0.7681360979995505,
                0.6307308651448302
            ],
            [
                0.7875556249512062,
                0.624275934702475
            ],
            [
                0.8015548069448043,
                0.6435361216730038
            ],
            [
                0.757396449704142,
                1.0
            ],
            [
                0.0,
                0.0
            ]
        ],
        "c": [
            [
                0.040423089537553296,
                0.03326996197718631
            ],
            [
                0.034562686720923046,
                0.027572815533980582
            ],
            [
                0.028574917572353156,
                0.02857142857142857
            ],
            [
                0.033567229281244074,
                0.032979638657872096
            ],
            [
                0.03744176196526895,
                0.031142946122703206
            ],
            [
                0.04637389202256245,
                0.035179380006966215
            ],
            [
                0.05418019480519481,
                0.037815126050420166
            ],
            [
                0.03076923076923077,
                0.06666666666666667
            ],
            [
                0.0,
                0.0
            ]
        ],
        "light": [
            [
                0.002541109061653781,
                0.002084537274003137
            ],
            [
                0.0013238299990468423,
                0.0016422889402104182
            ],
            [
                0.0018592297476759628,
                0.0015949669930441718
            ],
            [
                0.0012404036340474035,
                0.001543482095607691
            ],
            [
                0.0011905360765967436,
                0.0017959935528436566
            ],
            [
                0.0011661727582043683,
                0.0022497187851518562
            ],
            [
                0.0014359927355661612,
                0.00289152860268834
            ],
            [
                0.002338269680436477,
                0.0
            ],
            [
                0.0,
                0.0
            ]
        ]
    },
    "btag_wp": 0.71
}