{
    "pt_bins": [
        20,
        30,
        50,
        70,
        100,
        140,
        200,
        300,
        600,
        1000
    ],
    "eta_bins": [
        0.0,
        1.5,
        2.5
    ],
    "eff_map": {
        "b": [
            [
                0.6152480770856226,
                0.44755364806866954
            ],
            [
                0.7232746120383796,
                0.5555130534570144
            ],
            [
                0.770076969644556,
                0.606335514574658
            ],
            [
                0.7870404572583938,
                0.6429445350734094
            ],
            [
                0.791125176755774,
                0.6389748121961998
            ],
            [
                0.7893018583626319,
                0.6760416666666667
            ],
            [
                0.7702645352949498,
                0.6740947075208914
            ],
            [
                0.739938080495356,
                0.5222222222222223
            ],
            [
                0.8639705882352942,
                1.0
            ]
        ],
        "c": [
            [
                0.048709560159941837,
                0.029874213836477988
            ],
            [
                0.03769230769230769,
                0.02001906577693041
            ],
            [
                0.03935347856640899,
                0.022321428571428572
            ],
            [
                0.020783373301358914,
                0.022792022792022793
            ],
            [
                0.02714440825190011,
                0.029787234042553193
            ],
            [
                0.04,
                0.03597122302158273
            ],
            [
                0.06149732620320856,
                0.05555555555555555
            ],
            [
                0.06140350877192982,
                0.03225806451612903
            ],
            [
                0.05,
                0.0
            ]
        ],
        "light": [
            [
                0.010121808070506283,
                0.0032706112220192837
            ],
            [
                0.006067112753420553,
                0.003126455132042839
            ],
            [
                0.004393673110720563,
                0.002244500972617088
            ],
            [
                0.002173913043478261,
                0.003029647262497295
            ],
            [
                0.0031819850691469833,
                0.0025974025974025974
            ],
            [
                0.0007552870090634441,
                0.006060606060606061
            ],
            [
                0.0021452650934722646,
                0.006734006734006734
            ],
            [
                0.003771551724137931,
                0.0029154518950437317
            ],
            [
                0.01809954751131222,
                0.0
            ]
        ]
    },
    "btag_wp": 0.71
}