{
    "pt_bins": [
        20,
        30,
        50,
        70,
        100,
        140,
        200,
        300,
        600,
        1000
    ],
    "eta_bins": [
        0.0,
        1.5,
        2.5
    ],
    "eff_map": {
        "b": [
            [
                0.6159355858525983,
                0.4478700708829399
            ],
            [
                0.7256003999793114,
                0.5622899570144587
            ],
            [
                0.7650505891555017,
                0.604762188935967
            ],
            [
                0.7813010995207217,
                0.6307286795340532
            ],
            [
                0.7884332980041118,
                0.6394086826347305
            ],
            [
                0.7853269211091783,
                0.63881636205396
            ],
            [
                0.7703240825828586,
                0.6475195822454308
            ],
            [
                0.7489547700494109,
                0.6566265060240963
            ],
            [
                0.7917414721723519,
                0.5454545454545454
            ]
        ],
        "c": [
            [
                0.03854494578523959,
                0.03641520136131594
            ],
            [
                0.02987571195663681,
                0.029710644161212538
            ],
            [
                0.024975644318483748,
                0.021439509954058193
            ],
            [
                0.02530477759472817,
                0.026638989794153262
            ],
            [
                0.0272839572479725,
                0.028460155781905333
            ],
            [
                0.030123273704699232,
                0.02618099032441662
            ],
            [
                0.041742654508611955,
                0.05
            ],
            [
                0.0447427293064877,
                0.06281407035175879
            ],
            [
                0.062146892655367235,
                0.029411764705882353
            ]
        ],
        "light": [
            [
                0.002300557489592716,
                0.002105904846352074
            ],
            [
                0.0012717302531793256,
                0.0015698322136322204
            ],
            [
                0.0013005766527364707,
                0.001691615333056717
            ],
            [
                0.0013207653665970537,
                0.0015070669219176408
            ],
            [
                0.0012164787479347096,
                0.001998001998001998
            ],
            [
                0.001370118951236221,
                0.0013360053440213762
            ],
            [
                0.0017870143623006155,
                0.003618421052631579
            ],
            [
                0.004101161995898838,
                0.008356545961002786
            ],
            [
                0.008883248730964468,
                0.03508771929824561
            ]
        ]
    },
    "btag_wp": 0.71
}