{
    "pt_bins": [
        20,
        30,
        50,
        70,
        100,
        140,
        200,
        300,
        600,
        1000
    ],
    "eta_bins": [
        0.0,
        1.5,
        2.5
    ],
    "eff_map": {
        "b": [
            [
                0.8359024561300975,
                0.678539626001781
            ],
            [
                0.8893406525392662,
                0.7520692359074144
            ],
            [
                0.9040079013934698,
                0.7774867395717373
            ],
            [
                0.9071673327061341,
                0.7845541929068611
            ],
            [
                0.9074515120046265,
                0.7964685401641383
            ],
            [
                0.9055692149351021,
                0.8058228472736245
            ],
            [
                0.9043793995238666,
                0.7995354654279078
            ],
            [
                0.887166572077185,
                0.803072625698324
            ],
            [
                0.8280613842781084,
                0.7054263565891473
            ]
        ],
        "c": [
            [
                0.2388336711519207,
                0.19776837245094267
            ],
            [
                0.19749054190141804,
                0.18136690009750908
            ],
            [
                0.16584099154680565,
                0.1521978779109825
            ],
            [
                0.1584727224517754,
                0.14560487380330722
            ],
            [
                0.1619405116487821,
                0.14030399198262902
            ],
            [
                0.16464358452138492,
                0.14643347050754457
            ],
            [
                0.1877610314145633,
                0.16056338028169015
            ],
            [
                0.24377899620413326,
                0.23255813953488372
            ],
            [
                0.32,
                0.3125
            ]
        ],
        "light": [
            [
                0.021455784379106113,
                0.02935216160576428
            ],
            [
                0.01086162216105719,
                0.016648989481263806
            ],
            [
                0.008827170781648056,
                0.014043346082181035
            ],
            [
                0.008387753371215334,
                0.011450045506591115
            ],
            [
                0.00765545255702531,
                0.012753234073712472
            ],
            [
                0.00921183667662541,
                0.014907332796132152
            ],
            [
                0.0108525921299188,
                0.01797219396405561
            ],
            [
                0.021181532351481052,
                0.0334075723830735
            ],
            [
                0.06349206349206349,
                0.07692307692307693
            ]
        ]
    },
    "btag_wp": 0.2783
}