{
    "pt_bins": [
        20,
        30,
        50,
        70,
        100,
        140,
        200,
        300,
        600,
        1000
    ],
    "eta_bins": [
        0.0,
        1.5,
        2.5
    ],
    "eff_map": {
        "b": [
            [
                0.8212915977129591,
                0.6849876573309359
            ],
            [
                0.878196422434334,
                0.7526059551607832
            ],
            [
                0.8965531360332052,
                0.7829906388118704
            ],
            [
                0.9045802076135953,
                0.7930357176910315
            ],
            [
                0.906784375666513,
                0.8010914879102554
            ],
            [
                0.9051046202381259,
                0.807605421686747
            ],
            [
                0.8983176087176336,
                0.802667937112911
            ],
            [
                0.8806893831056758,
                0.7805350911205894
            ],
            [
                0.8293650793650794,
                0.7310344827586207
            ]
        ],
        "c": [
            [
                0.24370327510164042,
                0.20257580132832803
            ],
            [
                0.20159780732920515,
                0.18700035841735363
            ],
            [
                0.16960042835151595,
                0.15796772870890716
            ],
            [
                0.16269222747878775,
                0.14695544373951724
            ],
            [
                0.16335564480142795,
                0.1467554511032772
            ],
            [
                0.1748098949978757,
                0.15822993301855715
            ],
            [
                0.2066833371220732,
                0.17877525836803948
            ],
            [
                0.26364399664147775,
                0.2177570093457944
            ],
            [
                0.28040786598689005,
                0.22105263157894736
            ]
        ],
        "light": [
            [
                0.020563763797505356,
                0.028941745965421276
            ],
            [
                0.010659440025968928,
                0.016879492656346095
            ],
            [
                0.008149705642297807,
                0.013673649882836363
            ],
            [
                0.007604459415535212,
                0.012145013913283733
            ],
            [
                0.007796097068732606,
                0.012201388888888888
            ],
            [
                0.008361803865027042,
                0.01573970061913843
            ],
            [
                0.01162637507410579,
                0.020649880433253623
            ],
            [
                0.022608048856874414,
                0.04251214157408023
            ],
            [
                0.0560377358490566,
                0.09253065774804906
            ]
        ]
    },
    "btag_wp": 0.2783
}