{
    "pt_bins": [
        20,
        30,
        50,
        70,
        100,
        140,
        200,
        300,
        600,
        1000
    ],
    "eta_bins": [
        0.0,
        1.5,
        2.5
    ],
    "eff_map": {
        "b": [
            [
                0.7993502701124252,
                0.6709618039576623
            ],
            [
                0.8680775386804197,
                0.759123322147651
            ],
            [
                0.8910341128924132,
                0.7881535207011182
            ],
            [
                0.8994852184144727,
                0.7946785604429406
            ],
            [
                0.9079989885367499,
                0.8127757529253788
            ],
            [
                0.918541650402061,
                0.7919957872564508
            ],
            [
                0.9180098471106505,
                0.7918250950570342
            ],
            [
                0.9171597633136095,
                1.0
            ],
            [
                0.0,
                0.0
            ]
        ],
        "c": [
            [
                0.2545916693998032,
                0.1829847908745247
            ],
            [
                0.2261769856804368,
                0.1749514563106796
            ],
            [
                0.18903407009402856,
                0.16071428571428573
            ],
            [
                0.19225298691446993,
                0.14769142529394896
            ],
            [
                0.19932232105040237,
                0.15104328869511055
            ],
            [
                0.22522159548751008,
                0.1619644723092999
            ],
            [
                0.2346793831168831,
                0.16638655462184873
            ],
            [
                0.2153846153846154,
                0.2
            ],
            [
                0.0,
                0.0
            ]
        ],
        "light": [
            [
                0.022987716337663357,
                0.02802773879303228
            ],
            [
                0.01197801383137583,
                0.0180651783423146
            ],
            [
                0.011367861885790172,
                0.01541801426609366
            ],
            [
                0.008247007945288142,
                0.012832951137766802
            ],
            [
                0.008384056877441856,
                0.013631130554915957
            ],
            [
                0.008876632641861486,
                0.014666435926278447
            ],
            [
                0.010136419309878785,
                0.017192872772741483
            ],
            [
                0.01636788776305534,
                0.020833333333333332
            ],
            [
                0.0,
                0.0
            ]
        ]
    },
    "btag_wp": 0.2783
}