{
    "pt_bins": [
        20,
        30,
        50,
        70,
        100,
        140,
        200,
        300,
        600,
        1000
    ],
    "eta_bins": [
        0.0,
        1.5,
        2.5
    ],
    "eff_map": {
        "b": [
            [
                0.6268725269843421,
                0.43666968959317776
            ],
            [
                0.7466659867894629,
                0.5531704582337493
            ],
            [
                0.7734868274555907,
                0.6070252469813392
            ],
            [
                0.7822962236669521,
                0.6265152016957012
            ],
            [
                0.7832578979290615,
                0.6418360716606331
            ],
            [
                0.786433738993887,
                0.6475543711854208
            ],
            [
                0.7895882657087654,
                0.6803234501347709
            ],
            [
                0.8405746408494691,
                0.7221783741120757
            ],
            [
                0.8357976653696498,
                0.5818181818181818
            ]
        ],
        "c": [
            [
                0.04215995790581426,
                0.033627457791982215
            ],
            [
                0.038055410350235234,
                0.027773158157325794
            ],
            [
                0.03682288496652465,
                0.028782762502009968
            ],
            [
                0.038594884542421666,
                0.029070872126163785
            ],
            [
                0.04037542057729768,
                0.03581580443433769
            ],
            [
                0.052260849806862075,
                0.03645401822700911
            ],
            [
                0.057518196342978875,
                0.04384133611691023
            ],
            [
                0.0625350532809871,
                0.05467625899280575
            ],
            [
                0.058823529411764705,
                0.02631578947368421
            ]
        ],
        "light": [
            [
                0.0025399481699881626,
                0.0024779952588645624
            ],
            [
                0.002057982107063241,
                0.0017735002011731572
            ],
            [
                0.0014939179993194965,
                0.0016240891932227197
            ],
            [
                0.0011797040699790414,
                0.0015417616302453412
            ],
            [
                0.0009641221578482222,
                0.0016421676613129332
            ],
            [
                0.0009280225695088905,
                0.0018776359119533192
            ],
            [
                0.001014509398568202,
                0.0030035849239414786
            ],
            [
                0.002469984992496248,
                0.005229011329524547
            ],
            [
                0.006283228612856452,
                0.011730205278592375
            ]
        ]
    },
    "btag_wp": 0.71
}