{
    "pt_bins": [
        20,
        30,
        50,
        70,
        100,
        140,
        200,
        300,
        600,
        1000
    ],
    "eta_bins": [
        0.0,
        1.5,
        2.5
    ],
    "eff_map": {
        "b": [
            [
                0.602142339801014,
                0.4302534750613246
            ],
            [
                0.7209217927780802,
                0.5563916846957012
            ],
            [
                0.7608298415298825,
                0.6092449464922711
            ],
            [
                0.7833692436913413,
                0.6460196292257361
            ],
            [
                0.7895283539455319,
                0.6426618049225159
            ],
            [
                0.7822087822087822,
                0.670514165792235
            ],
            [
                0.7692417944675362,
                0.6181229773462783
            ],
            [
                0.7566371681415929,
                0.6103896103896104
            ],
            [
                0.7914893617021277,
                1.0
            ]
        ],
        "c": [
            [
                0.03983148219073152,
                0.035833333333333335
            ],
            [
                0.03513394817742644,
                0.023310023310023312
            ],
            [
                0.03739061256961018,
                0.017811704834605598
            ],
            [
                0.040877367896311065,
                0.029508196721311476
            ],
            [
                0.02830188679245283,
                0.014218009478672985
            ],
            [
                0.03790613718411552,
                0.02702702702702703
            ],
            [
                0.07853403141361257,
                0.07042253521126761
            ],
            [
                0.04950495049504951,
                0.0
            ],
            [
                0.0,
                0.0
            ]
        ],
        "light": [
            [
                0.0024167325775551456,
                0.0021519543258673693
            ],
            [
                0.0022465325258839617,
                0.002383332051972015
            ],
            [
                0.0034114829062930974,
                0.0022058823529411764
            ],
            [
                0.0022656471254602095,
                0.0005250721974271463
            ],
            [
                0.0019385624813599762,
                0.003849443969204448
            ],
            [
                0.0021150592216582064,
                0.003538570417551309
            ],
            [
                0.0009490667510281556,
                0.0037220843672456576
            ],
            [
                0.0032414910858995136,
                0.0
            ],
            [
                0.01818181818181818,
                0.0
            ]
        ]
    },
    "btag_wp": 0.71
}