{
    "pt_bins": [
        20,
        30,
        50,
        70,
        100,
        140,
        200,
        300,
        600,
        1000
    ],
    "eta_bins": [
        0.0,
        1.5,
        2.5
    ],
    "eff_map": {
        "b": [
            [
                0.6538560619222498,
                0.4250710515631344
            ],
            [
                0.7855567592664242,
                0.5653756429354394
            ],
            [
                0.8265427453542898,
                0.6332823136101825
            ],
            [
                0.8480641785838856,
                0.6650079713995846
            ],
            [
                0.8523826479140704,
                0.6978922716627635
            ],
            [
                0.8058727569331158,
                0.6794871794871795
            ],
            [
                0.35714285714285715,
                0.0
            ],
            [
                1.0,
                0.0
            ],
            [
                0.0,
                0.0
            ]
        ],
        "c": [
            [
                0.05409344479252173,
                0.03194050775654506
            ],
            [
                0.04260329142915965,
                0.030656860515075695
            ],
            [
                0.04226357272545995,
                0.027508203588633665
            ],
            [
                0.051403584117440365,
                0.02796725784447476
            ],
            [
                0.06906531605604158,
                0.030428769017980636
            ],
            [
                0.10689655172413794,
                0.03773584905660377
            ],
            [
                0.16666666666666666,
                0.0
            ],
            [
                0.0,
                0.0
            ],
            [
                0.0,
                0.0
            ]
        ],
        "light": [
            [
                0.0028073568131281013,
                0.002080272640340513
            ],
            [
                0.001464546663579632,
                0.0012537314941901173
            ],
            [
                0.001368370560697274,
                0.0011753558615900936
            ],
            [
                0.0014496726813544678,
                0.0010655172966304016
            ],
            [
                0.003262997607135088,
                0.002168062200956938
            ],
            [
                0.014394580863674851,
                0.0018975332068311196
            ],
            [
                0.1,
                0.0
            ],
            [
                0.0,
                0.0
            ],
            [
                0.0,
                0.0
            ]
        ]
    },
    "btag_wp": 0.71
}