{
    "pt_bins": [
        20,
        30,
        50,
        70,
        100,
        140,
        200,
        300,
        600,
        1000
    ],
    "eta_bins": [
        0.0,
        1.5,
        2.5
    ],
    "eff_map": {
        "b": [
            [
                0.6133948571463449,
                0.42112275449101794
            ],
            [
                0.7350694372509616,
                0.5512672166025904
            ],
            [
                0.7845608764167398,
                0.6055326422757853
            ],
            [
                0.8255348429390326,
                0.6345565166584105
            ],
            [
                0.8446420097912511,
                0.670262864971316
            ],
            [
                0.8454899435859701,
                0.6983372921615202
            ],
            [
                0.8313921242373822,
                0.711340206185567
            ],
            [
                0.625,
                0.0
            ],
            [
                0.0,
                0.0
            ]
        ],
        "c": [
            [
                0.051455369360572656,
                0.03380775743891622
            ],
            [
                0.04137050069355736,
                0.032493167324628
            ],
            [
                0.044335757074282084,
                0.031789019772822884
            ],
            [
                0.05216653990458272,
                0.03110786680891684
            ],
            [
                0.06236398479877871,
                0.03411022551278661
            ],
            [
                0.07855788636780625,
                0.036274208422994156
            ],
            [
                0.08545269582909461,
                0.06521739130434782
            ],
            [
                0.0,
                0.0
            ],
            [
                0.0,
                0.0
            ]
        ],
        "light": [
            [
                0.0033237202892989906,
                0.0021283888203737764
            ],
            [
                0.0015170409716626413,
                0.0014517826175180376
            ],
            [
                0.0014669850994821247,
                0.0016031604363506138
            ],
            [
                0.001023471615720524,
                0.0011525513030609439
            ],
            [
                0.0008777606688833843,
                0.0010442630323264199
            ],
            [
                0.0013945250944790751,
                0.0011864350921135024
            ],
            [
                0.00405222872579919,
                0.004796163069544364
            ],
            [
                0.0,
                0.0
            ],
            [
                0.0,
                0.0
            ]
        ]
    },
    "btag_wp": 0.71
}