{
    "pt_bins": [
        20,
        30,
        50,
        70,
        100,
        140,
        200,
        300,
        600,
        1000
    ],
    "eta_bins": [
        0.0,
        1.5,
        2.5
    ],
    "eff_map": {
        "b": [
            [
                0.7402472527472528,
                0.5231607629427792
            ],
            [
                0.7428652161627578,
                0.5923566878980892
            ],
            [
                0.5306122448979592,
                0.2857142857142857
            ],
            [
                0.3142857142857143,
                0.0
            ],
            [
                0.0,
                0.0
            ],
            [
                0.0,
                0.0
            ],
            [
                0.0,
                0.0
            ],
            [
                0.0,
                0.0
            ],
            [
                0.0,
                0.0
            ]
        ],
        "c": [
            [
                0.4772355060596135,
                0.16938775510204082
            ],
            [
                0.3870967741935484,
                0.12371134020618557
            ],
            [
                0.18181818181818182,
                0.0
            ],
            [
                0.7,
                0.0
            ],
            [
                0.3333333333333333,
                0.0
            ],
            [
                0.0,
                0.0
            ],
            [
                0.0,
                0.0
            ],
            [
                0.0,
                0.0
            ],
            [
                0.0,
                0.0
            ]
        ],
        "light": [
            [
                0.04757615460203079,
                0.031904161412358134
            ],
            [
                0.08307797071842016,
                0.0429553264604811
            ],
            [
                0.17164179104477612,
                0.06172839506172839
            ],
            [
                0.24193548387096775,
                0.16981132075471697
            ],
            [
                0.24489795918367346,
                0.0
            ],
            [
                0.16666666666666666,
                0.0
            ],
            [
                0.375,
                0.0
            ],
            [
                0.0,
                0.0
            ],
            [
                0.0,
                0.0
            ]
        ]
    },
    "btag_wp": 0.2783
}