{
    "pt_bins": [
        20,
        30,
        50,
        70,
        100,
        140,
        200,
        300,
        600,
        1000
    ],
    "eta_bins": [
        0.0,
        1.5,
        2.5
    ],
    "eff_map": {
        "b": [
            [
                0.9389359351988218,
                0.8943122555410691
            ],
            [
                0.96293033388651,
                0.9072540902818845
            ],
            [
                0.9722557576223615,
                0.914426383244764
            ],
            [
                0.9756618741955294,
                0.9190179960008887
            ],
            [
                0.9770779934090077,
                0.9191042047531993
            ],
            [
                0.977613717551798,
                0.917458432304038
            ],
            [
                0.9780730355396152,
                0.9349442379182156
            ],
            [
                0.9819639278557114,
                0.9238095238095239
            ],
            [
                0.992831541218638,
                1.0
            ]
        ],
        "c": [
            [
                0.5384944396920445,
                0.5528793518721261
            ],
            [
                0.5244068150935507,
                0.4975762314308053
            ],
            [
                0.5146593255333792,
                0.4478165938864629
            ],
            [
                0.4969592808038075,
                0.42995511457595087
            ],
            [
                0.5067760342368046,
                0.4177304964539007
            ],
            [
                0.498059866962306,
                0.43735498839907194
            ],
            [
                0.5178970917225951,
                0.5
            ],
            [
                0.582089552238806,
                0.6060606060606061
            ],
            [
                0.5625,
                0.8666666666666667
            ]
        ],
        "light": [
            [
                0.2640189100038728,
                0.3641552511415525
            ],
            [
                0.11848231327708307,
                0.18095388289364003
            ],
            [
                0.086583604189238,
                0.13028146230993207
            ],
            [
                0.07452044422009087,
                0.11446232217183326
            ],
            [
                0.06995833848946087,
                0.11139853822780652
            ],
            [
                0.07551802611091149,
                0.1258309591642925
            ],
            [
                0.09762505254308533,
                0.15529721430138188
            ],
            [
                0.15842534805568892,
                0.2724060391904915
            ],
            [
                0.3321678321678322,
                0.5368421052631579
            ]
        ]
    },
    "btag_wp": 0.049
}