{
    "pt_bins": [
        20,
        30,
        50,
        70,
        100,
        140,
        200,
        300,
        600,
        1000
    ],
    "eta_bins": [
        0.0,
        1.5,
        2.5
    ],
    "eff_map": {
        "b": [
            [
                0.9400965476887069,
                0.8837290502793296
            ],
            [
                0.9678581964164326,
                0.904228647835534
            ],
            [
                0.9767498626960396,
                0.9129842802327021
            ],
            [
                0.9787140814538074,
                0.9165473804752362
            ],
            [
                0.9783565334530759,
                0.9170684667309547
            ],
            [
                0.9754713991443511,
                0.9269709543568465
            ],
            [
                0.9741610310067628,
                0.9296939619520265
            ],
            [
                0.9771368272951108,
                0.9347368421052632
            ],
            [
                0.9580838323353293,
                0.9428571428571428
            ]
        ],
        "c": [
            [
                0.5721945453010217,
                0.5577493870176797
            ],
            [
                0.560385482878819,
                0.5119603545220623
            ],
            [
                0.5423379377374606,
                0.48953470862821863
            ],
            [
                0.5371943538227979,
                0.4805482765571457
            ],
            [
                0.5265057044308835,
                0.45668720550924247
            ],
            [
                0.5288479969331034,
                0.4639249639249639
            ],
            [
                0.5821564671598296,
                0.5150943396226415
            ],
            [
                0.666351606805293,
                0.6437246963562753
            ],
            [
                0.7034596375617792,
                0.7586206896551724
            ]
        ],
        "light": [
            [
                0.2518906188669371,
                0.34588780252747425
            ],
            [
                0.14529346749208277,
                0.19331068722236738
            ],
            [
                0.10175398933664914,
                0.1427082282524631
            ],
            [
                0.08536460989291178,
                0.12144120247568524
            ],
            [
                0.081300209651385,
                0.11464726831855725
            ],
            [
                0.08627063547708586,
                0.12869924294562973
            ],
            [
                0.10933457175081271,
                0.1798645863997645
            ],
            [
                0.18384195783576587,
                0.28644688644688643
            ],
            [
                0.3128140703517588,
                0.46875
            ]
        ]
    },
    "btag_wp": 0.049
}