{
    "pt_bins": [
        20,
        30,
        50,
        70,
        100,
        140,
        200,
        300,
        600,
        1000
    ],
    "eta_bins": [
        0.0,
        1.5,
        2.5
    ],
    "eff_map": {
        "b": [
            [
                0.5700672414504352,
                0.4282333051563821
            ],
            [
                0.6831051866021081,
                0.5468977082168809
            ],
            [
                0.7295232467340608,
                0.5911382734912146
            ],
            [
                0.742483638689783,
                0.6234830097087378
            ],
            [
                0.7514168668761165,
                0.6146401548477917
            ],
            [
                0.7575837876034727,
                0.6357699981861056
            ],
            [
                0.7767241272169125,
                0.6217771148519071
            ],
            [
                0.7871858407079646,
                0.600828729281768
            ],
            [
                0.0,
                0.0
            ]
        ],
        "c": [
            [
                0.04020530367835757,
                0.03382064150120009
            ],
            [
                0.03337453646477132,
                0.033428673578834465
            ],
            [
                0.029251700680272108,
                0.028037383177570093
            ],
            [
                0.03306435740995867,
                0.02563445270443476
            ],
            [
                0.0366803186462037,
                0.026543566070398154
            ],
            [
                0.046435255482185106,
                0.028137310073157007
            ],
            [
                0.06110003867091055,
                0.037403152551429335
            ],
            [
                0.06912334233071236,
                0.05360623781676413
            ],
            [
                0.0,
                0.0
            ]
        ],
        "light": [
            [
                0.002725970771083553,
                0.001977896143102521
            ],
            [
                0.0014980410232772528,
                0.0017269269444323
            ],
            [
                0.0017793325994842951,
                0.0015170965106780254
            ],
            [
                0.001461530431151477,
                0.00161793141549268
            ],
            [
                0.0010518879032891122,
                0.001992894896456113
            ],
            [
                0.0012376400574054325,
                0.002032440883330076
            ],
            [
                0.001806734191075828,
                0.0035377727685419994
            ],
            [
                0.0022278420038535644,
                0.0029000341180484474
            ],
            [
                0.0,
                0.0
            ]
        ]
    },
    "btag_wp": 0.71
}