{
    "pt_bins": [
        20,
        30,
        50,
        70,
        100,
        140,
        200,
        300,
        600,
        1000
    ],
    "eta_bins": [
        0.0,
        1.5,
        2.5
    ],
    "eff_map": {
        "b": [
            [
                0.8344151119131472,
                0.6932291666666667
            ],
            [
                0.8882739117260883,
                0.7656528132497484
            ],
            [
                0.9101475501113586,
                0.802268829969661
            ],
            [
                0.9218070457931408,
                0.812394247038917
            ],
            [
                0.920112943769154,
                0.8106878908470722
            ],
            [
                0.9178582530307741,
                0.8108108108108109
            ],
            [
                0.9173789173789174,
                0.8354430379746836
            ],
            [
                0.913151364764268,
                0.8421052631578947
            ],
            [
                0.9444444444444444,
                0.0
            ]
        ],
        "c": [
            [
                0.207807386629266,
                0.17566241413150147
            ],
            [
                0.18800358102059087,
                0.1578063794068271
            ],
            [
                0.1827637444279346,
                0.14665249734325186
            ],
            [
                0.17801922273297116,
                0.1586021505376344
            ],
            [
                0.1867612293144208,
                0.14528301886792452
            ],
            [
                0.2128252788104089,
                0.13355048859934854
            ],
            [
                0.2063758389261745,
                0.14285714285714285
            ],
            [
                0.30962343096234307,
                0.17142857142857143
            ],
            [
                0.2727272727272727,
                1.0
            ]
        ],
        "light": [
            [
                0.021533029359430605,
                0.031542631838344014
            ],
            [
                0.011754068716094032,
                0.018108207581891793
            ],
            [
                0.00893289938369919,
                0.01270053475935829
            ],
            [
                0.006980575789108568,
                0.010771641206423816
            ],
            [
                0.007422490803993694,
                0.015079242960455454
            ],
            [
                0.007606846161545391,
                0.012932106441183784
            ],
            [
                0.01049082053203447,
                0.019539078156312624
            ],
            [
                0.017866258295048495,
                0.03776683087027915
            ],
            [
                0.041237113402061855,
                0.16666666666666666
            ]
        ]
    },
    "btag_wp": 0.2783
}