{
    "pt_bins": [
        20,
        30,
        50,
        70,
        100,
        140,
        200,
        300,
        600,
        1000
    ],
    "eta_bins": [
        0.0,
        1.5,
        2.5
    ],
    "eff_map": {
        "b": [
            [
                0.8222904747075693,
                0.6862999604273843
            ],
            [
                0.8785721802586819,
                0.7521724135197063
            ],
            [
                0.8966980421400255,
                0.7813593316085543
            ],
            [
                0.9045830795361329,
                0.7929421821227312
            ],
            [
                0.9071312965107001,
                0.8003625941425888
            ],
            [
                0.9058496613271749,
                0.8069392073795975
            ],
            [
                0.8991634712411706,
                0.7995066074926239
            ],
            [
                0.8802090007432276,
                0.7758551710342069
            ],
            [
                0.8256656506987176,
                0.7262773722627737
            ]
        ],
        "c": [
            [
                0.24356544800663696,
                0.2032586386426151
            ],
            [
                0.2009565049987737,
                0.18506618529437532
            ],
            [
                0.16980295930891665,
                0.1585755036688198
            ],
            [
                0.1624089948521115,
                0.14801682760822227
            ],
            [
                0.16434318263551598,
                0.14721549800071476
            ],
            [
                0.1755962412198509,
                0.16082750366877058
            ],
            [
                0.20434334511189634,
                0.1818772065089478
            ],
            [
                0.25963147854433294,
                0.21830176118138353
            ],
            [
                0.28733370807569797,
                0.20728291316526612
            ]
        ],
        "light": [
            [
                0.020580386225504812,
                0.02900294306837267
            ],
            [
                0.010637710135610105,
                0.01715812934063978
            ],
            [
                0.008225808764313197,
                0.013438753290752394
            ],
            [
                0.007653075777715658,
                0.012215875307037148
            ],
            [
                0.007647318687624768,
                0.012545238700007746
            ],
            [
                0.00851167480639512,
                0.01474839132375681
            ],
            [
                0.011418243446174968,
                0.021629431789572776
            ],
            [
                0.02260266821493416,
                0.04159125743628822
            ],
            [
                0.05647954796708021,
                0.08926780341023069
            ]
        ]
    },
    "btag_wp": 0.2783
}