{
    "pt_bins": [
        20,
        30,
        50,
        70,
        100,
        140,
        200,
        300,
        600,
        1000
    ],
    "eta_bins": [
        0.0,
        1.5,
        2.5
    ],
    "eff_map": {
        "b": [
            [
                0.531086643781959,
                0.4146854216038529
            ],
            [
                0.6452042326338796,
                0.5134327767666377
            ],
            [
                0.6750934736510124,
                0.5503053786037959
            ],
            [
                0.6886951903879247,
                0.5664145022309102
            ],
            [
                0.7140991019876924,
                0.5877751758996949
            ],
            [
                0.7467058498424646,
                0.6220549942523037
            ],
            [
                0.7693760469921138,
                0.6558119084795635
            ],
            [
                0.7503843326755815,
                0.633662886498013
            ],
            [
                0.6341681574239714,
                0.5140997830802603
            ]
        ],
        "c": [
            [
                0.040685132916215026,
                0.03291705008544761
            ],
            [
                0.03907546070035421,
                0.034126506024096386
            ],
            [
                0.03714246179999604,
                0.033432176289319146
            ],
            [
                0.04162206410175682,
                0.03112995098688568
            ],
            [
                0.04665673788003287,
                0.03274581730339089
            ],
            [
                0.05021840377216581,
                0.03756356911696718
            ],
            [
                0.06090691737245208,
                0.0448817538408424
            ],
            [
                0.06647432198499711,
                0.05083260297984225
            ],
            [
                0.06454630495790459,
                0.04778156996587031
            ]
        ],
        "light": [
            [
                0.001713054198916593,
                0.002320247459214797
            ],
            [
                0.0011852984753620418,
                0.001532450579809919
            ],
            [
                0.0012635264894950494,
                0.001741538237330127
            ],
            [
                0.0010043510757567669,
                0.00140622946510711
            ],
            [
                0.000838599605391061,
                0.001521567764761957
            ],
            [
                0.001165995336018656,
                0.0018988406656357912
            ],
            [
                0.0014348984434564348,
                0.0029943321569885573
            ],
            [
                0.002700407504933437,
                0.005400643480925386
            ],
            [
                0.007132382349020131,
                0.011231281198003328
            ]
        ]
    },
    "btag_wp": 0.71
}