{
    "pt_bins": [
        20,
        30,
        50,
        70,
        100,
        140,
        200,
        300,
        600,
        1000
    ],
    "eta_bins": [
        0.0,
        1.5,
        2.5
    ],
    "eff_map": {
        "b": [
            [
                0.9329058604384582,
                0.8828459343794579
            ],
            [
                0.9613916793592662,
                0.9036970010341262
            ],
            [
                0.9748736802783949,
                0.9174047829937998
            ],
            [
                0.975839670468948,
                0.9041095890410958
            ],
            [
                0.9768952166854002,
                0.9105571847507331
            ],
            [
                0.9700889248181084,
                0.9104477611940298
            ],
            [
                0.9647058823529412,
                0.8333333333333334
            ],
            [
                1.0,
                0.0
            ],
            [
                0.0,
                0.0
            ]
        ],
        "c": [
            [
                0.6012437268164957,
                0.5540308747855918
            ],
            [
                0.644153414405987,
                0.5065902578796562
            ],
            [
                0.6336161559497931,
                0.4962505513895015
            ],
            [
                0.6184112843355605,
                0.4486404833836858
            ],
            [
                0.6024329852513726,
                0.4648148148148148
            ],
            [
                0.5746739587715608,
                0.44155844155844154
            ],
            [
                0.6071428571428571,
                0.5
            ],
            [
                0.0,
                0.0
            ],
            [
                0.0,
                0.0
            ]
        ],
        "light": [
            [
                0.23590939487988477,
                0.34297115907854164
            ],
            [
                0.11514922417827698,
                0.17267535248973764
            ],
            [
                0.08596354745498999,
                0.12756508422664625
            ],
            [
                0.07103797847636645,
                0.10546667677610129
            ],
            [
                0.06449683321604503,
                0.101466004848205
            ],
            [
                0.06682229355121097,
                0.10835597826086957
            ],
            [
                0.0821917808219178,
                0.11627906976744186
            ],
            [
                0.3333333333333333,
                0.0
            ],
            [
                0.0,
                0.0
            ]
        ]
    },
    "btag_wp": 0.049
}