{
    "pt_bins": [
        20,
        30,
        50,
        70,
        100,
        140,
        200,
        300,
        600,
        1000
    ],
    "eta_bins": [
        0.0,
        1.5,
        2.5
    ],
    "eff_map": {
        "b": [
            [
                0.5932889744124762,
                0.4225965821657083
            ],
            [
                0.7109272472680312,
                0.5491821396993811
            ],
            [
                0.7463120564527466,
                0.5995491296902434
            ],
            [
                0.7798450687649214,
                0.6070067870496713
            ],
            [
                0.8192776302001771,
                0.636232447133263
            ],
            [
                0.8363779665765428,
                0.6704131061884286
            ],
            [
                0.8349838020910028,
                0.6825396825396826
            ],
            [
                0.8439716312056738,
                0.6052631578947368
            ],
            [
                0.0,
                0.0
            ]
        ],
        "c": [
            [
                0.05198317733187952,
                0.03540546856742229
            ],
            [
                0.03970897931652361,
                0.032460949622426814
            ],
            [
                0.04039140631317897,
                0.030572501981870195
            ],
            [
                0.05298875696851791,
                0.03296029842792433
            ],
            [
                0.0650266324388959,
                0.035973585318690944
            ],
            [
                0.07395513189251376,
                0.03835383695686373
            ],
            [
                0.09622064749201056,
                0.048174633044787356
            ],
            [
                0.12540192926045016,
                0.09090909090909091
            ],
            [
                0.0,
                0.0
            ]
        ],
        "light": [
            [
                0.0035763169952267443,
                0.0022699628360225424
            ],
            [
                0.0016812567748788673,
                0.0014488965082607365
            ],
            [
                0.0015758272232754497,
                0.0019033429555824564
            ],
            [
                0.0012112263219689783,
                0.0015131811562501872
            ],
            [
                0.0010036773100766476,
                0.0015331132035198496
            ],
            [
                0.000984796616051247,
                0.001424764518086594
            ],
            [
                0.0014352398326000645,
                0.0023513349514563105
            ],
            [
                0.0,
                0.0
            ],
            [
                0.0,
                0.0
            ]
        ]
    },
    "btag_wp": 0.71
}