{
    "pt_bins": [
        20,
        30,
        50,
        70,
        100,
        140,
        200,
        300,
        600,
        1000
    ],
    "eta_bins": [
        0.0,
        1.5,
        2.5
    ],
    "eff_map": {
        "b": [
            [
                0.7903955914190121,
                0.6646447140381283
            ],
            [
                0.8526970954356846,
                0.7250883392226148
            ],
            [
                0.8751243074300327,
                0.7725587144622992
            ],
            [
                0.8902763325239912,
                0.755421686746988
            ],
            [
                0.8995210218201171,
                0.7857142857142857
            ],
            [
                0.905791256654299,
                0.7878787878787878
            ],
            [
                0.9117915685237706,
                0.7810590631364562
            ],
            [
                0.9192316729323309,
                0.7975806451612903
            ],
            [
                0.896273637374861,
                0.7746478873239436
            ]
        ],
        "c": [
            [
                0.2723169508525577,
                0.19708631115997802
            ],
            [
                0.2317946186126882,
                0.18574148508567803
            ],
            [
                0.19367015098722415,
                0.16553153686704175
            ],
            [
                0.1911061241363019,
                0.1576716586606386
            ],
            [
                0.2093403004572175,
                0.15376782077393075
            ],
            [
                0.23159800034476816,
                0.16017032427120864
            ],
            [
                0.29232766894371365,
                0.19945929708621207
            ],
            [
                0.3605949521762946,
                0.2535470794177262
            ],
            [
                0.38458927359131023,
                0.27901234567901234
            ]
        ],
        "light": [
            [
                0.024143559651225256,
                0.029886669003388246
            ],
            [
                0.013011131990461434,
                0.01829371100994773
            ],
            [
                0.01093156765283102,
                0.013763504513837501
            ],
            [
                0.008503562047657742,
                0.014411487265485799
            ],
            [
                0.008420191230941511,
                0.013554028732042473
            ],
            [
                0.010962038481539262,
                0.01541637102496291
            ],
            [
                0.01479461779226227,
                0.02510281471986327
            ],
            [
                0.02748738208632913,
                0.04389292294353528
            ],
            [
                0.0609568812758417,
                0.08422590068159688
            ]
        ]
    },
    "btag_wp": 0.2783
}