{
    "pt_bins": [
        20,
        30,
        50,
        70,
        100,
        140,
        200,
        300,
        600,
        1000
    ],
    "eta_bins": [
        0.0,
        1.5,
        2.5
    ],
    "eff_map": {
        "b": [
            [
                0.8222733002150219,
                0.6782415958625785
            ],
            [
                0.8887905082344608,
                0.758537565287264
            ],
            [
                0.9138748194707187,
                0.7973406694176983
            ],
            [
                0.9226832613457248,
                0.784932791497343
            ],
            [
                0.9273432449903038,
                0.79265493496557
            ],
            [
                0.922675026123302,
                0.8060836501901141
            ],
            [
                0.9,
                0.5
            ],
            [
                1.0,
                0.0
            ],
            [
                0.0,
                0.0
            ]
        ],
        "c": [
            [
                0.2755125028159495,
                0.1911190053285968
            ],
            [
                0.24397473901275937,
                0.17680213586472857
            ],
            [
                0.19372372807653282,
                0.1655235482395976
            ],
            [
                0.19294207901802837,
                0.14859228362878
            ],
            [
                0.19611542730299666,
                0.14148219441770934
            ],
            [
                0.20191470844212359,
                0.12837837837837837
            ],
            [
                0.23214285714285715,
                0.0
            ],
            [
                0.0,
                0.0
            ],
            [
                0.0,
                0.0
            ]
        ],
        "light": [
            [
                0.02429860163408539,
                0.02885878335272263
            ],
            [
                0.012869390563686746,
                0.016823812164910336
            ],
            [
                0.01188767013151094,
                0.012866050990606993
            ],
            [
                0.00869206365582523,
                0.01285971928173763
            ],
            [
                0.008155834698707445,
                0.010522539758459883
            ],
            [
                0.007859733978234583,
                0.014690451206715634
            ],
            [
                0.016194331983805668,
                0.031746031746031744
            ],
            [
                0.0,
                0.0
            ],
            [
                0.0,
                0.0
            ]
        ]
    },
    "btag_wp": 0.2783
}