{
    "pt_bins": [
        20,
        30,
        50,
        70,
        100,
        140,
        200,
        300,
        600,
        1000
    ],
    "eta_bins": [
        0.0,
        1.5,
        2.5
    ],
    "eff_map": {
        "b": [
            [
                0.6058438481939127,
                0.4364261357689405
            ],
            [
                0.7141148556445197,
                0.5394176194784898
            ],
            [
                0.7559092863370983,
                0.5931916995405242
            ],
            [
                0.7748105480914198,
                0.6168752292281446
            ],
            [
                0.7813683471935887,
                0.6316429867395997
            ],
            [
                0.7778432055611196,
                0.6378896882494005
            ],
            [
                0.7583578128537256,
                0.6318873747356011
            ],
            [
                0.6997812194138984,
                0.5951234663767666
            ],
            [
                0.5986814419974751,
                0.5048076923076923
            ]
        ],
        "c": [
            [
                0.05175910974649411,
                0.03389774455982539
            ],
            [
                0.04026541004035619,
                0.03170975300580033
            ],
            [
                0.0382527185261953,
                0.02844596432596277
            ],
            [
                0.0414910623455893,
                0.029169929522317933
            ],
            [
                0.04422878052660886,
                0.03125
            ],
            [
                0.050416546969261705,
                0.03318777292576419
            ],
            [
                0.0552423900789177,
                0.04133456904541242
            ],
            [
                0.06541164223128307,
                0.043849869936826456
            ],
            [
                0.06878650227125244,
                0.054878048780487805
            ]
        ],
        "light": [
            [
                0.012470235584939692,
                0.003935231809641008
            ],
            [
                0.007219310909808825,
                0.0029404929383818152
            ],
            [
                0.003967137052040841,
                0.002420726991492653
            ],
            [
                0.003121576109087555,
                0.002056191693638317
            ],
            [
                0.002387533816856342,
                0.0021167330695349078
            ],
            [
                0.001937434720377558,
                0.002206798362697989
            ],
            [
                0.0018509262869979295,
                0.003254798979176684
            ],
            [
                0.002739160616123525,
                0.004898758981058132
            ],
            [
                0.009112818195511373,
                0.0101364522417154
            ]
        ]
    },
    "btag_wp": 0.71
}