{
    "pt_bins": [
        20,
        30,
        50,
        70,
        100,
        140,
        200,
        300,
        600,
        1000
    ],
    "eta_bins": [
        0.0,
        1.5,
        2.5
    ],
    "eff_map": {
        "b": [
            [
                0.7965486169893237,
                0.6722658389629359
            ],
            [
                0.8659986340958988,
                0.7476055152089254
            ],
            [
                0.8812998106467528,
                0.7675970454911526
            ],
            [
                0.8949644471332306,
                0.7850814977384043
            ],
            [
                0.9038426697326276,
                0.8052430822968655
            ],
            [
                0.9089494962986556,
                0.8285231069616511
            ],
            [
                0.9084040237372727,
                0.8230149438743888
            ],
            [
                0.9020226527046223,
                0.8065191387559809
            ],
            [
                0.8578006020896051,
                0.6982758620689655
            ]
        ],
        "c": [
            [
                0.20882006526230426,
                0.17127096204766107
            ],
            [
                0.19192110752892091,
                0.1715829052586983
            ],
            [
                0.18112736758534648,
                0.1518456375838926
            ],
            [
                0.18907546024681368,
                0.1563478679836184
            ],
            [
                0.19281253307928442,
                0.15286843009275164
            ],
            [
                0.20574264445232188,
                0.1520094562647754
            ],
            [
                0.22882500482346133,
                0.1817487590683467
            ],
            [
                0.2610500937583713,
                0.1984517945109078
            ],
            [
                0.30355594102341715,
                0.330188679245283
            ]
        ],
        "light": [
            [
                0.022414036507224115,
                0.03172249517440239
            ],
            [
                0.012364722354908866,
                0.018941938427609984
            ],
            [
                0.010074148841181723,
                0.015383700414329045
            ],
            [
                0.008661813121881232,
                0.012617984746404862
            ],
            [
                0.008108174675500603,
                0.012554191854429993
            ],
            [
                0.007967528562838245,
                0.01505475229482791
            ],
            [
                0.01010845853688512,
                0.021322015807263207
            ],
            [
                0.020005492837628827,
                0.04124032387223062
            ],
            [
                0.056718940745609916,
                0.09401709401709402
            ]
        ]
    },
    "btag_wp": 0.2783
}