{
    "pt_bins": [
        20,
        30,
        50,
        70,
        100,
        140,
        200,
        300,
        600,
        1000
    ],
    "eta_bins": [
        0.0,
        1.5,
        2.5
    ],
    "eff_map": {
        "b": [
            [
                0.6100425266279115,
                0.4465300499397279
            ],
            [
                0.7295038434661076,
                0.5579091889771501
            ],
            [
                0.7692747818623945,
                0.6158583525789069
            ],
            [
                0.7892231635822322,
                0.6241519674355496
            ],
            [
                0.7935461956521739,
                0.6521060842433697
            ],
            [
                0.7871764624245368,
                0.6456375838926175
            ],
            [
                0.7775947281713345,
                0.6566523605150214
            ],
            [
                0.7521231422505308,
                0.5645161290322581
            ],
            [
                0.8301886792452831,
                1.0
            ]
        ],
        "c": [
            [
                0.050240673886883275,
                0.037686809616634176
            ],
            [
                0.03614457831325301,
                0.03228346456692913
            ],
            [
                0.0279831045406547,
                0.020569620253164556
            ],
            [
                0.032849020846494,
                0.03125
            ],
            [
                0.03239556692242114,
                0.032679738562091505
            ],
            [
                0.026347305389221556,
                0.03389830508474576
            ],
            [
                0.038461538461538464,
                0.013333333333333334
            ],
            [
                0.059027777777777776,
                0.0625
            ],
            [
                0.08823529411764706,
                0.0
            ]
        ],
        "light": [
            [
                0.009622286457019806,
                0.0037680209698558323
            ],
            [
                0.005838301226782283,
                0.002903923385851097
            ],
            [
                0.0032310177705977385,
                0.0024400746375771495
            ],
            [
                0.003244058845718597,
                0.0023887079261672097
            ],
            [
                0.002617801047120419,
                0.003115264797507788
            ],
            [
                0.0035608308605341245,
                0.003486750348675035
            ],
            [
                0.0033545790003354577,
                0.002881844380403458
            ],
            [
                0.0026333113890717576,
                0.003663003663003663
            ],
            [
                0.0,
                0.0
            ]
        ]
    },
    "btag_wp": 0.71
}