{
    "pt_bins": [
        20,
        30,
        50,
        70,
        100,
        140,
        200,
        300,
        600,
        1000
    ],
    "eta_bins": [
        0.0,
        1.5,
        2.5
    ],
    "eff_map": {
        "b": [
            [
                0.5913956978489244,
                0.4377841251961218
            ],
            [
                0.6967792191546766,
                0.5293063047478258
            ],
            [
                0.742493616343461,
                0.584058392616296
            ],
            [
                0.7786289555025788,
                0.6346211947260928
            ],
            [
                0.7947222708783402,
                0.6654445462878094
            ],
            [
                0.7854877724528375,
                0.6507921267402784
            ],
            [
                0.7739438049119958,
                0.6554508748317631
            ],
            [
                0.7490889965813893,
                0.599250936329588
            ],
            [
                0.6658354114713217,
                0.5789473684210527
            ]
        ],
        "c": [
            [
                0.04271828459388428,
                0.033551628240782276
            ],
            [
                0.03919768669390003,
                0.033402241323033405
            ],
            [
                0.04072139709482618,
                0.03129625713681539
            ],
            [
                0.04356617647058823,
                0.02739018087855297
            ],
            [
                0.04442508710801394,
                0.03314917127071823
            ],
            [
                0.047990028046120285,
                0.04576271186440678
            ],
            [
                0.04997845756139595,
                0.049011177987962166
            ],
            [
                0.06613756613756613,
                0.045171339563862926
            ],
            [
                0.07591623036649214,
                0.0
            ]
        ],
        "light": [
            [
                0.002053927858568577,
                0.0024062291201760785
            ],
            [
                0.0012743957917824068,
                0.0018010354292246243
            ],
            [
                0.0015422967001145706,
                0.001622071455773869
            ],
            [
                0.0013915407268373192,
                0.0016023014875912675
            ],
            [
                0.0010144466987704417,
                0.001362583458236817
            ],
            [
                0.0008681835307222304,
                0.002227257017779655
            ],
            [
                0.0016141483612885114,
                0.0027604839656995184
            ],
            [
                0.003074393164837522,
                0.0055945590171127685
            ],
            [
                0.00772489409419387,
                0.005925925925925926
            ]
        ]
    },
    "btag_wp": 0.71
}