{
    "pt_bins": [
        20,
        30,
        50,
        70,
        100,
        140,
        200,
        300,
        600,
        1000
    ],
    "eta_bins": [
        0.0,
        1.5,
        2.5
    ],
    "eff_map": {
        "b": [
            [
                0.944954128440367,
                0.8378378378378378
            ],
            [
                0.9670498084291188,
                0.8716216216216216
            ],
            [
                0.9764705882352941,
                0.9239130434782609
            ],
            [
                0.9830508474576272,
                0.95
            ],
            [
                0.9760765550239234,
                0.8717948717948718
            ],
            [
                0.9728506787330317,
                0.9
            ],
            [
                0.9878048780487805,
                0.875
            ],
            [
                1.0,
                0.6666666666666666
            ],
            [
                0.9090909090909091,
                0.0
            ]
        ],
        "c": [
            [
                0.7749403341288783,
                0.5689655172413793
            ],
            [
                0.7925340272217775,
                0.5299823633156967
            ],
            [
                0.737598944591029,
                0.541374474053296
            ],
            [
                0.6842619745845552,
                0.504302925989673
            ],
            [
                0.6674298797939324,
                0.5212464589235127
            ],
            [
                0.6734382935500254,
                0.5137614678899083
            ],
            [
                0.710161662817552,
                0.4731182795698925
            ],
            [
                0.7609108159392789,
                0.5384615384615384
            ],
            [
                0.7936507936507936,
                0.6666666666666666
            ]
        ],
        "light": [
            [
                0.3422757643247621,
                0.3523669430328965
            ],
            [
                0.20023312385972025,
                0.18266117162201942
            ],
            [
                0.12940578974098527,
                0.14867617107942974
            ],
            [
                0.09994163991829588,
                0.12159789288849868
            ],
            [
                0.09086202433341962,
                0.11381475667189953
            ],
            [
                0.08933966335779024,
                0.12612612612612611
            ],
            [
                0.11469265367316342,
                0.190625
            ],
            [
                0.196048632218845,
                0.2755905511811024
            ],
            [
                0.38095238095238093,
                0.6
            ]
        ]
    },
    "btag_wp": 0.049
}