{
    "pt_bins": [
        20,
        30,
        50,
        70,
        100,
        140,
        200,
        300,
        600,
        1000
    ],
    "eta_bins": [
        0.0,
        1.5,
        2.5
    ],
    "eff_map": {
        "b": [
            [
                0.6154427486544275,
                0.44251675353685777
            ],
            [
                0.7229819685904478,
                0.552697333387949
            ],
            [
                0.763681242176622,
                0.6153115727002967
            ],
            [
                0.7794598076657617,
                0.6211496483143342
            ],
            [
                0.7845457527058052,
                0.6273124789774639
            ],
            [
                0.7851023844971079,
                0.6541059367223605
            ],
            [
                0.7719288936057309,
                0.6400759734093068
            ],
            [
                0.7513391598533973,
                0.5838150289017341
            ],
            [
                0.8299681190223167,
                0.8125
            ]
        ],
        "c": [
            [
                0.03770097948623175,
                0.03597931189566
            ],
            [
                0.02766884531590414,
                0.028863450531479967
            ],
            [
                0.024752116957371353,
                0.024193548387096774
            ],
            [
                0.02605358042879851,
                0.025085859340002986
            ],
            [
                0.02764360123377757,
                0.02158273381294964
            ],
            [
                0.03171641791044776,
                0.030918727915194347
            ],
            [
                0.04231536926147705,
                0.03943377148634985
            ],
            [
                0.05394285714285714,
                0.037037037037037035
            ],
            [
                0.04504504504504504,
                0.06557377049180328
            ]
        ],
        "light": [
            [
                0.002424320995656965,
                0.0016545285332309101
            ],
            [
                0.0013006679275396013,
                0.0013661699879777042
            ],
            [
                0.0014455492570909353,
                0.001765430865061124
            ],
            [
                0.0009571782385527465,
                0.001505411343477907
            ],
            [
                0.001152587745389649,
                0.001599360255897641
            ],
            [
                0.0014320236283898685,
                0.002274904214559387
            ],
            [
                0.001964168799476222,
                0.002574002574002574
            ],
            [
                0.003452500278427442,
                0.005184705119896306
            ],
            [
                0.0045906656465187455,
                0.02857142857142857
            ]
        ]
    },
    "btag_wp": 0.71
}