{
    "pt_bins": [
        20,
        30,
        50,
        70,
        100,
        140,
        200,
        300,
        600,
        1000
    ],
    "eta_bins": [
        0.0,
        1.5,
        2.5
    ],
    "eff_map": {
        "b": [
            [
                0.8380604083350873,
                0.6905320813771518
            ],
            [
                0.8951097436786342,
                0.7579529737206085
            ],
            [
                0.9106371760256725,
                0.8003751604304472
            ],
            [
                0.9180755961344186,
                0.8056387225548902
            ],
            [
                0.9215025521581842,
                0.8213166144200627
            ],
            [
                0.9129848229342327,
                0.8245614035087719
            ],
            [
                0.9170687575392038,
                0.815028901734104
            ],
            [
                0.9167657550535078,
                0.7142857142857143
            ],
            [
                0.9318181818181818,
                1.0
            ]
        ],
        "c": [
            [
                0.1977880658436214,
                0.17103153393907003
            ],
            [
                0.19290340749084764,
                0.16855429713524317
            ],
            [
                0.17581837381203802,
                0.14718019257221457
            ],
            [
                0.17947141979102643,
                0.15384615384615385
            ],
            [
                0.1991304347826087,
                0.14613180515759314
            ],
            [
                0.17684478371501272,
                0.15348837209302327
            ],
            [
                0.20987654320987653,
                0.15463917525773196
            ],
            [
                0.20454545454545456,
                0.11764705882352941
            ],
            [
                0.4,
                0.0
            ]
        ],
        "light": [
            [
                0.02357762204537356,
                0.03432751828925155
            ],
            [
                0.014055256036417798,
                0.01808367071524966
            ],
            [
                0.010755745084103293,
                0.015345528455284552
            ],
            [
                0.008211397172315862,
                0.010148849797023005
            ],
            [
                0.007476277197354548,
                0.014021811707099933
            ],
            [
                0.008524397413286302,
                0.014369933677229182
            ],
            [
                0.010896213565785889,
                0.020108275328692964
            ],
            [
                0.012260536398467433,
                0.026128266033254157
            ],
            [
                0.02857142857142857,
                0.0
            ]
        ]
    },
    "btag_wp": 0.2783
}