{
    "pt_bins": [
        20,
        30,
        50,
        70,
        100,
        140,
        200,
        300,
        600,
        1000
    ],
    "eta_bins": [
        0.0,
        1.5,
        2.5
    ],
    "eff_map": {
        "b": [
            [
                0.5175969880504174,
                0.40602261769089154
            ],
            [
                0.6414585823259993,
                0.5124551431490164
            ],
            [
                0.6744631424660186,
                0.551547037454591
            ],
            [
                0.6802423928834405,
                0.559703808180536
            ],
            [
                0.6877456919329269,
                0.5760329218106995
            ],
            [
                0.710245474799942,
                0.5990493870925612
            ],
            [
                0.7414601325849715,
                0.621433806123574
            ],
            [
                0.7528500040537156,
                0.6388680829348193
            ],
            [
                0.6416347750740126,
                0.44918872758326217
            ]
        ],
        "c": [
            [
                0.03994893539415493,
                0.03300736335973613
            ],
            [
                0.040035904998305505,
                0.034786483865048366
            ],
            [
                0.03900075651488081,
                0.032453760789149196
            ],
            [
                0.04250079573819376,
                0.03271708683473389
            ],
            [
                0.04825318203040945,
                0.03208440999138674
            ],
            [
                0.05095965783308617,
                0.03622216259726321
            ],
            [
                0.058746997598078464,
                0.04332216371469603
            ],
            [
                0.06829915916801889,
                0.05145091582630171
            ],
            [
                0.07135817070766805,
                0.05070993914807302
            ]
        ],
        "light": [
            [
                0.001653381331961944,
                0.0021494695989941427
            ],
            [
                0.0011646996184222203,
                0.0015538522779843262
            ],
            [
                0.0012180440311715507,
                0.0016744002125437909
            ],
            [
                0.0009535247465897032,
                0.0014728679316147418
            ],
            [
                0.0008838057443880081,
                0.001455582381988534
            ],
            [
                0.0009663010244027064,
                0.0019961196925602567
            ],
            [
                0.0014601644824715424,
                0.003004761783504367
            ],
            [
                0.002877240361441054,
                0.005174161199125193
            ],
            [
                0.00798780487804878,
                0.010430247718383311
            ]
        ]
    },
    "btag_wp": 0.71
}