{
    "pt_bins": [
        20,
        30,
        50,
        70,
        100,
        140,
        200,
        300,
        600,
        1000
    ],
    "eta_bins": [
        0.0,
        1.5,
        2.5
    ],
    "eff_map": {
        "b": [
            [
                0.9478588066654722,
                0.9073455759599333
            ],
            [
                0.9672512353454122,
                0.9083907580056749
            ],
            [
                0.9707922599488864,
                0.9194407456724367
            ],
            [
                0.9741194293649792,
                0.9536082474226805
            ],
            [
                0.9776592197399133,
                0.9354838709677419
            ],
            [
                0.9682779456193353,
                0.9428571428571428
            ],
            [
                0.9873949579831933,
                0.8823529411764706
            ],
            [
                0.9827586206896551,
                1.0
            ],
            [
                1.0,
                0.0
            ]
        ],
        "c": [
            [
                0.513986013986014,
                0.5302491103202847
            ],
            [
                0.5141843971631206,
                0.4778761061946903
            ],
            [
                0.4689655172413793,
                0.39090909090909093
            ],
            [
                0.4782608695652174,
                0.3835616438356164
            ],
            [
                0.5235294117647059,
                0.4423076923076923
            ],
            [
                0.4954954954954955,
                0.35294117647058826
            ],
            [
                0.49382716049382713,
                0.16666666666666666
            ],
            [
                0.55,
                0.375
            ],
            [
                0.0,
                0.0
            ]
        ],
        "light": [
            [
                0.24328343412312878,
                0.3621327106440942
            ],
            [
                0.11583556999576211,
                0.17309976247030878
            ],
            [
                0.08699870633893919,
                0.12272089761570827
            ],
            [
                0.0694615700780929,
                0.11058150619637751
            ],
            [
                0.06749226006191951,
                0.1
            ],
            [
                0.06291079812206572,
                0.10669975186104218
            ],
            [
                0.07918968692449356,
                0.14705882352941177
            ],
            [
                0.12844036697247707,
                0.22413793103448276
            ],
            [
                0.2857142857142857,
                1.0
            ]
        ]
    },
    "btag_wp": 0.049
}