{
    "pt_bins": [
        20,
        30,
        50,
        70,
        100,
        140,
        200,
        300,
        600,
        1000
    ],
    "eta_bins": [
        0.0,
        1.5,
        2.5
    ],
    "eff_map": {
        "b": [
            [
                0.9683210981341094,
                0.8776460049463496
            ],
            [
                0.9810185179582199,
                0.9028165756276355
            ],
            [
                0.9818699438766917,
                0.9218431771894093
            ],
            [
                0.9714200145466991,
                0.9021897810218978
            ],
            [
                0.8682864450127877,
                0.8048780487804879
            ],
            [
                0.42857142857142855,
                0.0
            ],
            [
                0.6666666666666666,
                0.0
            ],
            [
                0.0,
                0.0
            ],
            [
                0.0,
                0.0
            ]
        ],
        "c": [
            [
                0.7982313052717103,
                0.5309943522163272
            ],
            [
                0.8194761631511855,
                0.4986759294287581
            ],
            [
                0.7905242941612352,
                0.5017096673919801
            ],
            [
                0.762959729346284,
                0.5241199478487614
            ],
            [
                0.7676056338028169,
                0.6956521739130435
            ],
            [
                0.3888888888888889,
                0.3333333333333333
            ],
            [
                1.0,
                0.0
            ],
            [
                0.0,
                0.0
            ],
            [
                0.0,
                0.0
            ]
        ],
        "light": [
            [
                0.23368073737137954,
                0.32079334509378693
            ],
            [
                0.11416967935428639,
                0.15116593045958707
            ],
            [
                0.09426193942783312,
                0.10954472307898619
            ],
            [
                0.10836629599223822,
                0.10499599251936949
            ],
            [
                0.21701602959309493,
                0.11956521739130435
            ],
            [
                0.29120879120879123,
                0.14035087719298245
            ],
            [
                0.2916666666666667,
                0.14285714285714285
            ],
            [
                0.3333333333333333,
                0.0
            ],
            [
                0.0,
                0.0
            ]
        ]
    },
    "btag_wp": 0.049
}