{
    "pt_bins": [
        20,
        30,
        50,
        70,
        100,
        140,
        200,
        300,
        600,
        1000
    ],
    "eta_bins": [
        0.0,
        1.5,
        2.5
    ],
    "eff_map": {
        "b": [
            [
                0.9188977352419455,
                0.8855452240067625
            ],
            [
                0.9495287624285174,
                0.9066517607602013
            ],
            [
                0.9609564611780597,
                0.9080213903743316
            ],
            [
                0.9657027572293208,
                0.9199029126213593
            ],
            [
                0.9693217519866938,
                0.921872250571881
            ],
            [
                0.9729961639410458,
                0.9201886450208598
            ],
            [
                0.9742483936316974,
                0.9175367568719369
            ],
            [
                0.9749380530973452,
                0.9088397790055248
            ],
            [
                0.0,
                0.0
            ]
        ],
        "c": [
            [
                0.5592192238898825,
                0.5596770674230853
            ],
            [
                0.573238566131026,
                0.509474436896675
            ],
            [
                0.5743351886209029,
                0.4822429906542056
            ],
            [
                0.5793642983664633,
                0.4632145603691361
            ],
            [
                0.5931410054457896,
                0.4555683785343335
            ],
            [
                0.6167943783325682,
                0.4786156443444007
            ],
            [
                0.6591902906267663,
                0.5089500400748063
            ],
            [
                0.6569651449360404,
                0.5604288499025342
            ],
            [
                0.0,
                0.0
            ]
        ],
        "light": [
            [
                0.23113790970933829,
                0.34404982910283327
            ],
            [
                0.11904550853617459,
                0.18451886503738033
            ],
            [
                0.09222371337666059,
                0.1358384875714786
            ],
            [
                0.07793834727752673,
                0.12098970048537942
            ],
            [
                0.07606562524530967,
                0.11927042717268868
            ],
            [
                0.08459401456202024,
                0.13265585303888996
            ],
            [
                0.1036590929829364,
                0.17347609655301963
            ],
            [
                0.12373554913294797,
                0.20291709314227227
            ],
            [
                0.0,
                0.0
            ]
        ]
    },
    "btag_wp": 0.049
}