{
    "pt_bins": [
        20,
        30,
        50,
        70,
        100,
        140,
        200,
        300,
        600,
        1000
    ],
    "eta_bins": [
        0.0,
        1.5,
        2.5
    ],
    "eff_map": {
        "b": [
            [
                0.545731301570402,
                0.42834707499018454
            ],
            [
                0.6685882641787381,
                0.5476012925677355
            ],
            [
                0.7183351582780724,
                0.5960947566656755
            ],
            [
                0.7424302830643976,
                0.6152420409943306
            ],
            [
                0.7601314579788864,
                0.6246175243393602
            ],
            [
                0.7705336180326761,
                0.6353389690038124
            ],
            [
                0.7741766172418317,
                0.634176690170054
            ],
            [
                0.7333590522576393,
                0.5751673767498479
            ],
            [
                0.6736654701299851,
                0.4737389495579823
            ]
        ],
        "c": [
            [
                0.04900981984532626,
                0.03577274915743861
            ],
            [
                0.042756219664049196,
                0.033513997314902295
            ],
            [
                0.041973545768826094,
                0.03272403031654035
            ],
            [
                0.047566751321298645,
                0.034543497406791274
            ],
            [
                0.05574234648734737,
                0.032933398628795296
            ],
            [
                0.06750676534837469,
                0.0394518897756362
            ],
            [
                0.08248574783211442,
                0.05376730803812264
            ],
            [
                0.09942996802259639,
                0.056262904335856845
            ],
            [
                0.10657353205454916,
                0.057610241820768134
            ]
        ],
        "light": [
            [
                0.0025157483852289633,
                0.002077941111044231
            ],
            [
                0.00199209524858363,
                0.0015454756201220925
            ],
            [
                0.001590000967826676,
                0.0015113871635610767
            ],
            [
                0.0012267748641874754,
                0.0012162229245610843
            ],
            [
                0.001109677820431127,
                0.0013259022877432694
            ],
            [
                0.0011936103181728012,
                0.0016764575482154734
            ],
            [
                0.0016478724174426261,
                0.0036489374641622213
            ],
            [
                0.0036232382892991705,
                0.005600777985880997
            ],
            [
                0.01070594978673304,
                0.014256362194506524
            ]
        ]
    },
    "btag_wp": 0.71
}