{
    "pt_bins": [
        20,
        30,
        50,
        70,
        100,
        140,
        200,
        300,
        600,
        1000
    ],
    "eta_bins": [
        0.0,
        1.5,
        2.5
    ],
    "eff_map": {
        "b": [
            [
                0.8425988854152507,
                0.6791483113069016
            ],
            [
                0.8950464983867906,
                0.7554076539101497
            ],
            [
                0.9171422747655932,
                0.7849462365591398
            ],
            [
                0.918465577596266,
                0.7917448405253283
            ],
            [
                0.9214876033057852,
                0.8133971291866029
            ],
            [
                0.9071980963712076,
                0.8217821782178217
            ],
            [
                0.9195849546044098,
                0.8918918918918919
            ],
            [
                0.9128065395095368,
                0.8823529411764706
            ],
            [
                0.9523809523809523,
                0.0
            ]
        ],
        "c": [
            [
                0.32294117647058823,
                0.2074978204010462
            ],
            [
                0.26353790613718414,
                0.1931748933577087
            ],
            [
                0.21025641025641026,
                0.16940451745379878
            ],
            [
                0.19594086695063895,
                0.15546218487394958
            ],
            [
                0.1849761181068172,
                0.145985401459854
            ],
            [
                0.23636363636363636,
                0.13513513513513514
            ],
            [
                0.2838709677419355,
                0.14666666666666667
            ],
            [
                0.33724340175953077,
                0.20689655172413793
            ],
            [
                0.47058823529411764,
                0.5
            ]
        ],
        "light": [
            [
                0.09801950931126219,
                0.040451668941556024
            ],
            [
                0.05332914572864322,
                0.029208194905869324
            ],
            [
                0.024557602022390754,
                0.014598540145985401
            ],
            [
                0.015169194865810968,
                0.010724852071005916
            ],
            [
                0.013135830072666294,
                0.015130674002751032
            ],
            [
                0.008962868117797696,
                0.01877346683354193
            ],
            [
                0.013523666416228399,
                0.024456521739130436
            ],
            [
                0.03146374829001368,
                0.039735099337748346
            ],
            [
                0.06796116504854369,
                0.0
            ]
        ]
    },
    "btag_wp": 0.2783
}