{
    "pt_bins": [
        20,
        30,
        50,
        70,
        100,
        140,
        200,
        300,
        600,
        1000
    ],
    "eta_bins": [
        0.0,
        1.5,
        2.5
    ],
    "eff_map": {
        "b": [
            [
                0.9476405105819167,
                0.8931689476168003
            ],
            [
                0.9657206056958834,
                0.9082541406462123
            ],
            [
                0.9705470821195955,
                0.9219947695914871
            ],
            [
                0.9746612629012038,
                0.9214701518091543
            ],
            [
                0.9766435407232248,
                0.9278616120721384
            ],
            [
                0.9774930921878925,
                0.9179389312977099
            ],
            [
                0.9769974139104396,
                0.9322493224932249
            ],
            [
                0.9801047120418848,
                0.9130434782608695
            ],
            [
                0.9809523809523809,
                0.5
            ]
        ],
        "c": [
            [
                0.4956700091157703,
                0.527010510877536
            ],
            [
                0.48775587090292605,
                0.4639451728247914
            ],
            [
                0.4835472578763127,
                0.4366459627329193
            ],
            [
                0.4692887931034483,
                0.40218303946263645
            ],
            [
                0.4850894632206759,
                0.41475826972010177
            ],
            [
                0.5077630822311673,
                0.4549266247379455
            ],
            [
                0.512735326688815,
                0.5023923444976076
            ],
            [
                0.5876623376623377,
                0.5757575757575758
            ],
            [
                0.5294117647058824,
                1.0
            ]
        ],
        "light": [
            [
                0.23687408198691415,
                0.3568019548699935
            ],
            [
                0.11487821245947505,
                0.1808351825701029
            ],
            [
                0.0829856876965535,
                0.1302685480200273
            ],
            [
                0.07230730605071554,
                0.10715800957633796
            ],
            [
                0.06346328195829556,
                0.10521111440719866
            ],
            [
                0.06901981367274636,
                0.11920752182672935
            ],
            [
                0.08681711678382045,
                0.15649122807017543
            ],
            [
                0.13086003372681282,
                0.25136612021857924
            ],
            [
                0.2589928057553957,
                0.3684210526315789
            ]
        ]
    },
    "btag_wp": 0.049
}