{
    "pt_bins": [
        20,
        30,
        50,
        70,
        100,
        140,
        200,
        300,
        600,
        1000
    ],
    "eta_bins": [
        0.0,
        1.5,
        2.5
    ],
    "eff_map": {
        "b": [
            [
                0.8505897771952818,
                0.6824324324324325
            ],
            [
                0.8980842911877395,
                0.7027027027027027
            ],
            [
                0.9208556149732621,
                0.7934782608695652
            ],
            [
                0.9164648910411622,
                0.9
            ],
            [
                0.9234449760765551,
                0.7692307692307693
            ],
            [
                0.920814479638009,
                0.7
            ],
            [
                0.9471544715447154,
                0.625
            ],
            [
                0.9391304347826087,
                0.3333333333333333
            ],
            [
                0.9090909090909091,
                0.0
            ]
        ],
        "c": [
            [
                0.4637231503579952,
                0.23645320197044334
            ],
            [
                0.31705364291433147,
                0.1948853615520282
            ],
            [
                0.22941952506596305,
                0.15007012622720897
            ],
            [
                0.19729553600521343,
                0.12564543889845095
            ],
            [
                0.20864338866628507,
                0.18696883852691218
            ],
            [
                0.2244794311833418,
                0.1651376146788991
            ],
            [
                0.26096997690531176,
                0.1827956989247312
            ],
            [
                0.3301707779886148,
                0.19230769230769232
            ],
            [
                0.38095238095238093,
                0.3333333333333333
            ]
        ],
        "light": [
            [
                0.15352298036039685,
                0.038379245787643755
            ],
            [
                0.08569835799716197,
                0.027229908743008537
            ],
            [
                0.03423057389537836,
                0.01803898748908932
            ],
            [
                0.01998832798365918,
                0.012291483757682178
            ],
            [
                0.021485891793942533,
                0.019623233908948195
            ],
            [
                0.013379369874838154,
                0.018018018018018018
            ],
            [
                0.017241379310344827,
                0.028125
            ],
            [
                0.03343465045592705,
                0.047244094488188976
            ],
            [
                0.011904761904761904,
                0.0
            ]
        ]
    },
    "btag_wp": 0.2783
}