{
    "pt_bins": [
        20,
        30,
        50,
        70,
        100,
        140,
        200,
        300,
        600,
        1000
    ],
    "eta_bins": [
        0.0,
        1.5,
        2.5
    ],
    "eff_map": {
        "b": [
            [
                0.8292866777751329,
                0.667065868263473
            ],
            [
                0.9013597408965036,
                0.7575305139785748
            ],
            [
                0.9262695692606128,
                0.7923220474540122
            ],
            [
                0.9388702110325943,
                0.8044811949853294
            ],
            [
                0.9424349275300816,
                0.8189057282301567
            ],
            [
                0.94231358842286,
                0.8418052256532067
            ],
            [
                0.9334442595673876,
                0.845360824742268
            ],
            [
                0.875,
                0.0
            ],
            [
                0.0,
                0.0
            ]
        ],
        "c": [
            [
                0.3052184257393744,
                0.18677929199258125
            ],
            [
                0.28534595581608585,
                0.18125316327563518
            ],
            [
                0.25413292226082324,
                0.16741165334455196
            ],
            [
                0.2549046009177817,
                0.159694536470324
            ],
            [
                0.27123055185630296,
                0.16242964529898388
            ],
            [
                0.30946119503394287,
                0.17614509683369198
            ],
            [
                0.34994913530010174,
                0.22826086956521738
            ],
            [
                1.0,
                0.0
            ],
            [
                0.0,
                0.0
            ]
        ],
        "light": [
            [
                0.02563010821894636,
                0.029883129879151583
            ],
            [
                0.013287766073122636,
                0.018193304646331947
            ],
            [
                0.011349091819483475,
                0.014579527109638828
            ],
            [
                0.00886728330442065,
                0.011207835024387599
            ],
            [
                0.007884968720477859,
                0.009821408154398482
            ],
            [
                0.008966796357500454,
                0.00965626338859045
            ],
            [
                0.01530841963079694,
                0.016786570743405275
            ],
            [
                0.0,
                0.0
            ],
            [
                0.0,
                0.0
            ]
        ]
    },
    "btag_wp": 0.2783
}