{
    "pt_bins": [
        20,
        30,
        50,
        70,
        100,
        140,
        200,
        300,
        600,
        1000
    ],
    "eta_bins": [
        0.0,
        1.5,
        2.5
    ],
    "eff_map": {
        "b": [
            [
                0.9384244780660975,
                0.8939055793991416
            ],
            [
                0.9631320766359177,
                0.9156545854451563
            ],
            [
                0.9703883075326473,
                0.9245984533016062
            ],
            [
                0.9763011062075938,
                0.9304649265905384
            ],
            [
                0.9775435997575921,
                0.9284136102518781
            ],
            [
                0.9772099447513812,
                0.9375
            ],
            [
                0.9787805913141887,
                0.924791086350975
            ],
            [
                0.9725232198142415,
                0.9111111111111111
            ],
            [
                0.9926470588235294,
                1.0
            ]
        ],
        "c": [
            [
                0.5303525990548892,
                0.5369496855345912
            ],
            [
                0.5030769230769231,
                0.4699714013346044
            ],
            [
                0.5031623330990864,
                0.4799107142857143
            ],
            [
                0.47961630695443647,
                0.42450142450142453
            ],
            [
                0.4755700325732899,
                0.43829787234042555
            ],
            [
                0.5076923076923077,
                0.4676258992805755
            ],
            [
                0.5347593582887701,
                0.5416666666666666
            ],
            [
                0.5789473684210527,
                0.6774193548387096
            ],
            [
                0.75,
                0.5
            ]
        ],
        "light": [
            [
                0.3267265764812285,
                0.39901456908635263
            ],
            [
                0.2445071407170678,
                0.2510476950708441
            ],
            [
                0.19030096660808435,
                0.19871315277569954
            ],
            [
                0.15164917541229386,
                0.16727980956502922
            ],
            [
                0.13082853995838942,
                0.15139146567717995
            ],
            [
                0.11706948640483383,
                0.1503030303030303
            ],
            [
                0.12166717744406988,
                0.1941638608305275
            ],
            [
                0.1804956896551724,
                0.25072886297376096
            ],
            [
                0.3212669683257919,
                0.9090909090909091
            ]
        ]
    },
    "btag_wp": 0.049
}