{
    "pt_bins": [
        20,
        30,
        50,
        70,
        100,
        140,
        200,
        300,
        600,
        1000
    ],
    "eta_bins": [
        0.0,
        1.5,
        2.5
    ],
    "eff_map": {
        "b": [
            [
                0.9346492593338582,
                0.881317365269461
            ],
            [
                0.9691106092937496,
                0.9069214786059995
            ],
            [
                0.9822175093993465,
                0.9188294886069597
            ],
            [
                0.9846282407633923,
                0.9216552985558053
            ],
            [
                0.9835732279880097,
                0.923081314039444
            ],
            [
                0.9821253372577876,
                0.9356294536817102
            ],
            [
                0.9728230726566833,
                0.9381443298969072
            ],
            [
                1.0,
                0.0
            ],
            [
                0.0,
                0.0
            ]
        ],
        "c": [
            [
                0.6128435572486539,
                0.5425973711797436
            ],
            [
                0.69720931326066,
                0.4995647332725984
            ],
            [
                0.722242687688794,
                0.47854438367690366
            ],
            [
                0.7070194655613499,
                0.46341737323825033
            ],
            [
                0.6985131711436645,
                0.4582404714237147
            ],
            [
                0.7173261574215645,
                0.4780202889640332
            ],
            [
                0.7029501525940997,
                0.5652173913043478
            ],
            [
                1.0,
                0.0
            ],
            [
                0.0,
                0.0
            ]
        ],
        "light": [
            [
                0.249235288535723,
                0.3546789361422149
            ],
            [
                0.12088211099823187,
                0.18018630512956219
            ],
            [
                0.09376327389441645,
                0.13205789283725825
            ],
            [
                0.07583691003170426,
                0.10469814778225885
            ],
            [
                0.06657405547744974,
                0.09218098526598217
            ],
            [
                0.07066058653725474,
                0.09280558942754506
            ],
            [
                0.09095002251238181,
                0.10071942446043165
            ],
            [
                0.14285714285714285,
                0.2
            ],
            [
                0.0,
                0.0
            ]
        ]
    },
    "btag_wp": 0.049
}