{
    "pt_bins": [
        20,
        30,
        50,
        70,
        100,
        140,
        200,
        300,
        600,
        1000
    ],
    "eta_bins": [
        0.0,
        1.5,
        2.5
    ],
    "eff_map": {
        "b": [
            [
                0.547341754223321,
                0.42161447327161927
            ],
            [
                0.6713096003867103,
                0.5381468777297228
            ],
            [
                0.7219926893447796,
                0.5972037168417228
            ],
            [
                0.7449038914998455,
                0.6178476802525509
            ],
            [
                0.7595198776015737,
                0.6275787187839305
            ],
            [
                0.7669199759965833,
                0.6330307060660383
            ],
            [
                0.7637362718219719,
                0.6276951419213974
            ],
            [
                0.7300230814141677,
                0.5596304849884527
            ],
            [
                0.7109512286512921,
                0.4905997409904881
            ]
        ],
        "c": [
            [
                0.04772537969411807,
                0.03490441002923074
            ],
            [
                0.04272101641079937,
                0.03468358669966321
            ],
            [
                0.040787250627510506,
                0.03237993346818007
            ],
            [
                0.04660017703540032,
                0.031818097240570865
            ],
            [
                0.055638020878597524,
                0.037974383863254337
            ],
            [
                0.0666442829721323,
                0.042351837545524774
            ],
            [
                0.08101559376249501,
                0.04638861282980156
            ],
            [
                0.10139655195025962,
                0.05766168273909582
            ],
            [
                0.11276042944319711,
                0.05974762309258937
            ]
        ],
        "light": [
            [
                0.0025126690390880405,
                0.0019561611303111205
            ],
            [
                0.0018436860063193005,
                0.0015203109089720582
            ],
            [
                0.00154463909244658,
                0.0015453201857617675
            ],
            [
                0.001119920288627041,
                0.0014232867666386711
            ],
            [
                0.0009906570896850114,
                0.0015246820135372623
            ],
            [
                0.001214710250070983,
                0.001888270678688568
            ],
            [
                0.0016500556462280694,
                0.0028424951428744614
            ],
            [
                0.003839846531113419,
                0.006566119532243116
            ],
            [
                0.010418803730722037,
                0.013502485572368434
            ]
        ]
    },
    "btag_wp": 0.71
}