{
    "pt_bins": [
        20,
        30,
        50,
        70,
        100,
        140,
        200,
        300,
        600,
        1000
    ],
    "eta_bins": [
        0.0,
        1.5,
        2.5
    ],
    "eff_map": {
        "b": [
            [
                0.8348802072091518,
                0.7356979405034325
            ],
            [
                0.8895471857807872,
                0.7156398104265402
            ],
            [
                0.9123043258710655,
                0.7877358490566038
            ],
            [
                0.9112412177985948,
                0.763681592039801
            ],
            [
                0.9138712601994561,
                0.7958115183246073
            ],
            [
                0.9249753208292202,
                0.8194444444444444
            ],
            [
                0.8861047835990888,
                0.7777777777777778
            ],
            [
                0.9414634146341463,
                1.0
            ],
            [
                0.8823529411764706,
                1.0
            ]
        ],
        "c": [
            [
                0.28846153846153844,
                0.2019704433497537
            ],
            [
                0.24481327800829875,
                0.19618055555555555
            ],
            [
                0.18722327640733713,
                0.1485148514851485
            ],
            [
                0.19799691833590138,
                0.15714285714285714
            ],
            [
                0.18975069252077562,
                0.10810810810810811
            ],
            [
                0.2198952879581152,
                0.07936507936507936
            ],
            [
                0.16233766233766234,
                0.18518518518518517
            ],
            [
                0.29213483146067415,
                0.14285714285714285
            ],
            [
                0.7692307692307693,
                0.0
            ]
        ],
        "light": [
            [
                0.07518796992481203,
                0.03798670465337132
            ],
            [
                0.045242537313432835,
                0.02755591054313099
            ],
            [
                0.02099511072763877,
                0.016428571428571428
            ],
            [
                0.013714285714285714,
                0.012779552715654952
            ],
            [
                0.010932475884244373,
                0.013435700575815739
            ],
            [
                0.017763845350052248,
                0.010830324909747292
            ],
            [
                0.011450381679389313,
                0.015625
            ],
            [
                0.01509433962264151,
                0.022222222222222223
            ],
            [
                0.041666666666666664,
                0.0
            ]
        ]
    },
    "btag_wp": 0.2783
}