{
    "pt_bins": [
        20,
        30,
        50,
        70,
        100,
        140,
        200,
        300,
        600,
        1000
    ],
    "eta_bins": [
        0.0,
        1.5,
        2.5
    ],
    "eff_map": {
        "b": [
            [
                0.9369877635039835,
                0.8896156991005724
            ],
            [
                0.9600519241237804,
                0.9116734079578591
            ],
            [
                0.9709051384644466,
                0.9176575505350772
            ],
            [
                0.9748931819011796,
                0.9280261723009815
            ],
            [
                0.9776349530950758,
                0.9211485870556062
            ],
            [
                0.9787059787059788,
                0.9223504721930745
            ],
            [
                0.9744876021212555,
                0.941747572815534
            ],
            [
                0.9787610619469026,
                0.935064935064935
            ],
            [
                0.9872340425531915,
                1.0
            ]
        ],
        "c": [
            [
                0.5178092684795098,
                0.5433333333333333
            ],
            [
                0.5059288537549407,
                0.4557109557109557
            ],
            [
                0.47175815433572,
                0.46564885496183206
            ],
            [
                0.47756729810568294,
                0.4426229508196721
            ],
            [
                0.46630727762803237,
                0.43601895734597157
            ],
            [
                0.48375451263537905,
                0.3783783783783784
            ],
            [
                0.5497382198952879,
                0.5492957746478874
            ],
            [
                0.6485148514851485,
                0.6470588235294118
            ],
            [
                0.7307692307692307,
                0.0
            ]
        ],
        "light": [
            [
                0.2503515247385535,
                0.367808519982433
            ],
            [
                0.11773132773328124,
                0.18021065580072268
            ],
            [
                0.09465050446396167,
                0.1363970588235294
            ],
            [
                0.07335032568677428,
                0.0937253872407456
            ],
            [
                0.06889352818371608,
                0.09751924721984602
            ],
            [
                0.07085448392554991,
                0.10615711252653928
            ],
            [
                0.08731414109459032,
                0.14392059553349876
            ],
            [
                0.1458670988654781,
                0.28450704225352114
            ],
            [
                0.38636363636363635,
                0.47058823529411764
            ]
        ]
    },
    "btag_wp": 0.049
}