{
    "pt_bins": [
        20,
        30,
        50,
        70,
        100,
        140,
        200,
        300,
        600,
        1000
    ],
    "eta_bins": [
        0.0,
        1.5,
        2.5
    ],
    "eff_map": {
        "b": [
            [
                0.8011626699885809,
                0.669047639787803
            ],
            [
                0.8684297280903025,
                0.7555611170815729
            ],
            [
                0.889171160641561,
                0.7847462263447144
            ],
            [
                0.9001016426834478,
                0.7864058264313109
            ],
            [
                0.917233321635439,
                0.7926168192569288
            ],
            [
                0.9326278523594684,
                0.8040213756866491
            ],
            [
                0.9363672527863426,
                0.8135916629972112
            ],
            [
                0.9317370424449077,
                0.823820395738204
            ],
            [
                0.8888888888888888,
                0.0
            ]
        ],
        "c": [
            [
                0.26557275412394116,
                0.18602986961087722
            ],
            [
                0.241309770501275,
                0.18361996747646972
            ],
            [
                0.21802893109146523,
                0.16543475576410818
            ],
            [
                0.23261614584389512,
                0.1594779276184967
            ],
            [
                0.27027630313309986,
                0.1699917840921422
            ],
            [
                0.3060325991049295,
                0.1794727305828399
            ],
            [
                0.3406696090054054,
                0.19499233250489134
            ],
            [
                0.38306491734303705,
                0.22009330223258913
            ],
            [
                0.625,
                0.0
            ]
        ],
        "light": [
            [
                0.025724995203888715,
                0.03012386873376879
            ],
            [
                0.013694247238228647,
                0.018628949820431867
            ],
            [
                0.010679431473264611,
                0.01569360518193279
            ],
            [
                0.00916918070573879,
                0.013299539314926823
            ],
            [
                0.00969799192243393,
                0.014557601097908712
            ],
            [
                0.009733012144559005,
                0.01568822443174331
            ],
            [
                0.010942901175354042,
                0.018454194467220957
            ],
            [
                0.01560250185095182,
                0.02560529279279279
            ],
            [
                0.058823529411764705,
                0.0
            ]
        ]
    },
    "btag_wp": 0.2783
}