{
    "pt_bins": [
        20,
        30,
        50,
        70,
        100,
        140,
        200,
        300,
        600,
        1000
    ],
    "eta_bins": [
        0.0,
        1.5,
        2.5
    ],
    "eff_map": {
        "b": [
            [
                0.9117641378244746,
                0.8829431894095352
            ],
            [
                0.9422199300419825,
                0.9032532969725376
            ],
            [
                0.9548453927393525,
                0.9122873803879497
            ],
            [
                0.9610463792626803,
                0.9166807599075484
            ],
            [
                0.9649318794472642,
                0.9152370611653999
            ],
            [
                0.9678134365071785,
                0.9198230497889319
            ],
            [
                0.9707858190845772,
                0.9260712336244541
            ],
            [
                0.975567380284701,
                0.9355427251732101
            ],
            [
                0.9787149870393204,
                0.9497759716578097
            ]
        ],
        "c": [
            [
                0.5449607457422865,
                0.5414495542765846
            ],
            [
                0.5555622778492022,
                0.5000279106116146
            ],
            [
                0.5616899706477997,
                0.47556878019424614
            ],
            [
                0.5737399741879684,
                0.46028319967251546
            ],
            [
                0.5916610756336408,
                0.4660384952295272
            ],
            [
                0.6229846756159212,
                0.47919655667144906
            ],
            [
                0.6721044915367187,
                0.5184817106402078
            ],
            [
                0.7545769031715238,
                0.6252322392285234
            ],
            [
                0.800088029007923,
                0.7504579832362784
            ]
        ],
        "light": [
            [
                0.22545239018607816,
                0.34578119076607705
            ],
            [
                0.12421277799096118,
                0.1860386129319425
            ],
            [
                0.0913310330512742,
                0.13669414651036524
            ],
            [
                0.07958631349192576,
                0.11677843528212493
            ],
            [
                0.07591028035028828,
                0.11162151345896192
            ],
            [
                0.0820780533042638,
                0.12268447820255753
            ],
            [
                0.10647346517208907,
                0.16439575444159804
            ],
            [
                0.2008319407120197,
                0.3075415415314024
            ],
            [
                0.3752978738514103,
                0.5778728510050358
            ]
        ]
    },
    "btag_wp": 0.049
}