{
    "pt_bins": [
        20,
        30,
        50,
        70,
        100,
        140,
        200,
        300,
        600,
        1000
    ],
    "eta_bins": [
        0.0,
        1.5,
        2.5
    ],
    "eff_map": {
        "b": [
            [
                0.6239620047609382,
                0.4202206248923615
            ],
            [
                0.7432581299021768,
                0.5435116793521053
            ],
            [
                0.7843357636886907,
                0.6038842066691096
            ],
            [
                0.797024610059422,
                0.6242338775288822
            ],
            [
                0.7920468155912639,
                0.629109454688113
            ],
            [
                0.7826618955596034,
                0.6278068041319348
            ],
            [
                0.7689136116507568,
                0.6206209355989092
            ],
            [
                0.7352873152372742,
                0.5997536945812808
            ],
            [
                0.6115581565471836,
                0.4117647058823529
            ]
        ],
        "c": [
            [
                0.03828298528287756,
                0.033818509945466674
            ],
            [
                0.028562299590336973,
                0.028159334103339984
            ],
            [
                0.024923829978522553,
                0.02463409764563144
            ],
            [
                0.026382130503605557,
                0.024322006208135925
            ],
            [
                0.029166666666666667,
                0.024652709841518294
            ],
            [
                0.033665891195418754,
                0.02959191790629226
            ],
            [
                0.04047119197574061,
                0.0341521869382864
            ],
            [
                0.05688282138794084,
                0.03773584905660377
            ],
            [
                0.06666666666666667,
                0.015873015873015872
            ]
        ],
        "light": [
            [
                0.004167819807514097,
                0.0022564699990201094
            ],
            [
                0.001947068064901403,
                0.001470068556081702
            ],
            [
                0.0017440603454488674,
                0.0014737602909123762
            ],
            [
                0.0013471750303071695,
                0.001500224688029313
            ],
            [
                0.0013712007705479453,
                0.0017833563924646617
            ],
            [
                0.001343262332324339,
                0.002065456633385435
            ],
            [
                0.0019319308017512827,
                0.0036321562998872276
            ],
            [
                0.0032283420358205604,
                0.005473350445417484
            ],
            [
                0.00850918992511913,
                0.009018036072144289
            ]
        ]
    },
    "btag_wp": 0.71
}