{
    "pt_bins": [
        20,
        30,
        50,
        70,
        100,
        140,
        200,
        300,
        600,
        1000
    ],
    "eta_bins": [
        0.0,
        1.5,
        2.5
    ],
    "eff_map": {
        "b": [
            [
                0.6176507257992697,
                0.43765041447544345
            ],
            [
                0.7375005512841245,
                0.5584559730329688
            ],
            [
                0.7828964803185031,
                0.6250420281083989
            ],
            [
                0.7999430921648257,
                0.6597814953909183
            ],
            [
                0.8002747897188432,
                0.6414168937329701
            ],
            [
                0.7972529568866845,
                0.6637168141592921
            ],
            [
                0.7853478350092346,
                0.7172131147540983
            ],
            [
                0.7587859424920128,
                0.5306122448979592
            ],
            [
                0.8260869565217391,
                1.0
            ]
        ],
        "c": [
            [
                0.04061962134251291,
                0.03125
            ],
            [
                0.03277756726032588,
                0.03019213174748399
            ],
            [
                0.035174111853675694,
                0.016423357664233577
            ],
            [
                0.0443064182194617,
                0.0322180916976456
            ],
            [
                0.04468599033816425,
                0.03802281368821293
            ],
            [
                0.05245346869712352,
                0.03773584905660377
            ],
            [
                0.059322033898305086,
                0.05
            ],
            [
                0.03571428571428571,
                0.05660377358490566
            ],
            [
                0.13333333333333333,
                0.0
            ]
        ],
        "light": [
            [
                0.002496853762899572,
                0.0024803480119056703
            ],
            [
                0.002296341446128113,
                0.0018771382724272609
            ],
            [
                0.0026006549797726835,
                0.0020011040574109853
            ],
            [
                0.0020469546328014034,
                0.0011899313501144164
            ],
            [
                0.0015585427625170465,
                0.0026954177897574125
            ],
            [
                0.0011951000896325067,
                0.0025477707006369425
            ],
            [
                0.001664816870144284,
                0.0021436227224008574
            ],
            [
                0.0025471217524197657,
                0.0
            ],
            [
                0.009708737864077669,
                0.0
            ]
        ]
    },
    "btag_wp": 0.71
}