{
    "pt_bins": [
        20,
        30,
        50,
        70,
        100,
        140,
        200,
        300,
        600,
        1000
    ],
    "eta_bins": [
        0.0,
        1.5,
        2.5
    ],
    "eff_map": {
        "b": [
            [
                0.9472512560305351,
                0.8942003759660239
            ],
            [
                0.9641100541890217,
                0.9088544498063847
            ],
            [
                0.9716745801466176,
                0.9199418742185124
            ],
            [
                0.9746456226801484,
                0.9222241256944275
            ],
            [
                0.9743095072444394,
                0.9281429894126646
            ],
            [
                0.974350936337287,
                0.9303931570273876
            ],
            [
                0.9766052208338488,
                0.932350809374245
            ],
            [
                0.9811053668143771,
                0.9442970822281167
            ],
            [
                0.9888631090487239,
                0.984375
            ]
        ],
        "c": [
            [
                0.5016343363372537,
                0.5271312803889789
            ],
            [
                0.4774640418903692,
                0.4658350984545383
            ],
            [
                0.47779118889559447,
                0.43680124223602484
            ],
            [
                0.4820290593933214,
                0.4303914327917282
            ],
            [
                0.48707482993197276,
                0.4246272777471011
            ],
            [
                0.5048660470202296,
                0.4386645962732919
            ],
            [
                0.5279046997389034,
                0.47619047619047616
            ],
            [
                0.5839123463388562,
                0.5537190082644629
            ],
            [
                0.6936936936936937,
                0.6363636363636364
            ]
        ],
        "light": [
            [
                0.24117066241685145,
                0.3619778609171906
            ],
            [
                0.11397988234896052,
                0.1786712925878786
            ],
            [
                0.08263473053892216,
                0.1271121872814754
            ],
            [
                0.07008043613176436,
                0.1091658488714426
            ],
            [
                0.06481634212194085,
                0.10418755301920259
            ],
            [
                0.06629853894372623,
                0.1153633600442111
            ],
            [
                0.0837650661396856,
                0.15183669799019828
            ],
            [
                0.14755687325389133,
                0.2560856864654333
            ],
            [
                0.3189332157813533,
                0.49676584734799484
            ]
        ]
    },
    "btag_wp": 0.049
}