{
    "pt_bins": [
        20,
        30,
        50,
        70,
        100,
        140,
        200,
        300,
        600,
        1000
    ],
    "eta_bins": [
        0.0,
        1.5,
        2.5
    ],
    "eff_map": {
        "b": [
            [
                0.6068380933199647,
                0.4372991489211428
            ],
            [
                0.7144119299176614,
                0.5389702117140184
            ],
            [
                0.7554624812512838,
                0.5910180764339178
            ],
            [
                0.7742538591132601,
                0.6168711122710862
            ],
            [
                0.781452807503504,
                0.6307732316227462
            ],
            [
                0.7779275698705923,
                0.6415274631936579
            ],
            [
                0.7575834686087835,
                0.632344835189064
            ],
            [
                0.6979814611537992,
                0.591756624141315
            ],
            [
                0.5878815911193339,
                0.4925373134328358
            ]
        ],
        "c": [
            [
                0.05164952652479381,
                0.03660824355469797
            ],
            [
                0.039335385922072405,
                0.030263403698860453
            ],
            [
                0.03948031020243731,
                0.028524959339421993
            ],
            [
                0.04277190287706032,
                0.029791929382093317
            ],
            [
                0.04499748617395676,
                0.033619456366237484
            ],
            [
                0.053141237600377894,
                0.03211325966850829
            ],
            [
                0.05745368009518953,
                0.036882807852468766
            ],
            [
                0.06355455568053993,
                0.037037037037037035
            ],
            [
                0.05112474437627812,
                0.044444444444444446
            ]
        ],
        "light": [
            [
                0.012308497146150246,
                0.003986587348343573
            ],
            [
                0.007276710478069815,
                0.003018295205246927
            ],
            [
                0.004183456811293064,
                0.002535575359154973
            ],
            [
                0.0031979325330080055,
                0.002137311349559452
            ],
            [
                0.0024004838770649833,
                0.0021411404850338648
            ],
            [
                0.0018561533037454892,
                0.0017268017813323639
            ],
            [
                0.001734636080430473,
                0.003218372536554355
            ],
            [
                0.0027241430923514443,
                0.00564470607209096
            ],
            [
                0.010498046875,
                0.012755102040816327
            ]
        ]
    },
    "btag_wp": 0.71
}