{
    "pt_bins": [
        20,
        30,
        50,
        70,
        100,
        140,
        200,
        300,
        600,
        1000
    ],
    "eta_bins": [
        0.0,
        1.5,
        2.5
    ],
    "eff_map": {
        "b": [
            [
                0.8397074314681774,
                0.6667965171981765
            ],
            [
                0.9040099346439174,
                0.7516647455710793
            ],
            [
                0.920437561699288,
                0.7858006906107726
            ],
            [
                0.9230040064821168,
                0.7974669603524229
            ],
            [
                0.9186804074863776,
                0.7974654259421109
            ],
            [
                0.9132489431453734,
                0.8029922522041143
            ],
            [
                0.9064788469611456,
                0.8022998060404544
            ],
            [
                0.8939416830336909,
                0.7891832229580574
            ],
            [
                0.8546754020250149,
                0.7419354838709677
            ]
        ],
        "c": [
            [
                0.24340960867271932,
                0.19553270214386767
            ],
            [
                0.20141786204503975,
                0.17702285481271482
            ],
            [
                0.16902379435740722,
                0.15190567589799836
            ],
            [
                0.16209405483003103,
                0.1417755286179436
            ],
            [
                0.16256528996823003,
                0.1377875673029858
            ],
            [
                0.1750392091630626,
                0.14691817215727948
            ],
            [
                0.19824561403508772,
                0.16537793908789647
            ],
            [
                0.2588134135855546,
                0.19742007851934942
            ],
            [
                0.2694610778443114,
                0.2698412698412698
            ]
        ],
        "light": [
            [
                0.04023108813653326,
                0.034750318862106264
            ],
            [
                0.01962335099752465,
                0.020766075289518113
            ],
            [
                0.011044483753238372,
                0.014977639301110648
            ],
            [
                0.008955310617360478,
                0.012805770658746154
            ],
            [
                0.008511803477478534,
                0.01353341423837899
            ],
            [
                0.008769598724422003,
                0.015159952270015343
            ],
            [
                0.011884886853893582,
                0.021741724541180403
            ],
            [
                0.02295539844636467,
                0.03787018101946527
            ],
            [
                0.05502717391304348,
                0.09348441926345609
            ]
        ]
    },
    "btag_wp": 0.2783
}