{
    "pt_bins": [
        20,
        30,
        50,
        70,
        100,
        140,
        200,
        300,
        600,
        1000
    ],
    "eta_bins": [
        0.0,
        1.5,
        2.5
    ],
    "eff_map": {
        "b": [
            [
                0.6037814253064616,
                0.45076060848678945
            ],
            [
                0.703787817341228,
                0.550556586270872
            ],
            [
                0.7551971660296448,
                0.6024844720496895
            ],
            [
                0.7763036099969145,
                0.6371681415929203
            ],
            [
                0.7679761487197475,
                0.6486042692939245
            ],
            [
                0.7777777777777778,
                0.68
            ],
            [
                0.7574568288854003,
                0.5641025641025641
            ],
            [
                0.7430555555555556,
                0.6923076923076923
            ],
            [
                0.8275862068965517,
                0.7142857142857143
            ]
        ],
        "c": [
            [
                0.03474903474903475,
                0.04335260115606936
            ],
            [
                0.02902675014228799,
                0.022
            ],
            [
                0.028067361668003207,
                0.01948051948051948
            ],
            [
                0.019315188762071993,
                0.03914590747330961
            ],
            [
                0.0348993288590604,
                0.02247191011235955
            ],
            [
                0.02850877192982456,
                0.034482758620689655
            ],
            [
                0.030303030303030304,
                0.030303030303030304
            ],
            [
                0.08860759493670886,
                0.07142857142857142
            ],
            [
                0.0,
                0.0
            ]
        ],
        "light": [
            [
                0.004640909618285184,
                0.0020502306509482316
            ],
            [
                0.00199203187250996,
                0.0016207455429497568
            ],
            [
                0.0014127144298688194,
                0.003771213073538655
            ],
            [
                0.0009613073780341264,
                0.002274450341167551
            ],
            [
                0.0021969974368363236,
                0.0013908205841446453
            ],
            [
                0.0005966587112171838,
                0.0024390243902439024
            ],
            [
                0.003436426116838488,
                0.020942408376963352
            ],
            [
                0.006864988558352402,
                0.0
            ],
            [
                0.0,
                0.5
            ]
        ]
    },
    "btag_wp": 0.71
}