{
    "pt_bins": [
        20,
        30,
        50,
        70,
        100,
        140,
        200,
        300,
        600,
        1000
    ],
    "eta_bins": [
        0.0,
        1.5,
        2.5
    ],
    "eff_map": {
        "b": [
            [
                0.614545151616128,
                0.4207364993825081
            ],
            [
                0.7213274901853374,
                0.5309302011610638
            ],
            [
                0.7578890885707229,
                0.584675931619727
            ],
            [
                0.7712496923211294,
                0.6049547230382507
            ],
            [
                0.7736732012877545,
                0.6200438596491228
            ],
            [
                0.767954756420394,
                0.6339381003201707
            ],
            [
                0.7587710481963107,
                0.634600220785365
            ],
            [
                0.7242762128325508,
                0.5680256527714155
            ],
            [
                0.5956303724928367,
                0.4155844155844156
            ]
        ],
        "c": [
            [
                0.04553734061930783,
                0.03491185620463187
            ],
            [
                0.035405057865409345,
                0.033979475484606614
            ],
            [
                0.03414390406395736,
                0.029518384256861728
            ],
            [
                0.03456627036547776,
                0.030758226037195996
            ],
            [
                0.037389530931339225,
                0.023017902813299233
            ],
            [
                0.0435244161358811,
                0.0472972972972973
            ],
            [
                0.053003533568904596,
                0.021739130434782608
            ],
            [
                0.07058823529411765,
                0.047058823529411764
            ],
            [
                0.07042253521126761,
                0.0
            ]
        ],
        "light": [
            [
                0.008221646138776666,
                0.0035187860631254266
            ],
            [
                0.004860224565494919,
                0.0029489582184985116
            ],
            [
                0.003272132339574623,
                0.0027243316873829387
            ],
            [
                0.003038870617198469,
                0.002354656052026686
            ],
            [
                0.002121956667411213,
                0.0018783752054472881
            ],
            [
                0.0018708470421263145,
                0.0033026657230478887
            ],
            [
                0.001830873097608422,
                0.0005060728744939271
            ],
            [
                0.0012381345439537762,
                0.006297229219143577
            ],
            [
                0.0,
                0.0
            ]
        ]
    },
    "btag_wp": 0.71
}