{
    "pt_bins": [
        20,
        30,
        50,
        70,
        100,
        140,
        200,
        300,
        600,
        1000
    ],
    "eta_bins": [
        0.0,
        1.5,
        2.5
    ],
    "eff_map": {
        "b": [
            [
                0.599247412982126,
                0.43982494529540483
            ],
            [
                0.7035830618892508,
                0.5570093457943925
            ],
            [
                0.7523809523809524,
                0.5766016713091922
            ],
            [
                0.7647058823529411,
                0.6214099216710183
            ],
            [
                0.7863466121893088,
                0.5865921787709497
            ],
            [
                0.8006085842408712,
                0.6698113207547169
            ],
            [
                0.8109783089862771,
                0.5504587155963303
            ],
            [
                0.7619047619047619,
                0.0
            ],
            [
                0.0,
                0.0
            ]
        ],
        "c": [
            [
                0.046987951807228916,
                0.03436657681940701
            ],
            [
                0.03105211885046274,
                0.03834355828220859
            ],
            [
                0.02760885429335928,
                0.02844950213371266
            ],
            [
                0.03392031161243204,
                0.0188556566970091
            ],
            [
                0.0366059695888868,
                0.03736263736263736
            ],
            [
                0.04701983034660974,
                0.0381451009723261
            ],
            [
                0.059297639608520435,
                0.031914893617021274
            ],
            [
                0.09174311926605505,
                0.0
            ],
            [
                0.0,
                0.0
            ]
        ],
        "light": [
            [
                0.002027112631445585,
                0.002090498347831951
            ],
            [
                0.0012489592006661116,
                0.0015433289605679451
            ],
            [
                0.002367758186397985,
                0.0014732965009208103
            ],
            [
                0.0011546810770865087,
                0.00048152160828217165
            ],
            [
                0.0014910297724977154,
                0.0019498245157935786
            ],
            [
                0.0016246953696181965,
                0.0012447099825740602
            ],
            [
                0.0019522450818441207,
                0.0030659172202350538
            ],
            [
                0.0,
                0.010869565217391304
            ],
            [
                0.0,
                0.0
            ]
        ]
    },
    "btag_wp": 0.71
}