{
    "pt_bins": [
        20,
        30,
        50,
        70,
        100,
        140,
        200,
        300,
        600,
        1000
    ],
    "eta_bins": [
        0.0,
        1.5,
        2.5
    ],
    "eff_map": {
        "b": [
            [
                0.4811126373626374,
                0.3024523160762943
            ],
            [
                0.5662616558349817,
                0.39490445859872614
            ],
            [
                0.3520408163265306,
                0.2857142857142857
            ],
            [
                0.2571428571428571,
                0.0
            ],
            [
                0.0,
                0.0
            ],
            [
                0.0,
                0.0
            ],
            [
                0.0,
                0.0
            ],
            [
                0.0,
                0.0
            ],
            [
                0.0,
                0.0
            ]
        ],
        "c": [
            [
                0.06321650835244022,
                0.04081632653061224
            ],
            [
                0.05137395459976105,
                0.0
            ],
            [
                0.01818181818181818,
                0.0
            ],
            [
                0.5,
                0.0
            ],
            [
                0.3333333333333333,
                0.0
            ],
            [
                0.0,
                0.0
            ],
            [
                0.0,
                0.0
            ],
            [
                0.0,
                0.0
            ],
            [
                0.0,
                0.0
            ]
        ],
        "light": [
            [
                0.010481493612839829,
                0.003656998738965952
            ],
            [
                0.047327204630575416,
                0.013172966781214204
            ],
            [
                0.10945273631840796,
                0.030864197530864196
            ],
            [
                0.1935483870967742,
                0.11320754716981132
            ],
            [
                0.20408163265306123,
                0.0
            ],
            [
                0.16666666666666666,
                0.0
            ],
            [
                0.375,
                0.0
            ],
            [
                0.0,
                0.0
            ],
            [
                0.0,
                0.0
            ]
        ]
    },
    "btag_wp": 0.71
}