{
    "pt_bins": [
        20,
        30,
        50,
        70,
        100,
        140,
        200,
        300,
        600,
        1000
    ],
    "eta_bins": [
        0.0,
        1.5,
        2.5
    ],
    "eff_map": {
        "b": [
            [
                0.9405914583802447,
                0.8825297583263196
            ],
            [
                0.9682380958646369,
                0.9034589571502323
            ],
            [
                0.9763785432185172,
                0.9117684397613305
            ],
            [
                0.9786554721220363,
                0.9173107773078606
            ],
            [
                0.9784857032243792,
                0.9184836471754212
            ],
            [
                0.9753086419753086,
                0.9299957573186254
            ],
            [
                0.9742112841995025,
                0.9308016877637131
            ],
            [
                0.9766265060240964,
                0.9287257019438445
            ],
            [
                0.9545454545454546,
                0.9375
            ]
        ],
        "c": [
            [
                0.5725872557055955,
                0.5541182682154171
            ],
            [
                0.559727923067902,
                0.5112486491796837
            ],
            [
                0.5425901847540141,
                0.4888406695598264
            ],
            [
                0.5363498048554607,
                0.4779991697799917
            ],
            [
                0.5288702473036279,
                0.45393258426966293
            ],
            [
                0.5317568888020324,
                0.4675036927621861
            ],
            [
                0.5754651964162646,
                0.509765625
            ],
            [
                0.6682615629984051,
                0.6463414634146342
            ],
            [
                0.7191201353637902,
                0.76
            ]
        ],
        "light": [
            [
                0.2518496636364857,
                0.3453934266915197
            ],
            [
                0.1449972996454317,
                0.19389612707478138
            ],
            [
                0.10189513947917471,
                0.14283740370997272
            ],
            [
                0.0852317040520563,
                0.12147134302822926
            ],
            [
                0.0814114873471871,
                0.11435655070891765
            ],
            [
                0.08564248180423643,
                0.1293152235427278
            ],
            [
                0.10981006195111989,
                0.17424708051628765
            ],
            [
                0.18331321665660832,
                0.28378378378378377
            ],
            [
                0.31592689295039167,
                0.5079365079365079
            ]
        ]
    },
    "btag_wp": 0.049
}