{
    "pt_bins": [
        20,
        30,
        50,
        70,
        100,
        140,
        200,
        300,
        600,
        1000
    ],
    "eta_bins": [
        0.0,
        1.5,
        2.5
    ],
    "eff_map": {
        "b": [
            [
                0.8376387322936518,
                0.6652768882905726
            ],
            [
                0.9026216390864695,
                0.7507940518299285
            ],
            [
                0.9193897042567701,
                0.7858497957175139
            ],
            [
                0.9222339687405177,
                0.798539347783636
            ],
            [
                0.9185172832300323,
                0.796782985694313
            ],
            [
                0.9135216534079694,
                0.7979368932038835
            ],
            [
                0.9093270247143505,
                0.7993483367431992
            ],
            [
                0.8968114448519383,
                0.7849243306169965
            ],
            [
                0.8533716675378986,
                0.6382978723404256
            ]
        ],
        "c": [
            [
                0.23874916783785782,
                0.1915686863754179
            ],
            [
                0.2005256851142062,
                0.1757283559473793
            ],
            [
                0.16802518269937458,
                0.1522604981416764
            ],
            [
                0.15982026207085984,
                0.13930781843158688
            ],
            [
                0.16186730755225404,
                0.1365798414496036
            ],
            [
                0.17390602813992515,
                0.14589438602539792
            ],
            [
                0.2018926112120316,
                0.16334323292320746
            ],
            [
                0.25312463497254994,
                0.2
            ],
            [
                0.2958257713248639,
                0.22093023255813954
            ]
        ],
        "light": [
            [
                0.03946088912720689,
                0.03537090101817889
            ],
            [
                0.0196709377365703,
                0.021204515233135268
            ],
            [
                0.011292947770008402,
                0.014672870495081834
            ],
            [
                0.008999997539303476,
                0.012691216152184864
            ],
            [
                0.008697726878361964,
                0.014005368281580416
            ],
            [
                0.009144189620205667,
                0.01662094561884783
            ],
            [
                0.012491312941686147,
                0.0238301651407185
            ],
            [
                0.022703755554202933,
                0.041799686164168605
            ],
            [
                0.06358800773694391,
                0.09097222222222222
            ]
        ]
    },
    "btag_wp": 0.2783
}