{
    "pt_bins": [
        20,
        30,
        50,
        70,
        100,
        140,
        200,
        300,
        600,
        1000
    ],
    "eta_bins": [
        0.0,
        1.5,
        2.5
    ],
    "eff_map": {
        "b": [
            [
                0.9214467871125319,
                0.8815373021853805
            ],
            [
                0.9522709776751347,
                0.9110077519379844
            ],
            [
                0.9649883168764604,
                0.9180912739705663
            ],
            [
                0.9704683434518647,
                0.9252986541660366
            ],
            [
                0.9740069406998769,
                0.9246136449302677
            ],
            [
                0.9765859054525342,
                0.9183726353977715
            ],
            [
                0.9733571064696892,
                0.9053420805998126
            ],
            [
                0.9763313609467456,
                1.0
            ],
            [
                0.0,
                0.0
            ]
        ],
        "c": [
            [
                0.5691463611424883,
                0.5391973868408773
            ],
            [
                0.5899696048632219,
                0.5039159503342885
            ],
            [
                0.5919150722725365,
                0.4856220657276995
            ],
            [
                0.596089229046108,
                0.4632975719932242
            ],
            [
                0.6056115227707934,
                0.4476102941176471
            ],
            [
                0.6144821846141652,
                0.4713114754098361
            ],
            [
                0.6146020347097546,
                0.48760330578512395
            ],
            [
                0.5223880597014925,
                0.6
            ],
            [
                0.0,
                0.0
            ]
        ],
        "light": [
            [
                0.2315512302394892,
                0.3454903393408021
            ],
            [
                0.11799022825056515,
                0.17945485261857333
            ],
            [
                0.09015522377658926,
                0.1339254615116684
            ],
            [
                0.0768255536346423,
                0.11330241428633349
            ],
            [
                0.07373795602404677,
                0.10913786073483442
            ],
            [
                0.07761226252158894,
                0.1200816708494619
            ],
            [
                0.08322069496142569,
                0.1357236285296607
            ],
            [
                0.11959876543209877,
                0.1917808219178082
            ],
            [
                0.0,
                0.0
            ]
        ]
    },
    "btag_wp": 0.049
}