{
    "pt_bins": [
        20,
        30,
        50,
        70,
        100,
        140,
        200,
        300,
        600,
        1000
    ],
    "eta_bins": [
        0.0,
        1.5,
        2.5
    ],
    "eff_map": {
        "b": [
            [
                0.8237898012403304,
                0.6900901536670137
            ],
            [
                0.8812239785653101,
                0.754804488082396
            ],
            [
                0.8973946974966961,
                0.7817453203879003
            ],
            [
                0.9076296889682809,
                0.8053218920404108
            ],
            [
                0.9123721693406207,
                0.8203615197714469
            ],
            [
                0.912646523933895,
                0.8136805351058012
            ],
            [
                0.9112374539448609,
                0.8178118266698587
            ],
            [
                0.9022112054106407,
                0.7978324301792413
            ],
            [
                0.8745924798956749,
                0.8586956521739131
            ]
        ],
        "c": [
            [
                0.20402611534276388,
                0.16893990016115717
            ],
            [
                0.1943914727904129,
                0.1685195743063474
            ],
            [
                0.18468851993756208,
                0.15935034802784223
            ],
            [
                0.18282747603833865,
                0.15127588968989586
            ],
            [
                0.19381196208737336,
                0.1539509536784741
            ],
            [
                0.2030110721036997,
                0.1622081712062257
            ],
            [
                0.22403335860500379,
                0.17490494296577946
            ],
            [
                0.2498558246828143,
                0.18352601156069365
            ],
            [
                0.2802690582959641,
                0.1978021978021978
            ]
        ],
        "light": [
            [
                0.022384925033545302,
                0.03184534498964534
            ],
            [
                0.012361352926766952,
                0.018872845183556024
            ],
            [
                0.010241108254878785,
                0.015478380437408254
            ],
            [
                0.008838926505506274,
                0.012747977368939109
            ],
            [
                0.007684938911157611,
                0.012126709794466593
            ],
            [
                0.008087299704543985,
                0.015418428852109627
            ],
            [
                0.010409523127155856,
                0.020973089675379752
            ],
            [
                0.020889160515882344,
                0.04124554817595534
            ],
            [
                0.06188925081433225,
                0.08545335942596216
            ]
        ]
    },
    "btag_wp": 0.2783
}