{
    "pt_bins": [
        20,
        30,
        50,
        70,
        100,
        140,
        200,
        300,
        600,
        1000
    ],
    "eta_bins": [
        0.0,
        1.5,
        2.5
    ],
    "eff_map": {
        "b": [
            [
                0.6120576671035387,
                0.4527027027027027
            ],
            [
                0.7593869731800766,
                0.527027027027027
            ],
            [
                0.8032085561497326,
                0.4891304347826087
            ],
            [
                0.784503631961259,
                0.7
            ],
            [
                0.7878787878787878,
                0.5897435897435898
            ],
            [
                0.8122171945701357,
                0.55
            ],
            [
                0.8211382113821138,
                0.375
            ],
            [
                0.8173913043478261,
                0.3333333333333333
            ],
            [
                0.7272727272727273,
                0.0
            ]
        ],
        "c": [
            [
                0.060859188544152745,
                0.034482758620689655
            ],
            [
                0.036028823058446756,
                0.026455026455026454
            ],
            [
                0.027968337730870714,
                0.021037868162692847
            ],
            [
                0.028185076572173347,
                0.020654044750430294
            ],
            [
                0.0383514596451059,
                0.0169971671388102
            ],
            [
                0.047232097511427124,
                0.03211009174311927
            ],
            [
                0.06928406466512702,
                0.053763440860215055
            ],
            [
                0.06451612903225806,
                0.038461538461538464
            ],
            [
                0.047619047619047616,
                0.0
            ]
        ],
        "light": [
            [
                0.028548289127353715,
                0.002941963091735758
            ],
            [
                0.01555848368132982,
                0.002207830438622314
            ],
            [
                0.008430675469781615,
                0.002036659877800407
            ],
            [
                0.006565509191712868,
                0.000877963125548727
            ],
            [
                0.007507118819570282,
                0.005494505494505495
            ],
            [
                0.004747518342684506,
                0.0
            ],
            [
                0.0029985007496251873,
                0.003125
            ],
            [
                0.004559270516717325,
                0.007874015748031496
            ],
            [
                0.0,
                0.0
            ]
        ]
    },
    "btag_wp": 0.71
}