{
    "pt_bins": [
        20,
        30,
        50,
        70,
        100,
        140,
        200,
        300,
        600,
        1000
    ],
    "eta_bins": [
        0.0,
        1.5,
        2.5
    ],
    "eff_map": {
        "b": [
            [
                0.9250490625913399,
                0.8873701068941116
            ],
            [
                0.9590568962397023,
                0.910477036946228
            ],
            [
                0.9688327432305415,
                0.9169784763356987
            ],
            [
                0.9718182066721801,
                0.9218643420370521
            ],
            [
                0.9710810303570591,
                0.928062048107075
            ],
            [
                0.9711716053198121,
                0.9353120136834578
            ],
            [
                0.9739577041791804,
                0.9353363354911343
            ],
            [
                0.9737226839027393,
                0.9366626065773447
            ],
            [
                0.9700090334236676,
                0.9210526315789473
            ]
        ],
        "c": [
            [
                0.5110992928755737,
                0.5301600143833154
            ],
            [
                0.4809278350515464,
                0.4842298552603154
            ],
            [
                0.47102428477664954,
                0.4388888888888889
            ],
            [
                0.47671300688915474,
                0.4179067765342516
            ],
            [
                0.47736225783821706,
                0.41988078541374474
            ],
            [
                0.49402909459361655,
                0.42543436293436293
            ],
            [
                0.5275071351244957,
                0.4789555728760717
            ],
            [
                0.586493860845839,
                0.5451289398280802
            ],
            [
                0.6675485008818343,
                0.6990291262135923
            ]
        ],
        "light": [
            [
                0.23638848566832957,
                0.35756692585301114
            ],
            [
                0.11697254427004483,
                0.18360358090142828
            ],
            [
                0.0857876402461093,
                0.13444806135721843
            ],
            [
                0.07361369531854789,
                0.1142698817839871
            ],
            [
                0.06985445523669857,
                0.10734167756398282
            ],
            [
                0.07167335247740342,
                0.11821496787636743
            ],
            [
                0.08991159320333564,
                0.1574666493977464
            ],
            [
                0.1523690221796478,
                0.26276610231038083
            ],
            [
                0.311450235147327,
                0.509929906542056
            ]
        ]
    },
    "btag_wp": 0.049
}