{
    "pt_bins": [
        20,
        30,
        50,
        70,
        100,
        140,
        200,
        300,
        600,
        1000
    ],
    "eta_bins": [
        0.0,
        1.5,
        2.5
    ],
    "eff_map": {
        "b": [
            [
                0.9462071697365815,
                0.8954285714285715
            ],
            [
                0.9665838375108038,
                0.9136950437844181
            ],
            [
                0.9712962456964861,
                0.9177046263345195
            ],
            [
                0.9744847050774011,
                0.9466056445461479
            ],
            [
                0.9772081901061127,
                0.9228971962616822
            ],
            [
                0.9777107424166248,
                0.9096774193548387
            ],
            [
                0.974548819990745,
                0.8811881188118812
            ],
            [
                0.9693140794223827,
                0.84
            ],
            [
                1.0,
                1.0
            ]
        ],
        "c": [
            [
                0.47930117736422334,
                0.5120068610634648
            ],
            [
                0.48840927258193445,
                0.44830917874396137
            ],
            [
                0.47513812154696133,
                0.3952483801295896
            ],
            [
                0.4753623188405797,
                0.3895705521472393
            ],
            [
                0.49868073878627966,
                0.4125560538116592
            ],
            [
                0.4729458917835671,
                0.3973509933774834
            ],
            [
                0.5408805031446541,
                0.4117647058823529
            ],
            [
                0.5849056603773585,
                0.3333333333333333
            ],
            [
                0.75,
                1.0
            ]
        ],
        "light": [
            [
                0.23743794109134625,
                0.3638031835445739
            ],
            [
                0.11407360606539252,
                0.17521424745581146
            ],
            [
                0.0851475221999427,
                0.12329397331697592
            ],
            [
                0.07199851549452589,
                0.10896196002578981
            ],
            [
                0.06432501057977148,
                0.10121049092131809
            ],
            [
                0.06822529224229543,
                0.11572535991140642
            ],
            [
                0.08766362554541848,
                0.16186252771618626
            ],
            [
                0.14768883878241262,
                0.23272727272727273
            ],
            [
                0.3170731707317073,
                0.625
            ]
        ]
    },
    "btag_wp": 0.049
}