{
    "pt_bins": [
        20,
        30,
        50,
        70,
        100,
        140,
        200,
        300,
        600,
        1000
    ],
    "eta_bins": [
        0.0,
        1.5,
        2.5
    ],
    "eff_map": {
        "b": [
            [
                0.8421463485479062,
                0.6885887349439532
            ],
            [
                0.8939578245086063,
                0.7614391930883939
            ],
            [
                0.9097309616337134,
                0.7924030955358048
            ],
            [
                0.9125155990016639,
                0.8012040821321064
            ],
            [
                0.911751212976494,
                0.8105148746024717
            ],
            [
                0.9123943922544042,
                0.8198226477281645
            ],
            [
                0.9125943337869603,
                0.8098574534911814
            ],
            [
                0.9236829148202855,
                0.8160919540229885
            ],
            [
                0.9470997679814385,
                0.78125
            ]
        ],
        "c": [
            [
                0.20070261188330532,
                0.16784440842787682
            ],
            [
                0.1895340359249685,
                0.16694124107633168
            ],
            [
                0.18050694025347014,
                0.14953416149068324
            ],
            [
                0.18334183023196532,
                0.14641802067946824
            ],
            [
                0.1886904761904762,
                0.15847598012147984
            ],
            [
                0.20098414434117004,
                0.15100931677018634
            ],
            [
                0.2212793733681462,
                0.16112198303979125
            ],
            [
                0.25734901122394443,
                0.22038567493112948
            ],
            [
                0.2635135135135135,
                0.22727272727272727
            ]
        ],
        "light": [
            [
                0.023134354212860312,
                0.03256900785538885
            ],
            [
                0.012847841533620452,
                0.01911632455489432
            ],
            [
                0.010187220495717426,
                0.014319559976203646
            ],
            [
                0.008049697603952443,
                0.012208047105004907
            ],
            [
                0.0074834833792007775,
                0.012146217320891493
            ],
            [
                0.0073467549857212265,
                0.01403702680298425
            ],
            [
                0.009631647349961723,
                0.01937862506182276
            ],
            [
                0.018416101260049035,
                0.040453217668407544
            ],
            [
                0.059069869958122107,
                0.08926261319534282
            ]
        ]
    },
    "btag_wp": 0.2783
}