{
    "pt_bins": [
        20,
        30,
        50,
        70,
        100,
        140,
        200,
        300,
        600,
        1000
    ],
    "eta_bins": [
        0.0,
        1.5,
        2.5
    ],
    "eff_map": {
        "b": [
            [
                0.597454137614607,
                0.4361990674427818
            ],
            [
                0.7077989193968144,
                0.5398562336889337
            ],
            [
                0.7497057811947975,
                0.5926007265672898
            ],
            [
                0.7694349850294475,
                0.6167833101317721
            ],
            [
                0.7767988581093477,
                0.6339270825437732
            ],
            [
                0.774023720982162,
                0.6401229919678715
            ],
            [
                0.7560571530797172,
                0.6262982372558361
            ],
            [
                0.7077272054835051,
                0.5758045754168283
            ],
            [
                0.6033950617283951,
                0.5103448275862069
            ]
        ],
        "c": [
            [
                0.03908510206193073,
                0.03502165752237944
            ],
            [
                0.029304639122931683,
                0.03065247541724455
            ],
            [
                0.025415351665268003,
                0.025843563831070164
            ],
            [
                0.026489248433092215,
                0.023700138554656167
            ],
            [
                0.02893351182507809,
                0.027967097532314925
            ],
            [
                0.032705863991468034,
                0.03222795651696497
            ],
            [
                0.04332802909752216,
                0.03979639055992596
            ],
            [
                0.0581024349286314,
                0.053738317757009345
            ],
            [
                0.05972323379461034,
                0.042105263157894736
            ]
        ],
        "light": [
            [
                0.00184537313668665,
                0.001978855417412351
            ],
            [
                0.0009390355501350917,
                0.0012002460008332285
            ],
            [
                0.0009491764677249579,
                0.0013494333291796722
            ],
            [
                0.0008904617127592085,
                0.0012591028398886938
            ],
            [
                0.0010832433644562354,
                0.0014027777777777777
            ],
            [
                0.001187578141596927,
                0.0024425925442148437
            ],
            [
                0.0016385613595942296,
                0.003319735546490364
            ],
            [
                0.0029556843094268714,
                0.005455392189475085
            ],
            [
                0.0069811320754716985,
                0.010033444816053512
            ]
        ]
    },
    "btag_wp": 0.71
}