{
    "pt_bins": [
        20,
        30,
        50,
        70,
        100,
        140,
        200,
        300,
        600,
        1000
    ],
    "eta_bins": [
        0.0,
        1.5,
        2.5
    ],
    "eff_map": {
        "b": [
            [
                0.9412820412781397,
                0.8983984845875668
            ],
            [
                0.9630188679245283,
                0.9103657938609395
            ],
            [
                0.9715507239466615,
                0.9237875288683602
            ],
            [
                0.975814603127929,
                0.9274084124830394
            ],
            [
                0.9757472826086957,
                0.9235569422776911
            ],
            [
                0.9780723058774548,
                0.9208053691275168
            ],
            [
                0.9805601317957167,
                0.9356223175965666
            ],
            [
                0.9787685774946921,
                0.8870967741935484
            ],
            [
                1.0,
                1.0
            ]
        ],
        "c": [
            [
                0.52647412755716,
                0.5640025990903184
            ],
            [
                0.5174544331170837,
                0.5007874015748032
            ],
            [
                0.5158394931362197,
                0.4430379746835443
            ],
            [
                0.5148452305748579,
                0.45535714285714285
            ],
            [
                0.49701619778346123,
                0.45098039215686275
            ],
            [
                0.49580838323353293,
                0.4745762711864407
            ],
            [
                0.5164835164835165,
                0.48
            ],
            [
                0.5833333333333334,
                0.53125
            ],
            [
                0.6176470588235294,
                1.0
            ]
        ],
        "light": [
            [
                0.32104681164762255,
                0.40027031454783746
            ],
            [
                0.2294181406119131,
                0.2673463083101637
            ],
            [
                0.18287560581583198,
                0.21199942586479115
            ],
            [
                0.14983025273481704,
                0.16482084690553747
            ],
            [
                0.1318873098977811,
                0.15537383177570094
            ],
            [
                0.11829871414441147,
                0.1603905160390516
            ],
            [
                0.1392150285139215,
                0.17002881844380405
            ],
            [
                0.1685319289005925,
                0.28205128205128205
            ],
            [
                0.22085889570552147,
                0.14285714285714285
            ]
        ]
    },
    "btag_wp": 0.049
}