{
    "pt_bins": [
        20,
        30,
        50,
        70,
        100,
        140,
        200,
        300,
        600,
        1000
    ],
    "eta_bins": [
        0.0,
        1.5,
        2.5
    ],
    "eff_map": {
        "b": [
            [
                0.7464531317762221,
                0.6490524781341108
            ],
            [
                0.8314734380220514,
                0.7279747661518382
            ],
            [
                0.8575873692702181,
                0.7631016321635292
            ],
            [
                0.8651481139740818,
                0.7648122229997667
            ],
            [
                0.8705457176255439,
                0.7722914669223394
            ],
            [
                0.8824918912261014,
                0.7890061829335553
            ],
            [
                0.8958437587673844,
                0.8096088176623728
            ],
            [
                0.8975822623757352,
                0.8231262209122999
            ],
            [
                0.8549049143287516,
                0.7495495495495496
            ]
        ],
        "c": [
            [
                0.20795396467849098,
                0.17531997102149238
            ],
            [
                0.1994749147215515,
                0.17793050782741504
            ],
            [
                0.18415144915396214,
                0.15826158261582615
            ],
            [
                0.18923779222575737,
                0.1589527816736793
            ],
            [
                0.20053036999621165,
                0.15725986597170513
            ],
            [
                0.20829255271821337,
                0.1660468575678691
            ],
            [
                0.2317468619246862,
                0.16917670682730923
            ],
            [
                0.25496613136463964,
                0.20622568093385213
            ],
            [
                0.28086164043082024,
                0.24358974358974358
            ]
        ],
        "light": [
            [
                0.021684894455853913,
                0.0315962814164253
            ],
            [
                0.012738886161426734,
                0.019222722292672176
            ],
            [
                0.010105163202423868,
                0.015364801917076202
            ],
            [
                0.008439572715213292,
                0.01323412211868563
            ],
            [
                0.007345316907280783,
                0.013106811193589465
            ],
            [
                0.007959392082657536,
                0.015400729304057724
            ],
            [
                0.011033174946935169,
                0.022432446742794612
            ],
            [
                0.02147766323024055,
                0.04052561837455831
            ],
            [
                0.059841657542322915,
                0.0979702300405954
            ]
        ]
    },
    "btag_wp": 0.2783
}