{
    "pt_bins": [
        20,
        30,
        50,
        70,
        100,
        140,
        200,
        300,
        600,
        1000
    ],
    "eta_bins": [
        0.0,
        1.5,
        2.5
    ],
    "eff_map": {
        "b": [
            [
                0.7887554585152838,
                0.6741901776384535
            ],
            [
                0.85035699389062,
                0.7523849025300705
            ],
            [
                0.8755325705404754,
                0.7798668233450842
            ],
            [
                0.8865720135303543,
                0.7837116154873164
            ],
            [
                0.8930255808393645,
                0.7966442953020134
            ],
            [
                0.896832459246076,
                0.8004462072384729
            ],
            [
                0.8989821230005988,
                0.7954651706404862
            ],
            [
                0.9168210807549771,
                0.7947822035872351
            ],
            [
                0.9241393527107813,
                0.8444444444444444
            ]
        ],
        "c": [
            [
                0.24371266897202137,
                0.17786470317533365
            ],
            [
                0.22710437710437711,
                0.19195539625647154
            ],
            [
                0.1891135520884349,
                0.16770740410347904
            ],
            [
                0.17980711271850514,
                0.1586452762923351
            ],
            [
                0.1908010822256205,
                0.14988445031363487
            ],
            [
                0.21886378372986184,
                0.16124614857925368
            ],
            [
                0.2643870188035403,
                0.19246092552865462
            ],
            [
                0.35108635610384825,
                0.24453280318091453
            ],
            [
                0.40765422696115766,
                0.3201581027667984
            ]
        ],
        "light": [
            [
                0.02577396605307196,
                0.02854466490675296
            ],
            [
                0.01605324980422866,
                0.019649750288966917
            ],
            [
                0.011731263167008166,
                0.01538766607178267
            ],
            [
                0.008979374110953058,
                0.01362762310843575
            ],
            [
                0.009163214581607291,
                0.013677811550151976
            ],
            [
                0.009626772753499954,
                0.01573119148329452
            ],
            [
                0.013735051534727958,
                0.024537709552039575
            ],
            [
                0.025486972668030704,
                0.043037558556830946
            ],
            [
                0.06102659138904452,
                0.09013398294762484
            ]
        ]
    },
    "btag_wp": 0.2783
}