{
    "pt_bins": [
        20,
        30,
        50,
        70,
        100,
        140,
        200,
        300,
        600,
        1000
    ],
    "eta_bins": [
        0.0,
        1.5,
        2.5
    ],
    "eff_map": {
        "b": [
            [
                0.9118976853102765,
                0.8824522064772649
            ],
            [
                0.9431482847657691,
                0.9049021435228332
            ],
            [
                0.9553623136755259,
                0.9142481000538567
            ],
            [
                0.9610373935411842,
                0.9138786035440359
            ],
            [
                0.9651560480147737,
                0.9173406733008681
            ],
            [
                0.9684995625826144,
                0.9191080017490162
            ],
            [
                0.9709985701056443,
                0.9246725474472066
            ],
            [
                0.9799760385664977,
                0.9348642346152326
            ],
            [
                0.9790120779467933,
                0.942466071221436
            ]
        ],
        "c": [
            [
                0.5466542588769011,
                0.5407580214355749
            ],
            [
                0.5579338395601885,
                0.50184046949335
            ],
            [
                0.5672722781987113,
                0.4719136187741855
            ],
            [
                0.5767072183805194,
                0.459508964739864
            ],
            [
                0.5954781240415516,
                0.4620668123634093
            ],
            [
                0.6276749454456806,
                0.47799442896935934
            ],
            [
                0.6766834741129959,
                0.5230968717921012
            ],
            [
                0.78040613149641,
                0.6398040722930335
            ],
            [
                0.7849517184602777,
                0.7026470381725841
            ]
        ],
        "light": [
            [
                0.22826502384158992,
                0.34503906570074855
            ],
            [
                0.1239781429738693,
                0.18621288063081956
            ],
            [
                0.09133118458642286,
                0.13617579032594104
            ],
            [
                0.07928723998725722,
                0.11720897826987535
            ],
            [
                0.07584728183534759,
                0.11159105442133659
            ],
            [
                0.08166099682609415,
                0.12205944927360039
            ],
            [
                0.1072135182855443,
                0.16979257728681554
            ],
            [
                0.21847871065864474,
                0.35640806867856956
            ],
            [
                0.30782264683436766,
                0.48151816175750684
            ]
        ]
    },
    "btag_wp": 0.049
}