{
    "pt_bins": [
        20,
        30,
        50,
        70,
        100,
        140,
        200,
        300,
        600,
        1000
    ],
    "eta_bins": [
        0.0,
        1.5,
        2.5
    ],
    "eff_map": {
        "b": [
            [
                0.9330466375027805,
                0.884373845585519
            ],
            [
                0.9613068886134231,
                0.9041114235971608
            ],
            [
                0.9750005085331869,
                0.9183860614397066
            ],
            [
                0.9758244457636487,
                0.9043451078462019
            ],
            [
                0.9767291531997414,
                0.9089517980107116
            ],
            [
                0.9692789968652038,
                0.9125475285171103
            ],
            [
                0.975,
                0.8333333333333334
            ],
            [
                1.0,
                0.0
            ],
            [
                0.0,
                0.0
            ]
        ],
        "c": [
            [
                0.6019373732822708,
                0.5545293072824157
            ],
            [
                0.6449284701636809,
                0.5093444081874815
            ],
            [
                0.6326279170894332,
                0.49885688157293095
            ],
            [
                0.6168648510420662,
                0.4478623566214807
            ],
            [
                0.6009988901220865,
                0.4619826756496631
            ],
            [
                0.5757180156657964,
                0.44256756756756754
            ],
            [
                0.6071428571428571,
                0.5
            ],
            [
                0.0,
                0.0
            ],
            [
                0.0,
                0.0
            ]
        ],
        "light": [
            [
                0.23570175283129222,
                0.3429654370097947
            ],
            [
                0.1151178144352904,
                0.17272139027546682
            ],
            [
                0.08654453569172457,
                0.12731865182729496
            ],
            [
                0.07172886951587527,
                0.10577903238453697
            ],
            [
                0.06473693792099035,
                0.10139901949061342
            ],
            [
                0.0666062071745264,
                0.10842952081147254
            ],
            [
                0.07894736842105263,
                0.11904761904761904
            ],
            [
                0.3333333333333333,
                0.0
            ],
            [
                0.0,
                0.0
            ]
        ]
    },
    "btag_wp": 0.049
}