{
    "pt_bins": [
        20,
        30,
        50,
        70,
        100,
        140,
        200,
        300,
        600,
        1000
    ],
    "eta_bins": [
        0.0,
        1.5,
        2.5
    ],
    "eff_map": {
        "b": [
            [
                0.8427015250544663,
                0.6942857142857143
            ],
            [
                0.8954948141745894,
                0.7678071680057778
            ],
            [
                0.9098174763648287,
                0.7934460260972717
            ],
            [
                0.9198905265558628,
                0.820747520976354
            ],
            [
                0.9199671200119564,
                0.8119158878504673
            ],
            [
                0.9198927434221552,
                0.8193548387096774
            ],
            [
                0.9018972697825081,
                0.7920792079207921
            ],
            [
                0.907942238267148,
                0.64
            ],
            [
                0.9411764705882353,
                1.0
            ]
        ],
        "c": [
            [
                0.2001519179642993,
                0.14665523156089194
            ],
            [
                0.19664268585131894,
                0.18454106280193236
            ],
            [
                0.1894238358326756,
                0.14254859611231102
            ],
            [
                0.20772946859903382,
                0.12576687116564417
            ],
            [
                0.19525065963060687,
                0.16591928251121077
            ],
            [
                0.19238476953907815,
                0.13245033112582782
            ],
            [
                0.22327044025157233,
                0.13725490196078433
            ],
            [
                0.2641509433962264,
                0.1111111111111111
            ],
            [
                0.25,
                0.0
            ]
        ],
        "light": [
            [
                0.023042500612240356,
                0.0322195194810737
            ],
            [
                0.012762596746169641,
                0.01861274772362078
            ],
            [
                0.01095674591807505,
                0.014568317742677504
            ],
            [
                0.007886435331230283,
                0.01182033096926714
            ],
            [
                0.006347862886161659,
                0.0121049092131809
            ],
            [
                0.007226354941551541,
                0.01716500553709856
            ],
            [
                0.009520031733439112,
                0.03436807095343681
            ],
            [
                0.02254791431792559,
                0.02909090909090909
            ],
            [
                0.12195121951219512,
                0.25
            ]
        ]
    },
    "btag_wp": 0.2783
}