{
    "pt_bins": [
        20,
        30,
        50,
        70,
        100,
        140,
        200,
        300,
        600,
        1000
    ],
    "eta_bins": [
        0.0,
        1.5,
        2.5
    ],
    "eff_map": {
        "b": [
            [
                0.8305957629433108,
                0.7012226623041157
            ],
            [
                0.889769392033543,
                0.7637540453074434
            ],
            [
                0.9082788982660246,
                0.7959969207082371
            ],
            [
                0.9155900244426883,
                0.8009950248756219
            ],
            [
                0.9164741847826087,
                0.8133125325013001
            ],
            [
                0.916591492609812,
                0.8013422818791947
            ],
            [
                0.9200988467874794,
                0.8283261802575107
            ],
            [
                0.9076433121019108,
                0.7741935483870968
            ],
            [
                0.949685534591195,
                1.0
            ]
        ],
        "c": [
            [
                0.22051744885679903,
                0.17738791423001948
            ],
            [
                0.20389249304911955,
                0.18740157480314962
            ],
            [
                0.17740232312565998,
                0.1439873417721519
            ],
            [
                0.17308907138344914,
                0.16071428571428573
            ],
            [
                0.17561807331628304,
                0.14052287581699346
            ],
            [
                0.1724550898203593,
                0.1977401129943503
            ],
            [
                0.1813186813186813,
                0.16
            ],
            [
                0.25,
                0.21875
            ],
            [
                0.2647058823529412,
                1.0
            ]
        ],
        "light": [
            [
                0.0775796845597222,
                0.05778997378768021
            ],
            [
                0.052002759028427846,
                0.038739573679332714
            ],
            [
                0.028971459343026387,
                0.023970144969140232
            ],
            [
                0.022934741606940777,
                0.017806731813246473
            ],
            [
                0.01832460732984293,
                0.021417445482866043
            ],
            [
                0.017606330365974282,
                0.02092050209205021
            ],
            [
                0.02079838980207984,
                0.03025936599423631
            ],
            [
                0.025016458196181698,
                0.02564102564102564
            ],
            [
                0.04294478527607362,
                0.0
            ]
        ]
    },
    "btag_wp": 0.2783
}