{
    "pt_bins": [
        20,
        30,
        50,
        70,
        100,
        140,
        200,
        300,
        600,
        1000
    ],
    "eta_bins": [
        0.0,
        1.5,
        2.5
    ],
    "eff_map": {
        "b": [
            [
                0.789729098838995,
                0.6707566462167689
            ],
            [
                0.8499727388380687,
                0.7538304392236976
            ],
            [
                0.8758950668206567,
                0.780235633565761
            ],
            [
                0.8857598153693986,
                0.7831494954236095
            ],
            [
                0.8938569935971281,
                0.8025548458761456
            ],
            [
                0.897130304729856,
                0.8031618102913826
            ],
            [
                0.8995774647887324,
                0.7942759988665344
            ],
            [
                0.9169772642564293,
                0.7913544668587896
            ],
            [
                0.9245162932790224,
                0.8340807174887892
            ]
        ],
        "c": [
            [
                0.2390795631825273,
                0.18501702610669693
            ],
            [
                0.22683044648402456,
                0.19386264003896736
            ],
            [
                0.18754289636238847,
                0.1641571795813441
            ],
            [
                0.18046629801225528,
                0.15847801994828223
            ],
            [
                0.19080709373868984,
                0.15014638226683397
            ],
            [
                0.21888569506452205,
                0.1643312101910828
            ],
            [
                0.2628994783218623,
                0.1979828165857303
            ],
            [
                0.3509937535491198,
                0.24961288324558686
            ],
            [
                0.4034963382943539,
                0.31840796019900497
            ]
        ],
        "light": [
            [
                0.02555216708252472,
                0.029197233725012088
            ],
            [
                0.01594460482653051,
                0.01959457630788384
            ],
            [
                0.011601382899098265,
                0.015578926675840377
            ],
            [
                0.008950306580031115,
                0.01274904511200578
            ],
            [
                0.009033497516810072,
                0.01349462038781837
            ],
            [
                0.009629047939570713,
                0.01588702559576346
            ],
            [
                0.013839235839570998,
                0.02395989008340163
            ],
            [
                0.025738596939707117,
                0.04359043997827268
            ],
            [
                0.061381074168797956,
                0.09045725646123261
            ]
        ]
    },
    "btag_wp": 0.2783
}