{
    "pt_bins": [
        20,
        30,
        50,
        70,
        100,
        140,
        200,
        300,
        600,
        1000
    ],
    "eta_bins": [
        0.0,
        1.5,
        2.5
    ],
    "eff_map": {
        "b": [
            [
                0.9280338664158043,
                0.8665207877461707
            ],
            [
                0.9526434477574542,
                0.8859813084112149
            ],
            [
                0.961624649859944,
                0.9052924791086351
            ],
            [
                0.9751998360319738,
                0.9033942558746736
            ],
            [
                0.9749744637385087,
                0.9245810055865922
            ],
            [
                0.9759769378603459,
                0.9150943396226415
            ],
            [
                0.9862771137671537,
                0.944954128440367
            ],
            [
                1.0,
                0.0
            ],
            [
                0.0,
                0.0
            ]
        ],
        "c": [
            [
                0.6166265060240964,
                0.5700808625336927
            ],
            [
                0.6645153433999026,
                0.5204498977505112
            ],
            [
                0.6668693748479688,
                0.4879089615931721
            ],
            [
                0.663961697638562,
                0.48764629388816644
            ],
            [
                0.6701708278580815,
                0.49743589743589745
            ],
            [
                0.7011403853716084,
                0.4831712789827973
            ],
            [
                0.7153137593552101,
                0.5230496453900709
            ],
            [
                0.7431192660550459,
                0.9375
            ],
            [
                0.0,
                0.0
            ]
        ],
        "light": [
            [
                0.2263714683897124,
                0.3384584260570504
            ],
            [
                0.11602510728239288,
                0.17238984489543946
            ],
            [
                0.08937027707808565,
                0.1319828115408226
            ],
            [
                0.07634751281695995,
                0.11351871915252197
            ],
            [
                0.07493627050165937,
                0.1091901728844404
            ],
            [
                0.08020864508957203,
                0.11886980333582275
            ],
            [
                0.08852680582670071,
                0.1453755748594788
            ],
            [
                0.12430939226519337,
                0.17391304347826086
            ],
            [
                0.0,
                0.0
            ]
        ]
    },
    "btag_wp": 0.049
}