{
    "pt_bins": [
        20,
        30,
        50,
        70,
        100,
        140,
        200,
        300,
        600,
        1000
    ],
    "eta_bins": [
        0.0,
        1.5,
        2.5
    ],
    "eff_map": {
        "b": [
            [
                0.8311688311688312,
                0.6842105263157895
            ],
            [
                0.8958566629339306,
                0.780952380952381
            ],
            [
                0.9170437405731523,
                0.8166666666666667
            ],
            [
                0.9018987341772152,
                0.8947368421052632
            ],
            [
                0.8737864077669902,
                0.75
            ],
            [
                0.9104477611940298,
                0.0
            ],
            [
                1.0,
                1.0
            ],
            [
                1.0,
                0.0
            ],
            [
                0.0,
                0.0
            ]
        ],
        "c": [
            [
                0.29411764705882354,
                0.0
            ],
            [
                0.14814814814814814,
                0.2727272727272727
            ],
            [
                0.3,
                0.2857142857142857
            ],
            [
                0.0,
                0.25
            ],
            [
                0.14285714285714285,
                0.0
            ],
            [
                0.0,
                0.0
            ],
            [
                0.0,
                0.0
            ],
            [
                0.0,
                0.0
            ],
            [
                0.0,
                0.0
            ]
        ],
        "light": [
            [
                0.03598971722365039,
                0.0430622009569378
            ],
            [
                0.023178807947019868,
                0.021739130434782608
            ],
            [
                0.017241379310344827,
                0.0
            ],
            [
                0.0,
                0.0
            ],
            [
                0.014925373134328358,
                0.0
            ],
            [
                0.0,
                0.0
            ],
            [
                0.03125,
                0.0
            ],
            [
                0.0,
                0.0
            ],
            [
                0.0,
                0.0
            ]
        ]
    },
    "btag_wp": 0.2783
}