{
    "pt_bins": [
        20,
        30,
        50,
        70,
        100,
        140,
        200,
        300,
        600,
        1000
    ],
    "eta_bins": [
        0.0,
        1.5,
        2.5
    ],
    "eff_map": {
        "b": [
            [
                0.9367329693472332,
                0.8935798283716495
            ],
            [
                0.96184678873963,
                0.9087369554853177
            ],
            [
                0.9700408111589258,
                0.916331338740279
            ],
            [
                0.9730330050633027,
                0.9217995563095394
            ],
            [
                0.974128654271537,
                0.9236477115117891
            ],
            [
                0.9734062509936091,
                0.9277321630804077
            ],
            [
                0.9727460185144562,
                0.9315400727593429
            ],
            [
                0.9720697646054397,
                0.9543670264965652
            ],
            [
                0.967622571692877,
                0.9402985074626866
            ]
        ],
        "c": [
            [
                0.5307504327461562,
                0.533258294473924
            ],
            [
                0.5019641150865273,
                0.4829690516221433
            ],
            [
                0.48494309598146845,
                0.4472663580633054
            ],
            [
                0.4823654516453004,
                0.41897856242118536
            ],
            [
                0.4868443103737221,
                0.4313304721030043
            ],
            [
                0.5162966461974492,
                0.44267955801104975
            ],
            [
                0.5551589325174231,
                0.4640095181439619
            ],
            [
                0.5958942632170978,
                0.5364396654719236
            ],
            [
                0.623721881390593,
                0.6666666666666666
            ]
        ],
        "light": [
            [
                0.3606594961759351,
                0.39947155569926956
            ],
            [
                0.2898076315816869,
                0.2792750385845394
            ],
            [
                0.21609231343396493,
                0.20664939177113031
            ],
            [
                0.17253676178651092,
                0.16168542266422403
            ],
            [
                0.14206328204740484,
                0.13993154176680503
            ],
            [
                0.11937450744535236,
                0.13941652276651822
            ],
            [
                0.11823845935995468,
                0.16993801652892562
            ],
            [
                0.16114354138602005,
                0.259414563341666
            ],
            [
                0.32177734375,
                0.4885204081632653
            ]
        ]
    },
    "btag_wp": 0.049
}