{
    "pt_bins": [
        20,
        30,
        50,
        70,
        100,
        140,
        200,
        300,
        600,
        1000
    ],
    "eta_bins": [
        0.0,
        1.5,
        2.5
    ],
    "eff_map": {
        "b": [
            [
                0.8221483482235612,
                0.6917534027221778
            ],
            [
                0.8733068375375131,
                0.75
            ],
            [
                0.8940990025170131,
                0.7929606625258799
            ],
            [
                0.9046590558469608,
                0.7867256637168142
            ],
            [
                0.9026657313223431,
                0.7963875205254516
            ],
            [
                0.9068977234114849,
                0.8072727272727273
            ],
            [
                0.9003139717425431,
                0.782051282051282
            ],
            [
                0.9074074074074074,
                0.7948717948717948
            ],
            [
                0.9137931034482759,
                0.8571428571428571
            ]
        ],
        "c": [
            [
                0.23745173745173745,
                0.20520231213872833
            ],
            [
                0.2105862265224815,
                0.154
            ],
            [
                0.18203688853247796,
                0.1525974025974026
            ],
            [
                0.14574187884108866,
                0.16370106761565836
            ],
            [
                0.18120805369127516,
                0.10674157303370786
            ],
            [
                0.16228070175438597,
                0.16091954022988506
            ],
            [
                0.21212121212121213,
                0.15151515151515152
            ],
            [
                0.3291139240506329,
                0.42857142857142855
            ],
            [
                0.2,
                0.5
            ]
        ],
        "light": [
            [
                0.023900684534168697,
                0.02972834443874936
            ],
            [
                0.012772439653152097,
                0.014586709886547812
            ],
            [
                0.007870837537840566,
                0.01508485229415462
            ],
            [
                0.0067291516462388845,
                0.014404852160727824
            ],
            [
                0.009886488465763456,
                0.009735744089012517
            ],
            [
                0.008949880668257757,
                0.00975609756097561
            ],
            [
                0.009163802978235968,
                0.03664921465968586
            ],
            [
                0.034324942791762014,
                0.029411764705882353
            ],
            [
                0.1044776119402985,
                0.5
            ]
        ]
    },
    "btag_wp": 0.2783
}