{
    "pt_bins": [
        20,
        30,
        50,
        70,
        100,
        140,
        200,
        300,
        600,
        1000
    ],
    "eta_bins": [
        0.0,
        1.5,
        2.5
    ],
    "eff_map": {
        "b": [
            [
                0.934675022156689,
                0.8922835461554871
            ],
            [
                0.958642461904841,
                0.9086885521114723
            ],
            [
                0.9671820272670056,
                0.9165179674417328
            ],
            [
                0.9704629766722601,
                0.9200881023665592
            ],
            [
                0.9712155855545463,
                0.922367922383082
            ],
            [
                0.9702299669921646,
                0.9259851907630522
            ],
            [
                0.9692378293030093,
                0.9275845640781324
            ],
            [
                0.9678978253365551,
                0.9371849554090733
            ],
            [
                0.9658289241622575,
                0.9586206896551724
            ]
        ],
        "c": [
            [
                0.5676996118312903,
                0.5606930407161421
            ],
            [
                0.5518485432950969,
                0.5188169110657462
            ],
            [
                0.5329449681568014,
                0.48733749788958297
            ],
            [
                0.5193873966828755,
                0.4746590826223292
            ],
            [
                0.5165283355644802,
                0.46306306306306305
            ],
            [
                0.5272650024711483,
                0.475293730097727
            ],
            [
                0.5650602409638554,
                0.5209008175227519
            ],
            [
                0.6457878533445284,
                0.5995327102803738
            ],
            [
                0.6831755280407866,
                0.6105263157894737
            ]
        ],
        "light": [
            [
                0.2085976085860215,
                0.32271426431516625
            ],
            [
                0.10940770074399672,
                0.17439607456734935
            ],
            [
                0.08031840872129763,
                0.1278162582402052
            ],
            [
                0.07122021473505107,
                0.11196542400978864
            ],
            [
                0.06933300058411955,
                0.10761805555555555
            ],
            [
                0.07529802639139929,
                0.12310927662687113
            ],
            [
                0.10067683288320928,
                0.1638486425657617
            ],
            [
                0.17546194801127465,
                0.27296919699288136
            ],
            [
                0.3281132075471698,
                0.48717948717948717
            ]
        ]
    },
    "btag_wp": 0.049
}