{
    "pt_bins": [
        20,
        30,
        50,
        70,
        100,
        140,
        200,
        300,
        600,
        1000
    ],
    "eta_bins": [
        0.0,
        1.5,
        2.5
    ],
    "eff_map": {
        "b": [
            [
                0.5625287068353585,
                0.41804164028455437
            ],
            [
                0.6679977339072003,
                0.5224420368696079
            ],
            [
                0.7002107168673836,
                0.5607061169432878
            ],
            [
                0.7368548756399128,
                0.5923781070093586
            ],
            [
                0.7701285600337822,
                0.6324305267780382
            ],
            [
                0.7880120895295665,
                0.6718353498675116
            ],
            [
                0.7746791574159311,
                0.6509991556431185
            ],
            [
                0.7474735816148559,
                0.6227161997563947
            ],
            [
                0.6473351400180668,
                0.4649122807017544
            ]
        ],
        "c": [
            [
                0.04207291851326597,
                0.03357605177993527
            ],
            [
                0.03805841924398625,
                0.03294448044934111
            ],
            [
                0.036716729083819157,
                0.02638888888888889
            ],
            [
                0.04265500598160142,
                0.034805067027425904
            ],
            [
                0.04511359343802277,
                0.03541374474053296
            ],
            [
                0.05153072302236376,
                0.03547297297297297
            ],
            [
                0.059049306170652495,
                0.049103663289166016
            ],
            [
                0.06589358799454298,
                0.0494269340974212
            ],
            [
                0.07054673721340388,
                0.06796116504854369
            ]
        ],
        "light": [
            [
                0.00197807888892351,
                0.002429458618735932
            ],
            [
                0.0011330005958020374,
                0.0014408896039492006
            ],
            [
                0.0013996335504885993,
                0.0018668661585016545
            ],
            [
                0.0010729176569651369,
                0.0014189279957012358
            ],
            [
                0.001039605452153038,
                0.0015941216763185754
            ],
            [
                0.001008351783248208,
                0.002135787463101233
            ],
            [
                0.001086797500365749,
                0.002875275223416656
            ],
            [
                0.002637978041411834,
                0.005310698561118424
            ],
            [
                0.007582301564449563,
                0.010514018691588784
            ]
        ]
    },
    "btag_wp": 0.71
}