{
    "pt_bins": [
        20,
        30,
        50,
        70,
        100,
        140,
        200,
        300,
        600,
        1000
    ],
    "eta_bins": [
        0.0,
        1.5,
        2.5
    ],
    "eff_map": {
        "b": [
            [
                0.9105655054779243,
                0.8885360185902401
            ],
            [
                0.9408729159808686,
                0.9042598835427521
            ],
            [
                0.9544185481913086,
                0.9098896807575906
            ],
            [
                0.9615197473989336,
                0.9144545943041376
            ],
            [
                0.965653869413801,
                0.9156129741616272
            ],
            [
                0.9687261777710017,
                0.9224983649444081
            ],
            [
                0.9711534571347655,
                0.9264104660670482
            ],
            [
                0.9734839175143304,
                0.9402
            ],
            [
                0.976327802990349,
                0.952454250042757
            ]
        ],
        "c": [
            [
                0.5432262046466517,
                0.5435938835596923
            ],
            [
                0.5533834586466165,
                0.5013243084167157
            ],
            [
                0.560663946587537,
                0.48059701492537316
            ],
            [
                0.5755656415119903,
                0.4685240528294611
            ],
            [
                0.593628905568162,
                0.46143617021276595
            ],
            [
                0.6198388316095929,
                0.475397651256132
            ],
            [
                0.6723851533382654,
                0.5353087295954577
            ],
            [
                0.7385001876931073,
                0.6036005434782609
            ],
            [
                0.802384136768041,
                0.7658797077009556
            ]
        ],
        "light": [
            [
                0.22257256162788636,
                0.34662500645561123
            ],
            [
                0.12400714613360372,
                0.18594120805834155
            ],
            [
                0.09114242325040012,
                0.13660941692431322
            ],
            [
                0.08031800761531496,
                0.11606071244866467
            ],
            [
                0.0767432657531221,
                0.11270135139629503
            ],
            [
                0.082474021645036,
                0.12367259358471484
            ],
            [
                0.10686072807032458,
                0.163346886955925
            ],
            [
                0.19063862343082974,
                0.2872257331534474
            ],
            [
                0.3914956851928961,
                0.5984069978309569
            ]
        ]
    },
    "btag_wp": 0.049
}