{
    "pt_bins": [
        20,
        30,
        50,
        70,
        100,
        140,
        200,
        300,
        600,
        1000
    ],
    "eta_bins": [
        0.0,
        1.5,
        2.5
    ],
    "eff_map": {
        "b": [
            [
                0.6880959777350257,
                0.4345971840859964
            ],
            [
                0.8088938482038149,
                0.5835275697026849
            ],
            [
                0.8293970954965527,
                0.6535132382892057
            ],
            [
                0.8362212809652163,
                0.6817518248175183
            ],
            [
                0.7352941176470589,
                0.5609756097560976
            ],
            [
                0.3142857142857143,
                0.0
            ],
            [
                0.3333333333333333,
                0.0
            ],
            [
                0.0,
                0.0
            ],
            [
                0.0,
                0.0
            ]
        ],
        "c": [
            [
                0.05824192993968939,
                0.030977237720349136
            ],
            [
                0.04263250931021601,
                0.030126904426178765
            ],
            [
                0.04438429083430369,
                0.03372707491451663
            ],
            [
                0.05554949252428244,
                0.02998696219035202
            ],
            [
                0.08098591549295775,
                0.13043478260869565
            ],
            [
                0.05555555555555555,
                0.0
            ],
            [
                0.0,
                0.0
            ],
            [
                0.0,
                0.0
            ],
            [
                0.0,
                0.0
            ]
        ],
        "light": [
            [
                0.002864190676870083,
                0.002082355543327561
            ],
            [
                0.002388732138841276,
                0.0013224033122395003
            ],
            [
                0.004011146358631196,
                0.0016595145500871665
            ],
            [
                0.014105530263452496,
                0.0053433075073470475
            ],
            [
                0.0752157829839704,
                0.016304347826086956
            ],
            [
                0.08791208791208792,
                0.03508771929824561
            ],
            [
                0.125,
                0.0
            ],
            [
                0.0,
                0.0
            ],
            [
                0.0,
                0.0
            ]
        ]
    },
    "btag_wp": 0.71
}