{
    "pt_bins": [
        20,
        30,
        50,
        70,
        100,
        140,
        200,
        300,
        600,
        1000
    ],
    "eta_bins": [
        0.0,
        1.5,
        2.5
    ],
    "eff_map": {
        "b": [
            [
                0.5785551979883964,
                0.4230263329819946
            ],
            [
                0.696897170134768,
                0.547565769134512
            ],
            [
                0.7349079656146577,
                0.5975679506627211
            ],
            [
                0.7472519017508054,
                0.6078651825756723
            ],
            [
                0.7738811290139164,
                0.6128356891459095
            ],
            [
                0.8109703944046288,
                0.6334636971578695
            ],
            [
                0.8236352725381819,
                0.6530830097540797
            ],
            [
                0.8172733641113071,
                0.6582952815829528
            ],
            [
                0.8333333333333334,
                0.0
            ]
        ],
        "c": [
            [
                0.051399492866696386,
                0.03505543628776684
            ],
            [
                0.04079144004755529,
                0.032030749519538756
            ],
            [
                0.038696137881313285,
                0.031241730908321132
            ],
            [
                0.04750268691825685,
                0.03022524313966521
            ],
            [
                0.0622170334309903,
                0.037266117906028615
            ],
            [
                0.07729733864609424,
                0.041136030654795444
            ],
            [
                0.0903663598989128,
                0.045819893183861246
            ],
            [
                0.1078023055820102,
                0.04915028323892036
            ],
            [
                0.125,
                0.0
            ]
        ],
        "light": [
            [
                0.003336779022419512,
                0.0021714015896749823
            ],
            [
                0.0017879882843589824,
                0.0015767619840243163
            ],
            [
                0.0014624210699063344,
                0.0018149806546972134
            ],
            [
                0.0011694518829870174,
                0.0015062364850042308
            ],
            [
                0.0011775441876805952,
                0.0017919235445954306
            ],
            [
                0.001195625087153589,
                0.0021013681734085563
            ],
            [
                0.0014143687626556134,
                0.0024969759105031874
            ],
            [
                0.0018395962881034898,
                0.0032798423423423422
            ],
            [
                0.0,
                0.0
            ]
        ]
    },
    "btag_wp": 0.71
}