{
    "pt_bins": [
        20,
        30,
        50,
        70,
        100,
        140,
        200,
        300,
        600,
        1000
    ],
    "eta_bins": [
        0.0,
        1.5,
        2.5
    ],
    "eff_map": {
        "b": [
            [
                0.9437229437229437,
                0.8947368421052632
            ],
            [
                0.9641657334826428,
                0.9047619047619048
            ],
            [
                0.9622926093514329,
                0.9666666666666667
            ],
            [
                0.9683544303797469,
                0.9473684210526315
            ],
            [
                0.941747572815534,
                1.0
            ],
            [
                0.9701492537313433,
                0.0
            ],
            [
                1.0,
                1.0
            ],
            [
                1.0,
                0.0
            ],
            [
                0.0,
                0.0
            ]
        ],
        "c": [
            [
                0.5294117647058824,
                0.3
            ],
            [
                0.2962962962962963,
                0.5454545454545454
            ],
            [
                0.4,
                0.8571428571428571
            ],
            [
                0.6,
                0.25
            ],
            [
                0.5714285714285714,
                0.0
            ],
            [
                0.75,
                0.0
            ],
            [
                0.0,
                0.0
            ],
            [
                0.0,
                0.0
            ],
            [
                0.0,
                0.0
            ]
        ],
        "light": [
            [
                0.23393316195372751,
                0.3827751196172249
            ],
            [
                0.11589403973509933,
                0.18840579710144928
            ],
            [
                0.10344827586206896,
                0.10714285714285714
            ],
            [
                0.0673076923076923,
                0.10416666666666667
            ],
            [
                0.029850746268656716,
                0.13043478260869565
            ],
            [
                0.06060606060606061,
                0.17647058823529413
            ],
            [
                0.09375,
                0.5
            ],
            [
                0.0,
                0.0
            ],
            [
                0.0,
                0.0
            ]
        ]
    },
    "btag_wp": 0.049
}