{
    "pt_bins": [
        20,
        30,
        50,
        70,
        100,
        140,
        200,
        300,
        600,
        1000
    ],
    "eta_bins": [
        0.0,
        1.5,
        2.5
    ],
    "eff_map": {
        "b": [
            [
                0.8703872277851691,
                0.6453065465881538
            ],
            [
                0.9205965049649428,
                0.7491778774289986
            ],
            [
                0.9292702924296256,
                0.7626483447845097
            ],
            [
                0.933933933933934,
                0.7758775877587759
            ],
            [
                0.9308115872635863,
                0.8082706766917294
            ],
            [
                0.9277515192437542,
                0.8244897959183674
            ],
            [
                0.9416488222698073,
                0.7115384615384616
            ],
            [
                0.9093959731543624,
                0.6538461538461539
            ],
            [
                0.9310344827586207,
                1.0
            ]
        ],
        "c": [
            [
                0.3881677824839459,
                0.1810344827586207
            ],
            [
                0.30735930735930733,
                0.16773308957952468
            ],
            [
                0.23254773269689738,
                0.1634349030470914
            ],
            [
                0.21487603305785125,
                0.14670255720053835
            ],
            [
                0.2397899649941657,
                0.15508021390374332
            ],
            [
                0.24113110539845758,
                0.14634146341463414
            ],
            [
                0.2722095671981777,
                0.2894736842105263
            ],
            [
                0.35144927536231885,
                0.17391304347826086
            ],
            [
                0.36,
                0.0
            ]
        ],
        "light": [
            [
                0.43593594173991695,
                0.08742728194936132
            ],
            [
                0.27163833075734156,
                0.06538187400625034
            ],
            [
                0.1093401412175993,
                0.03465601649059521
            ],
            [
                0.06635968498515299,
                0.026871179794718026
            ],
            [
                0.046805875066359935,
                0.02240566037735849
            ],
            [
                0.034245425549773376,
                0.019672131147540985
            ],
            [
                0.04485582057671769,
                0.03152173913043478
            ],
            [
                0.04661389621811785,
                0.05263157894736842
            ],
            [
                0.10344827586206896,
                0.058823529411764705
            ]
        ]
    },
    "btag_wp": 0.2783
}