{
    "pt_bins": [
        20,
        30,
        50,
        70,
        100,
        140,
        200,
        300,
        600,
        1000
    ],
    "eta_bins": [
        0.0,
        1.5,
        2.5
    ],
    "eff_map": {
        "b": [
            [
                0.7478385095016294,
                0.6520995879722977
            ],
            [
                0.8310726804578524,
                0.729915917961076
            ],
            [
                0.8576999128859636,
                0.7616434924213955
            ],
            [
                0.8637186809687755,
                0.7639633286318759
            ],
            [
                0.8707483212393828,
                0.7743786008230452
            ],
            [
                0.8826855892318036,
                0.7901421721365002
            ],
            [
                0.8957611232374305,
                0.8086139917375204
            ],
            [
                0.8975168269531346,
                0.8246730264295062
            ],
            [
                0.8558018629503935,
                0.7361229718189581
            ]
        ],
        "c": [
            [
                0.20678429763370265,
                0.17377064411976492
            ],
            [
                0.19941929160903854,
                0.17610821296563295
            ],
            [
                0.18338242632027943,
                0.15906288532675708
            ],
            [
                0.18965372824284255,
                0.15910364145658262
            ],
            [
                0.19563143257343538,
                0.152885443583118
            ],
            [
                0.20921185548176327,
                0.16358107503801092
            ],
            [
                0.23223578863090472,
                0.1752034466251795
            ],
            [
                0.2533190736096769,
                0.20621527063181724
            ],
            [
                0.28523556081214274,
                0.2434077079107505
            ]
        ],
        "light": [
            [
                0.021500128567755208,
                0.031462257313870874
            ],
            [
                0.01269460959761785,
                0.019190306174987435
            ],
            [
                0.010048568474001894,
                0.015344549549271235
            ],
            [
                0.00836250616966823,
                0.01336995864923282
            ],
            [
                0.007444229412216781,
                0.013130048585650839
            ],
            [
                0.008235192312446946,
                0.01513568639156282
            ],
            [
                0.010908440165675501,
                0.022238632408987123
            ],
            [
                0.021538087125821368,
                0.04075318717661493
            ],
            [
                0.05943089430894309,
                0.09817470664928292
            ]
        ]
    },
    "btag_wp": 0.2783
}