{
    "pt_bins": [
        20,
        30,
        50,
        70,
        100,
        140,
        200,
        300,
        600,
        1000
    ],
    "eta_bins": [
        0.0,
        1.5,
        2.5
    ],
    "eff_map": {
        "b": [
            [
                0.6237581906573663,
                0.4456654456654457
            ],
            [
                0.736670988717512,
                0.555022392834293
            ],
            [
                0.7832653806365241,
                0.6229642808266046
            ],
            [
                0.8019108931126099,
                0.6569066482948673
            ],
            [
                0.7976778326438009,
                0.655328798185941
            ],
            [
                0.7917647058823529,
                0.6648648648648648
            ],
            [
                0.8043654001616815,
                0.712
            ],
            [
                0.7811550151975684,
                0.6
            ],
            [
                0.7777777777777778,
                0.0
            ]
        ],
        "c": [
            [
                0.04484153742414026,
                0.019693654266958426
            ],
            [
                0.03277467411545624,
                0.03162393162393162
            ],
            [
                0.040915395284327326,
                0.0311284046692607
            ],
            [
                0.03084040092521203,
                0.044270833333333336
            ],
            [
                0.037252619324796274,
                0.026923076923076925
            ],
            [
                0.06283662477558348,
                0.050314465408805034
            ],
            [
                0.06389776357827476,
                0.014492753623188406
            ],
            [
                0.0625,
                0.0
            ],
            [
                0.0,
                0.0
            ]
        ],
        "light": [
            [
                0.0027152908532355564,
                0.002140590956003211
            ],
            [
                0.0023261091569272666,
                0.0016323075992987124
            ],
            [
                0.0032057446944925307,
                0.0016047071409467772
            ],
            [
                0.001931312452766815,
                0.0023322569070685323
            ],
            [
                0.0007727975270479134,
                0.0026200873362445414
            ],
            [
                0.0013458950201884253,
                0.002461841457410143
            ],
            [
                0.001849796522382538,
                0.0020325203252032522
            ],
            [
                0.000998003992015968,
                0.009868421052631578
            ],
            [
                0.0,
                0.0
            ]
        ]
    },
    "btag_wp": 0.71
}