{
    "pt_bins": [
        20,
        30,
        50,
        70,
        100,
        140,
        200,
        300,
        600,
        1000
    ],
    "eta_bins": [
        0.0,
        1.5,
        2.5
    ],
    "eff_map": {
        "b": [
            [
                0.9380315157578789,
                0.8952005471295812
            ],
            [
                0.9645227962143245,
                0.9104376680768081
            ],
            [
                0.9711626137964999,
                0.9189696665168063
            ],
            [
                0.9711568966923795,
                0.9253024278825819
            ],
            [
                0.9724460403651155,
                0.9313473877176902
            ],
            [
                0.9749807069993061,
                0.9304848775804129
            ],
            [
                0.9747876011250616,
                0.932436069986541
            ],
            [
                0.9746046057327473,
                0.9325842696629213
            ],
            [
                0.9785536159600997,
                0.9473684210526315
            ]
        ],
        "c": [
            [
                0.5066955905051937,
                0.527047636135283
            ],
            [
                0.4798274200211135,
                0.471004243281471
            ],
            [
                0.47347804798433163,
                0.45739056883061957
            ],
            [
                0.4736213235294118,
                0.42454780361757105
            ],
            [
                0.501244400199104,
                0.44001578531965274
            ],
            [
                0.5032720473667809,
                0.4598870056497175
            ],
            [
                0.5389918138733305,
                0.4651762682717111
            ],
            [
                0.5876322751322751,
                0.5046728971962616
            ],
            [
                0.643979057591623,
                0.6666666666666666
            ]
        ],
        "light": [
            [
                0.2381353364699173,
                0.36110031486228594
            ],
            [
                0.11523189183000826,
                0.18240301989114036
            ],
            [
                0.08570133581779496,
                0.13394078733937967
            ],
            [
                0.07351703828355069,
                0.11017643524334954
            ],
            [
                0.06543792319538488,
                0.10816187491483853
            ],
            [
                0.07050305502317886,
                0.11869743865442955
            ],
            [
                0.0878190282358996,
                0.15593797721132385
            ],
            [
                0.1487863296750438,
                0.26371215445370777
            ],
            [
                0.3222028407675056,
                0.5051851851851852
            ]
        ]
    },
    "btag_wp": 0.049
}