{
    "pt_bins": [
        20,
        30,
        50,
        70,
        100,
        140,
        200,
        300,
        600,
        1000
    ],
    "eta_bins": [
        0.0,
        1.5,
        2.5
    ],
    "eff_map": {
        "b": [
            [
                0.8436048622325709,
                0.6859525012632642
            ],
            [
                0.8947633820784173,
                0.7623464742763892
            ],
            [
                0.9099501081762704,
                0.7964648400076643
            ],
            [
                0.9199764694347762,
                0.8139289018104929
            ],
            [
                0.9213231612124069,
                0.8155053974484789
            ],
            [
                0.9188622944574948,
                0.8365019011406845
            ],
            [
                0.9116293341515802,
                0.8415492957746479
            ],
            [
                0.9102362204724409,
                0.775
            ],
            [
                0.9351351351351351,
                0.5
            ]
        ],
        "c": [
            [
                0.20856835885038946,
                0.16139150270886798
            ],
            [
                0.1883594499520307,
                0.1508336564559907
            ],
            [
                0.17462828218918064,
                0.17026793431287812
            ],
            [
                0.1994290375203915,
                0.12439024390243902
            ],
            [
                0.19371428571428573,
                0.1375968992248062
            ],
            [
                0.206143896523848,
                0.18155619596541786
            ],
            [
                0.2541436464088398,
                0.21311475409836064
            ],
            [
                0.258160237388724,
                0.13333333333333333
            ],
            [
                0.26666666666666666,
                0.0
            ]
        ],
        "light": [
            [
                0.023124026829560426,
                0.030566871306443283
            ],
            [
                0.01419876051350155,
                0.018003577485074453
            ],
            [
                0.012001703124168397,
                0.015018773466833541
            ],
            [
                0.008469854006463835,
                0.010565916913471545
            ],
            [
                0.008157276995305164,
                0.013052076466710614
            ],
            [
                0.007492843913116686,
                0.01
            ],
            [
                0.009107727337412837,
                0.01981015270326042
            ],
            [
                0.014593698175787729,
                0.044548651817116064
            ],
            [
                0.03664921465968586,
                0.05555555555555555
            ]
        ]
    },
    "btag_wp": 0.2783
}