{
    "pt_bins": [
        20,
        30,
        50,
        70,
        100,
        140,
        200,
        300,
        600,
        1000
    ],
    "eta_bins": [
        0.0,
        1.5,
        2.5
    ],
    "eff_map": {
        "b": [
            [
                0.9394888253943403,
                0.8865475522794648
            ],
            [
                0.9643972355652675,
                0.902861071851484
            ],
            [
                0.9714941476256167,
                0.9165834382734812
            ],
            [
                0.9719732201028959,
                0.9198346403000341
            ],
            [
                0.972649681630181,
                0.9251033376519218
            ],
            [
                0.9716935149757512,
                0.9245912220309811
            ],
            [
                0.9730220152598326,
                0.9346507972153605
            ],
            [
                0.9715506939976101,
                0.940793754066363
            ],
            [
                0.9633587786259542,
                0.9423076923076923
            ]
        ],
        "c": [
            [
                0.5218757011442674,
                0.553849902534113
            ],
            [
                0.49951350036487474,
                0.48336532309660907
            ],
            [
                0.4883720930232558,
                0.44452554744525546
            ],
            [
                0.485464207564864,
                0.4523076923076923
            ],
            [
                0.49245007306380906,
                0.4339622641509434
            ],
            [
                0.5279642058165548,
                0.4605678233438486
            ],
            [
                0.5601503759398496,
                0.4146341463414634
            ],
            [
                0.5876685934489403,
                0.5970149253731343
            ],
            [
                0.5490196078431373,
                1.0
            ]
        ],
        "light": [
            [
                0.3331870378497897,
                0.41279164422848125
            ],
            [
                0.24519070309115829,
                0.27776047950803723
            ],
            [
                0.1730444137083141,
                0.20656088776404166
            ],
            [
                0.1299037648919059,
                0.15782848151062157
            ],
            [
                0.10166358595194085,
                0.13032623169107857
            ],
            [
                0.09613460663938153,
                0.12388503468780972
            ],
            [
                0.09960873818063254,
                0.13963328631875882
            ],
            [
                0.15784908933217692,
                0.25
            ],
            [
                0.34651162790697676,
                0.30434782608695654
            ]
        ]
    },
    "btag_wp": 0.049
}