{
    "pt_bins": [
        20,
        30,
        50,
        70,
        100,
        140,
        200,
        300,
        600,
        1000
    ],
    "eta_bins": [
        0.0,
        1.5,
        2.5
    ],
    "eff_map": {
        "b": [
            [
                0.7349887133182844,
                0.6481194745517207
            ],
            [
                0.8158628102792762,
                0.729092159559835
            ],
            [
                0.8454500238327151,
                0.7568609132313442
            ],
            [
                0.8573506065416823,
                0.7545018007202882
            ],
            [
                0.862676978645381,
                0.7651268505436452
            ],
            [
                0.86887678839975,
                0.7802712836347596
            ],
            [
                0.8812762244386371,
                0.7954977765484372
            ],
            [
                0.8881990132273955,
                0.803327548351957
            ],
            [
                0.8532563471957691,
                0.7551766138855055
            ]
        ],
        "c": [
            [
                0.20902762026067384,
                0.17094314257237558
            ],
            [
                0.1968781684800668,
                0.17740835249235745
            ],
            [
                0.18132522153154346,
                0.15788233075617575
            ],
            [
                0.18451375253055696,
                0.15487330459467985
            ],
            [
                0.19742198100407055,
                0.15567086730911786
            ],
            [
                0.20940611697639094,
                0.16470961599492226
            ],
            [
                0.23623659088672375,
                0.18047218887555022
            ],
            [
                0.2645716965846587,
                0.21273495555879354
            ],
            [
                0.2942413883775966,
                0.22965116279069767
            ]
        ],
        "light": [
            [
                0.02127980425085069,
                0.031274670417223295
            ],
            [
                0.012534269737203917,
                0.019000619101278735
            ],
            [
                0.010133981181788928,
                0.015120890517917018
            ],
            [
                0.00848002735254653,
                0.013525194841262952
            ],
            [
                0.0077749860631149605,
                0.01350566768039812
            ],
            [
                0.00783899700718738,
                0.01529605722748484
            ],
            [
                0.01023319465063568,
                0.021925752403262437
            ],
            [
                0.020176861840919227,
                0.04272163183795735
            ],
            [
                0.06173681697250836,
                0.10125213944689668
            ]
        ]
    },
    "btag_wp": 0.2783
}