{
    "pt_bins": [
        20,
        30,
        50,
        70,
        100,
        140,
        200,
        300,
        600,
        1000
    ],
    "eta_bins": [
        0.0,
        1.5,
        2.5
    ],
    "eff_map": {
        "b": [
            [
                0.8374821641687091,
                0.6773741905716513
            ],
            [
                0.8955120259817688,
                0.7528104806585819
            ],
            [
                0.9113609753644807,
                0.7876702168688996
            ],
            [
                0.9133826082232324,
                0.7973438431476453
            ],
            [
                0.9123909225089664,
                0.8074352548036758
            ],
            [
                0.9133138915372104,
                0.8178457835468065
            ],
            [
                0.9196396984787873,
                0.8423180592991913
            ],
            [
                0.9505059337913804,
                0.8760852407261247
            ],
            [
                0.9577172503242543,
                0.8363636363636363
            ]
        ],
        "c": [
            [
                0.204715864246251,
                0.16369068297088862
            ],
            [
                0.1957135389440669,
                0.1673873274571761
            ],
            [
                0.1793670115642118,
                0.14359221739829556
            ],
            [
                0.1786485248904298,
                0.14383431502945088
            ],
            [
                0.1839914999114574,
                0.1435474701534963
            ],
            [
                0.2009770506703022,
                0.16114333057166527
            ],
            [
                0.22883010829043138,
                0.16701461377870563
            ],
            [
                0.2574312955692653,
                0.20287769784172663
            ],
            [
                0.22303921568627452,
                0.23684210526315788
            ]
        ],
        "light": [
            [
                0.02431291526962908,
                0.0318594274828295
            ],
            [
                0.013391602683672897,
                0.018947334985070834
            ],
            [
                0.009707808778496087,
                0.014572908436484944
            ],
            [
                0.007881427190923808,
                0.012065960584528758
            ],
            [
                0.006918469188262706,
                0.011895702327071735
            ],
            [
                0.007733521412574087,
                0.014212259518169738
            ],
            [
                0.009647410129780636,
                0.01889351806995446
            ],
            [
                0.019384692346173085,
                0.03902391788515542
            ],
            [
                0.055582406959884,
                0.1217008797653959
            ]
        ]
    },
    "btag_wp": 0.2783
}