{
    "pt_bins": [
        20,
        30,
        50,
        70,
        100,
        140,
        200,
        300,
        600,
        1000
    ],
    "eta_bins": [
        0.0,
        1.5,
        2.5
    ],
    "eff_map": {
        "b": [
            [
                0.9345808846272812,
                0.8957433682911783
            ],
            [
                0.961567828964113,
                0.9095161000179889
            ],
            [
                0.9718455743879473,
                0.9261931187569368
            ],
            [
                0.9753219631047685,
                0.9271882261812548
            ],
            [
                0.9759268474744961,
                0.9274061990212071
            ],
            [
                0.9755032743148193,
                0.9459459459459459
            ],
            [
                0.9719705549263873,
                0.9439252336448598
            ],
            [
                0.979075850043592,
                0.9615384615384616
            ],
            [
                1.0,
                1.0
            ]
        ],
        "c": [
            [
                0.5294550810014728,
                0.5516693163751988
            ],
            [
                0.5221169036334913,
                0.5357142857142857
            ],
            [
                0.49473684210526314,
                0.4425531914893617
            ],
            [
                0.5167224080267558,
                0.42934782608695654
            ],
            [
                0.4879356568364611,
                0.41025641025641024
            ],
            [
                0.4897260273972603,
                0.421875
            ],
            [
                0.5132275132275133,
                0.4642857142857143
            ],
            [
                0.5894736842105263,
                0.5263157894736842
            ],
            [
                0.45454545454545453,
                0.5
            ]
        ],
        "light": [
            [
                0.3763011182366021,
                0.4186683978936738
            ],
            [
                0.3056638135130213,
                0.31041524846834584
            ],
            [
                0.23715682587438885,
                0.24609293602833923
            ],
            [
                0.19640430647015783,
                0.20430750822614419
            ],
            [
                0.17628032345013478,
                0.20208105147864183
            ],
            [
                0.15624082232011746,
                0.17901828681424448
            ],
            [
                0.18514750762970497,
                0.24669603524229075
            ],
            [
                0.25429864253393664,
                0.3004694835680751
            ],
            [
                0.3698630136986301,
                0.4444444444444444
            ]
        ]
    },
    "btag_wp": 0.049
}