{
    "pt_bins": [
        20,
        30,
        50,
        70,
        100,
        140,
        200,
        300,
        600,
        1000
    ],
    "eta_bins": [
        0.0,
        1.5,
        2.5
    ],
    "eff_map": {
        "b": [
            [
                0.9395391651203227,
                0.8876224398931434
            ],
            [
                0.9634976028489676,
                0.9064850579386055
            ],
            [
                0.9710580180373439,
                0.9157226114858228
            ],
            [
                0.9726823121207675,
                0.916871063970832
            ],
            [
                0.9727447407858817,
                0.9227555334493907
            ],
            [
                0.9733642098843083,
                0.9263919730240974
            ],
            [
                0.9732988507715759,
                0.9319278184741826
            ],
            [
                0.9718359818388195,
                0.9450651769087524
            ],
            [
                0.9595991230817413,
                0.9612403100775194
            ]
        ],
        "c": [
            [
                0.5584263351974407,
                0.5517506733358984
            ],
            [
                0.5417245039601535,
                0.5037230741955501
            ],
            [
                0.5233245547800144,
                0.4712691194708557
            ],
            [
                0.5107276222462823,
                0.46022628372497826
            ],
            [
                0.5068342241625525,
                0.4556539168197762
            ],
            [
                0.5128309572301426,
                0.4732510288065844
            ],
            [
                0.5447612130016343,
                0.5173708920187794
            ],
            [
                0.6216786166174609,
                0.6366279069767442
            ],
            [
                0.68,
                0.6875
            ]
        ],
        "light": [
            [
                0.21899162105235356,
                0.3397693643849717
            ],
            [
                0.10706456130184944,
                0.17184170323735756
            ],
            [
                0.07780767124592272,
                0.12307541433755026
            ],
            [
                0.06959545415995251,
                0.10560465048002114
            ],
            [
                0.06676387876262889,
                0.10678545277031974
            ],
            [
                0.07703798548868972,
                0.11375235025517057
            ],
            [
                0.10110868207370394,
                0.1685317056629366
            ],
            [
                0.16845937448287274,
                0.27060133630289535
            ],
            [
                0.30864197530864196,
                0.5192307692307693
            ]
        ]
    },
    "btag_wp": 0.049
}