{
    "pt_bins": [
        20,
        30,
        50,
        70,
        100,
        140,
        200,
        300,
        600,
        1000
    ],
    "eta_bins": [
        0.0,
        1.5,
        2.5
    ],
    "eff_map": {
        "b": [
            [
                0.6469355683603981,
                0.37800687285223367
            ],
            [
                0.7418239829832491,
                0.5431034482758621
            ],
            [
                0.7729299363057325,
                0.625615763546798
            ],
            [
                0.8036065573770492,
                0.612565445026178
            ],
            [
                0.8351841028638223,
                0.7047619047619048
            ],
            [
                0.8491484184914841,
                0.6470588235294118
            ],
            [
                0.8,
                1.0
            ],
            [
                0.0,
                0.0
            ],
            [
                0.0,
                0.0
            ]
        ],
        "c": [
            [
                0.05293994559531283,
                0.04225352112676056
            ],
            [
                0.03160589741326035,
                0.02727272727272727
            ],
            [
                0.029014897433897513,
                0.024680073126142597
            ],
            [
                0.03034891791280207,
                0.02702702702702703
            ],
            [
                0.03464228079612695,
                0.01556420233463035
            ],
            [
                0.04061810154525387,
                0.03289473684210526
            ],
            [
                0.07692307692307693,
                0.0
            ],
            [
                0.0,
                0.0
            ],
            [
                0.0,
                0.0
            ]
        ],
        "light": [
            [
                0.0026323366100440095,
                0.0021025687905658653
            ],
            [
                0.002017644498951616,
                0.0009861932938856016
            ],
            [
                0.0029533009290592504,
                0.0014551333872271624
            ],
            [
                0.00252261121023811,
                0.0017316017316017316
            ],
            [
                0.0018439977872026553,
                0.0017416545718432512
            ],
            [
                0.002869814766501435,
                0.0026362038664323375
            ],
            [
                0.0189873417721519,
                0.0
            ],
            [
                0.0,
                0.0
            ],
            [
                0.0,
                0.0
            ]
        ]
    },
    "btag_wp": 0.71
}