{
    "pt_bins": [
        20,
        30,
        50,
        70,
        100,
        140,
        200,
        300,
        600,
        1000
    ],
    "eta_bins": [
        0.0,
        1.5,
        2.5
    ],
    "eff_map": {
        "b": [
            [
                0.5647518221132252,
                0.4223289005739504
            ],
            [
                0.6844324706466807,
                0.5437757609953427
            ],
            [
                0.729534015415111,
                0.6028608831699608
            ],
            [
                0.7463161698490905,
                0.6165277018808722
            ],
            [
                0.7493709646988895,
                0.6240309258750713
            ],
            [
                0.7525945405424005,
                0.6189742982352244
            ],
            [
                0.7925363414379321,
                0.6150274468962226
            ],
            [
                0.8067589023474221,
                0.6195116923570234
            ],
            [
                0.7510012587252546,
                0.5416666666666666
            ]
        ],
        "c": [
            [
                0.04924927039566854,
                0.03441516237918527
            ],
            [
                0.04211143122222765,
                0.033918077168577906
            ],
            [
                0.03876076816795097,
                0.03120246577535826
            ],
            [
                0.04472781281273331,
                0.031194197658781772
            ],
            [
                0.05378100997133333,
                0.0349160163999471
            ],
            [
                0.06847142884435359,
                0.042293802564289
            ],
            [
                0.09362253865160486,
                0.051034626907266775
            ],
            [
                0.1092831269480246,
                0.05477229962088559
            ],
            [
                0.11351611351611351,
                0.05985915492957746
            ]
        ],
        "light": [
            [
                0.0029337082028704047,
                0.0020998920744054812
            ],
            [
                0.0019073556087561387,
                0.001510022718770814
            ],
            [
                0.0015230725498706298,
                0.0016071159522999057
            ],
            [
                0.0010746610901633388,
                0.0014542937804848668
            ],
            [
                0.000998548189250335,
                0.001709573052228292
            ],
            [
                0.0012433029477343944,
                0.002157983997216907
            ],
            [
                0.0019513311814664744,
                0.004003101011970476
            ],
            [
                0.002587151567777122,
                0.004944651948276074
            ],
            [
                0.005670145451557236,
                0.009439899307740718
            ]
        ]
    },
    "btag_wp": 0.71
}