{
    "pt_bins": [
        20,
        30,
        50,
        70,
        100,
        140,
        200,
        300,
        600,
        1000
    ],
    "eta_bins": [
        0.0,
        1.5,
        2.5
    ],
    "eff_map": {
        "b": [
            [
                0.8306587341970332,
                0.6753465267206153
            ],
            [
                0.8883882104228757,
                0.745024638068681
            ],
            [
                0.9037596159059282,
                0.7743280211906727
            ],
            [
                0.9062085776549617,
                0.7876321172860552
            ],
            [
                0.9066965246288342,
                0.7910420136960947
            ],
            [
                0.9036019788950357,
                0.7994836488812392
            ],
            [
                0.9027131020310006,
                0.8216932405120144
            ],
            [
                0.8940159941171063,
                0.7872478854912166
            ],
            [
                0.838676844783715,
                0.8076923076923077
            ]
        ],
        "c": [
            [
                0.2168498990352255,
                0.17690058479532164
            ],
            [
                0.18645098516176112,
                0.1695457453614843
            ],
            [
                0.16795865633074936,
                0.13941605839416057
            ],
            [
                0.16348859018443263,
                0.15794871794871795
            ],
            [
                0.1821724305893814,
                0.16295025728987994
            ],
            [
                0.19612229679343773,
                0.15772870662460567
            ],
            [
                0.21177944862155387,
                0.13008130081300814
            ],
            [
                0.24084778420038536,
                0.22388059701492538
            ],
            [
                0.21568627450980393,
                0.2
            ]
        ],
        "light": [
            [
                0.0804551085827301,
                0.05887362396523438
            ],
            [
                0.048515491297462736,
                0.04073093838788775
            ],
            [
                0.025715895702064444,
                0.023751581816411953
            ],
            [
                0.01802022845614896,
                0.018174665617623917
            ],
            [
                0.011777132294692369,
                0.016145139813581892
            ],
            [
                0.014461118690313779,
                0.017839444995044598
            ],
            [
                0.015487447016628627,
                0.01692524682651622
            ],
            [
                0.02283897080080948,
                0.050724637681159424
            ],
            [
                0.05116279069767442,
                0.043478260869565216
            ]
        ]
    },
    "btag_wp": 0.2783
}