{
    "pt_bins": [
        20,
        30,
        50,
        70,
        100,
        140,
        200,
        300,
        600,
        1000
    ],
    "eta_bins": [
        0.0,
        1.5,
        2.5
    ],
    "eff_map": {
        "b": [
            [
                0.8305425969121404,
                0.674694060851016
            ],
            [
                0.8879211175020543,
                0.7473741055758066
            ],
            [
                0.9033166111626877,
                0.775827081539786
            ],
            [
                0.9062671208403802,
                0.7876374208788879
            ],
            [
                0.9065588651522584,
                0.7933771929824561
            ],
            [
                0.9036253309038402,
                0.8019515169995426
            ],
            [
                0.9026177848561223,
                0.8165904431477685
            ],
            [
                0.89231220657277,
                0.7782867613376088
            ],
            [
                0.833810888252149,
                0.7532467532467533
            ]
        ],
        "c": [
            [
                0.2191336025976083,
                0.17473211199446942
            ],
            [
                0.18945563651950278,
                0.17149372862029647
            ],
            [
                0.1723850766155896,
                0.1470740548938374
            ],
            [
                0.16556583003082342,
                0.15379113018597998
            ],
            [
                0.17233174711080898,
                0.15601023017902813
            ],
            [
                0.20010615711252655,
                0.1463963963963964
            ],
            [
                0.21643109540636044,
                0.15760869565217392
            ],
            [
                0.23823529411764705,
                0.2
            ],
            [
                0.28169014084507044,
                0.14285714285714285
            ]
        ],
        "light": [
            [
                0.08063507299169574,
                0.05909256091399803
            ],
            [
                0.04847156743498759,
                0.04051372505787675
            ],
            [
                0.02566806035266315,
                0.02295249446620126
            ],
            [
                0.018367857211547708,
                0.018725121937545552
            ],
            [
                0.012657285384558112,
                0.015496595444940127
            ],
            [
                0.013418489129733566,
                0.018164661476763388
            ],
            [
                0.013617118663462638,
                0.01771255060728745
            ],
            [
                0.021873710276516713,
                0.04030226700251889
            ],
            [
                0.05172413793103448,
                0.05357142857142857
            ]
        ]
    },
    "btag_wp": 0.2783
}