{
    "pt_bins": [
        20,
        30,
        50,
        70,
        100,
        140,
        200,
        300,
        600,
        1000
    ],
    "eta_bins": [
        0.0,
        1.5,
        2.5
    ],
    "eff_map": {
        "b": [
            [
                0.6222943490316618,
                0.44280482550624733
            ],
            [
                0.7366888420653898,
                0.5552200386119499
            ],
            [
                0.7831993036905887,
                0.6229562619304506
            ],
            [
                0.8000125001953156,
                0.6640016831474858
            ],
            [
                0.7996186303148328,
                0.63705759888966
            ],
            [
                0.7962761126248865,
                0.652027027027027
            ],
            [
                0.7950880674770529,
                0.7295918367346939
            ],
            [
                0.7820392890551918,
                0.5588235294117647
            ],
            [
                0.8032786885245902,
                0.0
            ]
        ],
        "c": [
            [
                0.04234860883797054,
                0.024324324324324326
            ],
            [
                0.0328649138712602,
                0.029110512129380053
            ],
            [
                0.037641154328732745,
                0.02378255945639864
            ],
            [
                0.035491606714628296,
                0.04186046511627907
            ],
            [
                0.041758241758241756,
                0.02288329519450801
            ],
            [
                0.06400839454354669,
                0.04961832061068702
            ],
            [
                0.06626506024096386,
                0.017857142857142856
            ],
            [
                0.05113636363636364,
                0.03125
            ],
            [
                0.14285714285714285,
                0.0
            ]
        ],
        "light": [
            [
                0.002717523171737759,
                0.0020449422536193153
            ],
            [
                0.002184758300361259,
                0.0019019751280175566
            ],
            [
                0.002847335985646306,
                0.001483924154987634
            ],
            [
                0.00183206106870229,
                0.001646723021187836
            ],
            [
                0.001021209740769835,
                0.0023131672597864767
            ],
            [
                0.0013036264517658214,
                0.003392967304133251
            ],
            [
                0.002253267237494367,
                0.0032113037893384713
            ],
            [
                0.0018072289156626507,
                0.006072874493927126
            ],
            [
                0.0,
                0.0
            ]
        ]
    },
    "btag_wp": 0.71
}