{
    "pt_bins": [
        20,
        30,
        50,
        70,
        100,
        140,
        200,
        300,
        600,
        1000
    ],
    "eta_bins": [
        0.0,
        1.5,
        2.5
    ],
    "eff_map": {
        "b": [
            [
                0.6197016479161491,
                0.4403610193487494
            ],
            [
                0.7372216710310167,
                0.5572902525115395
            ],
            [
                0.7830204889863516,
                0.6243574713680223
            ],
            [
                0.8006044890178771,
                0.6588289008104098
            ],
            [
                0.7994066076248689,
                0.645933014354067
            ],
            [
                0.7953780457171565,
                0.6641221374045801
            ],
            [
                0.791751735402205,
                0.7154471544715447
            ],
            [
                0.7664921465968586,
                0.5507246376811594
            ],
            [
                0.8095238095238095,
                0.5
            ]
        ],
        "c": [
            [
                0.042046490428441205,
                0.027377169396235638
            ],
            [
                0.03277659173678262,
                0.03069129916567342
            ],
            [
                0.03710618436406068,
                0.02111801242236025
            ],
            [
                0.03960129310344827,
                0.03610411418975651
            ],
            [
                0.04214711729622266,
                0.03435114503816794
            ],
            [
                0.05577918343875791,
                0.041928721174004195
            ],
            [
                0.06090808416389812,
                0.03827751196172249
            ],
            [
                0.045454545454545456,
                0.045454545454545456
            ],
            [
                0.11764705882352941,
                0.0
            ]
        ],
        "light": [
            [
                0.0025704366404059285,
                0.002367225382765072
            ],
            [
                0.00230625998355372,
                0.0017954407908008876
            ],
            [
                0.0028025586718866996,
                0.0018661811561219844
            ],
            [
                0.002008536279186543,
                0.00157585308200497
            ],
            [
                0.0012951690195570523,
                0.0026698309107089885
            ],
            [
                0.001246555570135153,
                0.0025184687709872396
            ],
            [
                0.0017264767542237022,
                0.002105263157894737
            ],
            [
                0.002023608768971332,
                0.003278688524590164
            ],
            [
                0.007194244604316547,
                0.0
            ]
        ]
    },
    "btag_wp": 0.71
}