{
    "pt_bins": [
        20,
        30,
        50,
        70,
        100,
        140,
        200,
        300,
        600,
        1000
    ],
    "eta_bins": [
        0.0,
        1.5,
        2.5
    ],
    "eff_map": {
        "b": [
            [
                0.9361001101910341,
                0.8932874797527381
            ],
            [
                0.9604211811224206,
                0.9082495211687489
            ],
            [
                0.9690180944787689,
                0.9172754248511533
            ],
            [
                0.9719295923111483,
                0.9205568952471905
            ],
            [
                0.9726355527894943,
                0.9236488068036158
            ],
            [
                0.9722180802594053,
                0.9276250643640829
            ],
            [
                0.9713755749991307,
                0.9318172592953402
            ],
            [
                0.9701815863188987,
                0.9353785339864226
            ],
            [
                0.965503068025014,
                0.9510166358595195
            ]
        ],
        "c": [
            [
                0.5612796239245658,
                0.5553663704257624
            ],
            [
                0.5464008522990035,
                0.5117136118292738
            ],
            [
                0.5293781744355137,
                0.48360406827596836
            ],
            [
                0.5171923297267743,
                0.4659793008523671
            ],
            [
                0.5152652710218194,
                0.46021941505607544
            ],
            [
                0.5237569544984924,
                0.47320086990905497
            ],
            [
                0.5602736308063376,
                0.508224689346099
            ],
            [
                0.6314528111968557,
                0.5873651353735496
            ],
            [
                0.6728702780547248,
                0.6930422919508867
            ]
        ],
        "light": [
            [
                0.27053529635917767,
                0.35623921668626746
            ],
            [
                0.17104176967182666,
                0.21559968365376167
            ],
            [
                0.11854892205211759,
                0.15535506419383432
            ],
            [
                0.09717337986644926,
                0.1289705500704298
            ],
            [
                0.08787364158283889,
                0.11993388945369537
            ],
            [
                0.08808534043873248,
                0.12836513872375474
            ],
            [
                0.10648599159315185,
                0.16716172804773527
            ],
            [
                0.17045911013444862,
                0.27225512331296753
            ],
            [
                0.3193395434709634,
                0.4835719314714856
            ]
        ]
    },
    "btag_wp": 0.049
}