{
    "pt_bins": [
        20,
        30,
        50,
        70,
        100,
        140,
        200,
        300,
        600,
        1000
    ],
    "eta_bins": [
        0.0,
        1.5,
        2.5
    ],
    "eff_map": {
        "b": [
            [
                0.6366891021051124,
                0.450693374422188
            ],
            [
                0.7451871657754011,
                0.547093023255814
            ],
            [
                0.7886703214016983,
                0.6323713927227101
            ],
            [
                0.7943739489374714,
                0.6340508806262231
            ],
            [
                0.7995656220912194,
                0.6391752577319587
            ],
            [
                0.7854909318323953,
                0.5913978494623656
            ],
            [
                0.7788461538461539,
                0.6571428571428571
            ],
            [
                0.811965811965812,
                0.5882352941176471
            ],
            [
                0.85,
                0.0
            ]
        ],
        "c": [
            [
                0.04967197750702906,
                0.042435424354243544
            ],
            [
                0.030973451327433628,
                0.03198976327575176
            ],
            [
                0.026412643429313706,
                0.023991275899672846
            ],
            [
                0.03520381154049762,
                0.028023598820058997
            ],
            [
                0.02541988197911938,
                0.01804123711340206
            ],
            [
                0.041245791245791245,
                0.01904761904761905
            ],
            [
                0.05733558178752108,
                0.028169014084507043
            ],
            [
                0.071875,
                0.0
            ],
            [
                0.21212121212121213,
                0.0
            ]
        ],
        "light": [
            [
                0.016568713267475305,
                0.002737226277372263
            ],
            [
                0.008939213349225268,
                0.0017467248908296944
            ],
            [
                0.005060088551549652,
                0.0011435105774728416
            ],
            [
                0.0035106196243637,
                0.0007785130400934215
            ],
            [
                0.0035159683562847933,
                0.0007267441860465116
            ],
            [
                0.0013434841021047917,
                0.002621231979030144
            ],
            [
                0.001563721657544957,
                0.0028735632183908046
            ],
            [
                0.005747126436781609,
                0.013888888888888888
            ],
            [
                0.010101010101010102,
                0.0
            ]
        ]
    },
    "btag_wp": 0.71
}