{
    "pt_bins": [
        20,
        30,
        50,
        70,
        100,
        140,
        200,
        300,
        600,
        1000
    ],
    "eta_bins": [
        0.0,
        1.5,
        2.5
    ],
    "eff_map": {
        "b": [
            [
                0.915658209963757,
                0.8813905930470347
            ],
            [
                0.9439025867813655,
                0.9087504256043581
            ],
            [
                0.9585216960897541,
                0.9091127674921856
            ],
            [
                0.9631013545072397,
                0.9157474771180474
            ],
            [
                0.9668604495405471,
                0.9178006109414052
            ],
            [
                0.971162834174612,
                0.9280843149411035
            ],
            [
                0.9729401408450704,
                0.9215075092094077
            ],
            [
                0.9784489643788936,
                0.9342939481268011
            ],
            [
                0.9831975560081466,
                0.9417040358744395
            ]
        ],
        "c": [
            [
                0.5519695787831513,
                0.5391600454029511
            ],
            [
                0.5644192947346629,
                0.5043838285435948
            ],
            [
                0.565974605353466,
                0.4869629085567389
            ],
            [
                0.5624719772829173,
                0.47949759881787957
            ],
            [
                0.5719145855953673,
                0.4625679631953158
            ],
            [
                0.6041220720445233,
                0.4772823779193206
            ],
            [
                0.653325150146859,
                0.5289503175196115
            ],
            [
                0.7216070414537195,
                0.6302260761845773
            ],
            [
                0.7769903141979684,
                0.7114427860696517
            ]
        ],
        "light": [
            [
                0.2305886701783569,
                0.34523784499611126
            ],
            [
                0.1228515364147241,
                0.18211588946926846
            ],
            [
                0.09106461845528745,
                0.1349518380184785
            ],
            [
                0.07923492266861902,
                0.11732218437080623
            ],
            [
                0.07596721780539148,
                0.1152513525013677
            ],
            [
                0.08239847431007404,
                0.12880258899676375
            ],
            [
                0.11056027259524076,
                0.17880730848961096
            ],
            [
                0.17654749297009092,
                0.2759369907658881
            ],
            [
                0.3204923273657289,
                0.46123260437375746
            ]
        ]
    },
    "btag_wp": 0.049
}