{
    "pt_bins": [
        20,
        30,
        50,
        70,
        100,
        140,
        200,
        300,
        600,
        1000
    ],
    "eta_bins": [
        0.0,
        1.5,
        2.5
    ],
    "eff_map": {
        "b": [
            [
                0.8968775168824732,
                0.8796465014577259
            ],
            [
                0.934447043100568,
                0.9004241896889276
            ],
            [
                0.9527644126883518,
                0.9138551389685561
            ],
            [
                0.9628923195571041,
                0.9171331933753207
            ],
            [
                0.9667103205040176,
                0.9219627448294754
            ],
            [
                0.9704758515923305,
                0.9269562356674955
            ],
            [
                0.9722982141732464,
                0.9376204483213307
            ],
            [
                0.971338901781663,
                0.948216182871243
            ],
            [
                0.9678403313876859,
                0.9351351351351351
            ]
        ],
        "c": [
            [
                0.5094550341668402,
                0.5415600096595026
            ],
            [
                0.4920853934306849,
                0.4840451644575356
            ],
            [
                0.47783548333054116,
                0.45571955719557194
            ],
            [
                0.47710610042882834,
                0.4419121084618981
            ],
            [
                0.47994275371469464,
                0.43276247207743856
            ],
            [
                0.4982649701930777,
                0.44087021197471177
            ],
            [
                0.5237447698744769,
                0.45306224899598396
            ],
            [
                0.5786589542583149,
                0.5620406398616515
            ],
            [
                0.6267605633802817,
                0.7307692307692307
            ]
        ],
        "light": [
            [
                0.22893560704212987,
                0.3524712697374568
            ],
            [
                0.11910051004254414,
                0.18642335346746863
            ],
            [
                0.08828863224205402,
                0.1371491180296147
            ],
            [
                0.07538644138797738,
                0.11861666257969593
            ],
            [
                0.07015756538637237,
                0.10926483833897568
            ],
            [
                0.07354392468827502,
                0.12209377505366333
            ],
            [
                0.09374427600176703,
                0.16408690587550082
            ],
            [
                0.15705285550646375,
                0.27144986749116606
            ],
            [
                0.3255706224206182,
                0.5009472259810555
            ]
        ]
    },
    "btag_wp": 0.049
}