{
    "pt_bins": [
        20,
        30,
        50,
        70,
        100,
        140,
        200,
        300,
        600,
        1000
    ],
    "eta_bins": [
        0.0,
        1.5,
        2.5
    ],
    "eff_map": {
        "b": [
            [
                0.9157899960301707,
                0.8852664576802508
            ],
            [
                0.9439360109919769,
                0.9065394718650629
            ],
            [
                0.958144644818993,
                0.9114766940853898
            ],
            [
                0.9638597115898166,
                0.9162693114629029
            ],
            [
                0.9667036143530895,
                0.9165548098434004
            ],
            [
                0.9708805876895696,
                0.9261279127416956
            ],
            [
                0.972671285604311,
                0.9226273959794297
            ],
            [
                0.9785400327501508,
                0.9357092941998603
            ],
            [
                0.9828901257472686,
                0.9481481481481482
            ]
        ],
        "c": [
            [
                0.5543068217541653,
                0.5329038196042338
            ],
            [
                0.5670594837261503,
                0.5043807248108323
            ],
            [
                0.5662911914923389,
                0.4909307166220636
            ],
            [
                0.563170584689572,
                0.4744503862150921
            ],
            [
                0.5744030114104223,
                0.46087817761637506
            ],
            [
                0.6030225946431244,
                0.47860321807600137
            ],
            [
                0.6531120036967263,
                0.5228317499233834
            ],
            [
                0.7215522003314306,
                0.6272365805168986
            ],
            [
                0.7802741812642803,
                0.7272727272727273
            ]
        ],
        "light": [
            [
                0.2318013387520918,
                0.3439155241420421
            ],
            [
                0.1226361652143488,
                0.1825398556255861
            ],
            [
                0.09107962252171654,
                0.13507832639302003
            ],
            [
                0.07884364627785681,
                0.11775771256583897
            ],
            [
                0.0764043082021541,
                0.11731542308069419
            ],
            [
                0.08204014698290261,
                0.12917636994439427
            ],
            [
                0.11031033975584645,
                0.17922343056809706
            ],
            [
                0.17660520620202713,
                0.275347231734378
            ],
            [
                0.32142395379907773,
                0.46000812017864395
            ]
        ]
    },
    "btag_wp": 0.049
}