{
    "pt_bins": [
        20,
        30,
        50,
        70,
        100,
        140,
        200,
        300,
        600,
        1000
    ],
    "eta_bins": [
        0.0,
        1.5,
        2.5
    ],
    "eff_map": {
        "b": [
            [
                0.8360067981281866,
                0.6869721878166873
            ],
            [
                0.8905269867965089,
                0.7611756473058082
            ],
            [
                0.9082354514267568,
                0.7925541766993888
            ],
            [
                0.9182775740564685,
                0.811807743115537
            ],
            [
                0.9168643181025462,
                0.7987140061504053
            ],
            [
                0.9180642907058001,
                0.8140735958683021
            ],
            [
                0.9132506428679473,
                0.8275862068965517
            ],
            [
                0.9201964395334561,
                0.8181818181818182
            ],
            [
                0.9449929478138223,
                0.5454545454545454
            ]
        ],
        "c": [
            [
                0.19607415485278082,
                0.16219425314652103
            ],
            [
                0.19061616732617298,
                0.15766460905349794
            ],
            [
                0.1775926331944749,
                0.15577342047930284
            ],
            [
                0.17691505992704534,
                0.13399857448325017
            ],
            [
                0.19042397660818713,
                0.16145307769929365
            ],
            [
                0.19570522205954125,
                0.1437403400309119
            ],
            [
                0.21072226358897989,
                0.1883656509695291
            ],
            [
                0.26045883940620784,
                0.2154696132596685
            ],
            [
                0.24691358024691357,
                0.3333333333333333
            ]
        ],
        "light": [
            [
                0.023224456725478577,
                0.028986683988307893
            ],
            [
                0.012881115575514062,
                0.016798498243137002
            ],
            [
                0.010914770353958193,
                0.013872244616334387
            ],
            [
                0.00931600276761886,
                0.011482825470994681
            ],
            [
                0.0074771222379287254,
                0.012424817980373535
            ],
            [
                0.007405056595789696,
                0.013684452621895124
            ],
            [
                0.009659874989853072,
                0.01640964808224595
            ],
            [
                0.01740483939436819,
                0.04490644490644491
            ],
            [
                0.0533515731874145,
                0.07947019867549669
            ]
        ]
    },
    "btag_wp": 0.2783
}