{
    "pt_bins": [
        20,
        30,
        50,
        70,
        100,
        140,
        200,
        300,
        600,
        1000
    ],
    "eta_bins": [
        0.0,
        1.5,
        2.5
    ],
    "eff_map": {
        "b": [
            [
                0.8355799097462345,
                0.6793611061445854
            ],
            [
                0.8897342395662301,
                0.7515899410700742
            ],
            [
                0.9040843663341054,
                0.7781724886520623
            ],
            [
                0.9073014390076167,
                0.785209280711654
            ],
            [
                0.9072317243442705,
                0.7960772570744123
            ],
            [
                0.9056890520158284,
                0.8071221532091097
            ],
            [
                0.9042994645040205,
                0.8006080114449213
            ],
            [
                0.8875581932549131,
                0.8054511278195489
            ],
            [
                0.8292452830188679,
                0.717741935483871
            ]
        ],
        "c": [
            [
                0.23939868768974634,
                0.19803379811090407
            ],
            [
                0.1974676981430696,
                0.18029443064916637
            ],
            [
                0.16586582886712253,
                0.1532640847492605
            ],
            [
                0.1592102639101243,
                0.14532751091703056
            ],
            [
                0.16150008179290037,
                0.140743231881621
            ],
            [
                0.16616215331751616,
                0.14466918066506684
            ],
            [
                0.18901218846643625,
                0.15651358950328023
            ],
            [
                0.24250105618926912,
                0.24495677233429394
            ],
            [
                0.32682926829268294,
                0.3333333333333333
            ]
        ],
        "light": [
            [
                0.02145516522429798,
                0.029393506985593475
            ],
            [
                0.010823404886989971,
                0.016776559634817213
            ],
            [
                0.008832973250414792,
                0.014088109714105818
            ],
            [
                0.008416878010587055,
                0.011234633256867244
            ],
            [
                0.0077951002227171495,
                0.012891006842619747
            ],
            [
                0.009328758310100793,
                0.014692007009030866
            ],
            [
                0.010882329914663744,
                0.01805792163543441
            ],
            [
                0.020996500583236127,
                0.03262092238470191
            ],
            [
                0.06028368794326241,
                0.0784313725490196
            ]
        ]
    },
    "btag_wp": 0.2783
}