{
    "pt_bins": [
        20,
        30,
        50,
        70,
        100,
        140,
        200,
        300,
        600,
        1000
    ],
    "eta_bins": [
        0.0,
        1.5,
        2.5
    ],
    "eff_map": {
        "b": [
            [
                0.9393402711952347,
                0.8804616329678085
            ],
            [
                0.9692013611383467,
                0.9037076806467913
            ],
            [
                0.9775657184432744,
                0.916512888250034
            ],
            [
                0.9785122465506145,
                0.9204999023628198
            ],
            [
                0.9770363730694757,
                0.9194475434607617
            ],
            [
                0.975673044295951,
                0.9203941285251965
            ],
            [
                0.974314189359239,
                0.9258164734409335
            ],
            [
                0.9725850938077774,
                0.9281140861466822
            ],
            [
                0.9675901725039205,
                0.925531914893617
            ]
        ],
        "c": [
            [
                0.5596567793475848,
                0.5518857293114459
            ],
            [
                0.5544069730222175,
                0.5015221433983057
            ],
            [
                0.53797512237738,
                0.472480168635935
            ],
            [
                0.5241205906278502,
                0.45449711221731487
            ],
            [
                0.5191683052945889,
                0.4460645526613817
            ],
            [
                0.5270588614947722,
                0.43975176693673507
            ],
            [
                0.546913945333953,
                0.47645311837081034
            ],
            [
                0.6161663357084453,
                0.5584112149532711
            ],
            [
                0.6388384754990926,
                0.6627906976744186
            ]
        ],
        "light": [
            [
                0.25165221996074105,
                0.3483341164975588
            ],
            [
                0.13528354707421092,
                0.18909181109960832
            ],
            [
                0.09185871138735131,
                0.13569037998449043
            ],
            [
                0.07600353356020956,
                0.11554767498117141
            ],
            [
                0.07268831819846916,
                0.11406269575814638
            ],
            [
                0.07651278935753915,
                0.127014223472187
            ],
            [
                0.10217785680117693,
                0.17060664368934092
            ],
            [
                0.17114046300241442,
                0.27171148747362156
            ],
            [
                0.36363636363636365,
                0.49930555555555556
            ]
        ]
    },
    "btag_wp": 0.049
}