{
    "pt_bins": [
        20,
        30,
        50,
        70,
        100,
        140,
        200,
        300,
        600,
        1000
    ],
    "eta_bins": [
        0.0,
        1.5,
        2.5
    ],
    "eff_map": {
        "b": [
            [
                0.9467217427909914,
                0.8991914449660928
            ],
            [
                0.965744371980153,
                0.9086535570389079
            ],
            [
                0.9705820856174034,
                0.9227959324711226
            ],
            [
                0.9754493643138974,
                0.9191616766467066
            ],
            [
                0.9762128945933891,
                0.9263322884012539
            ],
            [
                0.9777403035413154,
                0.9342105263157895
            ],
            [
                0.9773823884197829,
                0.9248554913294798
            ],
            [
                0.9809750297265161,
                0.9428571428571428
            ],
            [
                0.9772727272727273,
                1.0
            ]
        ],
        "c": [
            [
                0.4912551440329218,
                0.5307322287546766
            ],
            [
                0.481554491692481,
                0.45436375749500335
            ],
            [
                0.4947201689545935,
                0.43878954607977994
            ],
            [
                0.48002458512599877,
                0.4175824175824176
            ],
            [
                0.5017391304347826,
                0.40974212034383956
            ],
            [
                0.5089058524173028,
                0.4418604651162791
            ],
            [
                0.5160493827160494,
                0.5257731958762887
            ],
            [
                0.5909090909090909,
                0.47058823529411764
            ],
            [
                0.7,
                1.0
            ]
        ],
        "light": [
            [
                0.23773607316783466,
                0.35872256612267867
            ],
            [
                0.11460278168201557,
                0.17705802968960863
            ],
            [
                0.08102345415778252,
                0.13272357723577236
            ],
            [
                0.07260603815521392,
                0.106765899864682
            ],
            [
                0.06134381290137065,
                0.10661028266191853
            ],
            [
                0.06701940035273368,
                0.11938098747236552
            ],
            [
                0.08689730318714246,
                0.1477184841453983
            ],
            [
                0.1210727969348659,
                0.23515439429928742
            ],
            [
                0.24285714285714285,
                0.4
            ]
        ]
    },
    "btag_wp": 0.049
}