{
    "pt_bins": [
        20,
        30,
        50,
        70,
        100,
        140,
        200,
        300,
        600,
        1000
    ],
    "eta_bins": [
        0.0,
        1.5,
        2.5
    ],
    "eff_map": {
        "b": [
            [
                0.8352927616413094,
                0.6976120019269149
            ],
            [
                0.8884827796263411,
                0.7661977334896444
            ],
            [
                0.9041139959124972,
                0.7858805275407292
            ],
            [
                0.9114533408514237,
                0.8001020321401241
            ],
            [
                0.9139201389332278,
                0.8037050898203593
            ],
            [
                0.9131791670930114,
                0.8028720626631853
            ],
            [
                0.9086564969674692,
                0.814621409921671
            ],
            [
                0.8962371721778791,
                0.8493975903614458
            ],
            [
                0.926391382405745,
                0.8181818181818182
            ]
        ],
        "c": [
            [
                0.24137810423224904,
                0.2019285309132161
            ],
            [
                0.2021215778441212,
                0.18644505683775406
            ],
            [
                0.1690136687036873,
                0.15689823193651678
            ],
            [
                0.15901153212520594,
                0.14616848296142537
            ],
            [
                0.15715129706214082,
                0.1366087477531456
            ],
            [
                0.15923625915284087,
                0.14228799089356858
            ],
            [
                0.1955420466058764,
                0.1625
            ],
            [
                0.24552572706935122,
                0.23869346733668342
            ],
            [
                0.2843691148775895,
                0.2647058823529412
            ]
        ],
        "light": [
            [
                0.022749957397083527,
                0.02998143478622295
            ],
            [
                0.011078053902695135,
                0.017707032173120422
            ],
            [
                0.009553500559439222,
                0.013469088123583672
            ],
            [
                0.008624484957949992,
                0.012667508451794224
            ],
            [
                0.007680156871289286,
                0.012202083630655058
            ],
            [
                0.008843495048888336,
                0.01389445557782231
            ],
            [
                0.011582500496392879,
                0.021710526315789475
            ],
            [
                0.02351332877648667,
                0.04735376044568245
            ],
            [
                0.05456852791878172,
                0.07017543859649122
            ]
        ]
    },
    "btag_wp": 0.2783
}