{
    "pt_bins": [
        20,
        30,
        50,
        70,
        100,
        140,
        200,
        300,
        600,
        1000
    ],
    "eta_bins": [
        0.0,
        1.5,
        2.5
    ],
    "eff_map": {
        "b": [
            [
                0.6147186147186147,
                0.39473684210526316
            ],
            [
                0.7357222844344905,
                0.5428571428571428
            ],
            [
                0.7978883861236803,
                0.6
            ],
            [
                0.7753164556962026,
                0.631578947368421
            ],
            [
                0.7572815533980582,
                0.75
            ],
            [
                0.746268656716418,
                0.0
            ],
            [
                0.7058823529411765,
                1.0
            ],
            [
                1.0,
                0.0
            ],
            [
                0.0,
                0.0
            ]
        ],
        "c": [
            [
                0.08823529411764706,
                0.0
            ],
            [
                0.0,
                0.09090909090909091
            ],
            [
                0.0,
                0.14285714285714285
            ],
            [
                0.0,
                0.25
            ],
            [
                0.0,
                0.0
            ],
            [
                0.0,
                0.0
            ],
            [
                0.0,
                0.0
            ],
            [
                0.0,
                0.0
            ],
            [
                0.0,
                0.0
            ]
        ],
        "light": [
            [
                0.002570694087403599,
                0.0
            ],
            [
                0.0033112582781456954,
                0.0
            ],
            [
                0.0,
                0.0
            ],
            [
                0.0,
                0.0
            ],
            [
                0.014925373134328358,
                0.0
            ],
            [
                0.0,
                0.0
            ],
            [
                0.0,
                0.0
            ],
            [
                0.0,
                0.0
            ],
            [
                0.0,
                0.0
            ]
        ]
    },
    "btag_wp": 0.71
}