{
    "pt_bins": [
        20,
        30,
        50,
        70,
        100,
        140,
        200,
        300,
        600,
        1000
    ],
    "eta_bins": [
        0.0,
        1.5,
        2.5
    ],
    "eff_map": {
        "b": [
            [
                0.5587091099759819,
                0.4202525917393451
            ],
            [
                0.6764621921264025,
                0.5391378049591172
            ],
            [
                0.7253300071040327,
                0.5990290998833835
            ],
            [
                0.7455929861738706,
                0.61823421692534
            ],
            [
                0.7565327596844932,
                0.623646517989438
            ],
            [
                0.7543845902356912,
                0.6274594037288427
            ],
            [
                0.7497737469739657,
                0.6063694267515923
            ],
            [
                0.7789794795333541,
                0.5752363445378151
            ],
            [
                0.7457262530646056,
                0.5348239527113853
            ]
        ],
        "c": [
            [
                0.049078249491810555,
                0.035255889520714866
            ],
            [
                0.042576510839138396,
                0.033859777095455394
            ],
            [
                0.0407264285611293,
                0.03206172573852633
            ],
            [
                0.045070966496089604,
                0.03237544635266111
            ],
            [
                0.053725412023432124,
                0.03581267217630854
            ],
            [
                0.06459719223049601,
                0.03899471897397209
            ],
            [
                0.07994228495932133,
                0.04950156163094169
            ],
            [
                0.11289160635396876,
                0.056886603717055347
            ],
            [
                0.11157844469749843,
                0.05495723788406715
            ]
        ],
        "light": [
            [
                0.0026990639962842385,
                0.0020185836032435163
            ],
            [
                0.001920790220293725,
                0.001440798727140667
            ],
            [
                0.0015964985905678902,
                0.0017616878140168611
            ],
            [
                0.001137088833283259,
                0.0013717334010732544
            ],
            [
                0.0010416017640860046,
                0.00151949310725759
            ],
            [
                0.0012320624091425939,
                0.0020646769803125257
            ],
            [
                0.0017003680658899136,
                0.003239431236144026
            ],
            [
                0.004108376957228444,
                0.007461572621122277
            ],
            [
                0.00621968787772742,
                0.008371300924492413
            ]
        ]
    },
    "btag_wp": 0.71
}