{
    "pt_bins": [
        20,
        30,
        50,
        70,
        100,
        140,
        200,
        300,
        600,
        1000
    ],
    "eta_bins": [
        0.0,
        1.5,
        2.5
    ],
    "eff_map": {
        "b": [
            [
                0.625233245962998,
                0.4230503428844825
            ],
            [
                0.7454465772307324,
                0.5453345886120522
            ],
            [
                0.7873612233780432,
                0.6018240117162796
            ],
            [
                0.8000023179830176,
                0.6270865527850868
            ],
            [
                0.7943971666583529,
                0.6273991077912646
            ],
            [
                0.7832229263247843,
                0.6386127917026794
            ],
            [
                0.7676182400602978,
                0.6109167249825053
            ],
            [
                0.735549309544177,
                0.5920177383592018
            ],
            [
                0.6278375149342891,
                0.3235294117647059
            ]
        ],
        "c": [
            [
                0.03872942109886373,
                0.03332921692119815
            ],
            [
                0.028817117800672205,
                0.027924032512672687
            ],
            [
                0.02572996563909652,
                0.02378937325926724
            ],
            [
                0.02648205053292779,
                0.023500296970896853
            ],
            [
                0.028502089500261188,
                0.025847457627118643
            ],
            [
                0.0341708060374823,
                0.028853251023283902
            ],
            [
                0.04386662587947385,
                0.03613687240166293
            ],
            [
                0.05674873406670159,
                0.046353872244205764
            ],
            [
                0.08359133126934984,
                0.06349206349206349
            ]
        ],
        "light": [
            [
                0.004289427061789291,
                0.002273368483023939
            ],
            [
                0.0020873229076602065,
                0.0015126386663350954
            ],
            [
                0.0015322479683426138,
                0.0014787882076815586
            ],
            [
                0.0015477331872346253,
                0.0014792455418969502
            ],
            [
                0.0013836343726404093,
                0.0019136252873879704
            ],
            [
                0.0013722679218957229,
                0.0023538327286088275
            ],
            [
                0.0019552792539857615,
                0.0030362177401865105
            ],
            [
                0.0029502421840598854,
                0.004899709079773389
            ],
            [
                0.0075497597803706245,
                0.013850415512465374
            ]
        ]
    },
    "btag_wp": 0.71
}