{
    "pt_bins": [
        20,
        30,
        50,
        70,
        100,
        140,
        200,
        300,
        600,
        1000
    ],
    "eta_bins": [
        0.0,
        1.5,
        2.5
    ],
    "eff_map": {
        "b": [
            [
                0.81073875056401,
                0.649589709469949
            ],
            [
                0.8833768494342907,
                0.7269401116888119
            ],
            [
                0.9036617991305317,
                0.7762039660056658
            ],
            [
                0.910906076551575,
                0.7749912922326715
            ],
            [
                0.9170850409836065,
                0.7763272410791993
            ],
            [
                0.9209057824504651,
                0.7671303451828955
            ],
            [
                0.9220074906367042,
                0.7756064690026954
            ],
            [
                0.9184764561333599,
                0.7672413793103449
            ],
            [
                0.889202657807309,
                0.7272727272727273
            ]
        ],
        "c": [
            [
                0.3114518232093881,
                0.18438852813852813
            ],
            [
                0.2793965057909644,
                0.17989559630571544
            ],
            [
                0.22485797171521818,
                0.15500224315836697
            ],
            [
                0.2201233522795985,
                0.15971287572902648
            ],
            [
                0.23701053758730622,
                0.15349584784355746
            ],
            [
                0.26243184987954865,
                0.16789441375076733
            ],
            [
                0.3129861492640893,
                0.20135296458416235
            ],
            [
                0.3722591362126246,
                0.2288770053475936
            ],
            [
                0.4004572921770374,
                0.29577464788732394
            ]
        ],
        "light": [
            [
                0.17965984538426558,
                0.04844210545062734
            ],
            [
                0.12352343059239611,
                0.03610096313517104
            ],
            [
                0.05192745925431718,
                0.021787823253919772
            ],
            [
                0.02882544381505413,
                0.01813864073278299
            ],
            [
                0.020245505846762463,
                0.0175609756097561
            ],
            [
                0.017622035117837893,
                0.017688271701907066
            ],
            [
                0.020066889632107024,
                0.02613490444897651
            ],
            [
                0.03441532019898408,
                0.04983161696520084
            ],
            [
                0.07940362294206206,
                0.106456571867794
            ]
        ]
    },
    "btag_wp": 0.2783
}