{
    "pt_bins": [
        20,
        30,
        50,
        70,
        100,
        140,
        200,
        300,
        600,
        1000
    ],
    "eta_bins": [
        0.0,
        1.5,
        2.5
    ],
    "eff_map": {
        "b": [
            [
                0.6167438828486951,
                0.433340839995496
            ],
            [
                0.7321969876780979,
                0.5502029391182646
            ],
            [
                0.7799840380412755,
                0.6135395443600666
            ],
            [
                0.7971992092595108,
                0.6544050401381973
            ],
            [
                0.793337983955354,
                0.6326530612244898
            ],
            [
                0.7918588399720475,
                0.6546158812136863
            ],
            [
                0.7783996369686885,
                0.6620689655172414
            ],
            [
                0.7681604256189891,
                0.5935828877005348
            ],
            [
                0.7968970380818053,
                0.36363636363636365
            ]
        ],
        "c": [
            [
                0.039476553980370775,
                0.03063405366896224
            ],
            [
                0.03289994347088751,
                0.027520576131687242
            ],
            [
                0.03683402762552072,
                0.029411764705882353
            ],
            [
                0.038301198540906724,
                0.027797576621525304
            ],
            [
                0.047149122807017545,
                0.03632694248234107
            ],
            [
                0.04782820888238165,
                0.02936630602782071
            ],
            [
                0.05286671630677588,
                0.024930747922437674
            ],
            [
                0.0728744939271255,
                0.055248618784530384
            ],
            [
                0.04938271604938271,
                0.3333333333333333
            ]
        ],
        "light": [
            [
                0.002370212714498204,
                0.0019370853245487868
            ],
            [
                0.0019223193886394076,
                0.0014439969836507452
            ],
            [
                0.0022701269454987925,
                0.002069942259505393
            ],
            [
                0.002149846792527429,
                0.0017895312422329373
            ],
            [
                0.0014135852987128934,
                0.001978474200696423
            ],
            [
                0.0008991854437744632,
                0.0014949402023919044
            ],
            [
                0.0014611575614903807,
                0.0019770660340055358
            ],
            [
                0.0018395358709494835,
                0.006652806652806653
            ],
            [
                0.004103967168262654,
                0.013245033112582781
            ]
        ]
    },
    "btag_wp": 0.71
}