{
    "pt_bins": [
        20,
        30,
        50,
        70,
        100,
        140,
        200,
        300,
        600,
        1000
    ],
    "eta_bins": [
        0.0,
        1.5,
        2.5
    ],
    "eff_map": {
        "b": [
            [
                0.6016243488248082,
                0.4169438899977822
            ],
            [
                0.7252072740598232,
                0.5336029270171384
            ],
            [
                0.7641009920856092,
                0.6150456405413912
            ],
            [
                0.7815901391191523,
                0.6098920236851272
            ],
            [
                0.795952868852459,
                0.6275021758050479
            ],
            [
                0.8004582827874377,
                0.6161772282328697
            ],
            [
                0.7983820224719101,
                0.6091644204851752
            ],
            [
                0.7837218569436143,
                0.5756704980842912
            ],
            [
                0.7207641196013289,
                0.4818181818181818
            ]
        ],
        "c": [
            [
                0.05390944651769255,
                0.0367965367965368
            ],
            [
                0.04144816175439581,
                0.03359657341721323
            ],
            [
                0.03463072645956727,
                0.028712427097353072
            ],
            [
                0.04012577095174749,
                0.031852848811126065
            ],
            [
                0.04692025017643766,
                0.03027055987141709
            ],
            [
                0.05649803474071256,
                0.036525475751995086
            ],
            [
                0.07463204464621345,
                0.050537206526064464
            ],
            [
                0.09415282392026578,
                0.04919786096256684
            ],
            [
                0.09701126898579128,
                0.06690140845070422
            ]
        ],
        "light": [
            [
                0.03599454297407913,
                0.00414963623896918
            ],
            [
                0.02228558797524315,
                0.0033211557622052474
            ],
            [
                0.008846643734132796,
                0.0028303807778456524
            ],
            [
                0.005607583046312373,
                0.002103358588714237
            ],
            [
                0.0033509802780848216,
                0.0023693379790940767
            ],
            [
                0.002499400396369558,
                0.00270193848377266
            ],
            [
                0.002971336963431825,
                0.0028703074250321023
            ],
            [
                0.004502080407418589,
                0.006100834594172483
            ],
            [
                0.010052935748628042,
                0.010760953112990008
            ]
        ]
    },
    "btag_wp": 0.71
}