{
    "pt_bins": [
        20,
        30,
        50,
        70,
        100,
        140,
        200,
        300,
        600,
        1000
    ],
    "eta_bins": [
        0.0,
        1.5,
        2.5
    ],
    "eff_map": {
        "b": [
            [
                0.8413628244194599,
                0.6879265091863517
            ],
            [
                0.8948672438149745,
                0.7605975950443338
            ],
            [
                0.909514340969139,
                0.7985482748334494
            ],
            [
                0.918127539438796,
                0.8073582013285642
            ],
            [
                0.9206042595344229,
                0.8133659331703341
            ],
            [
                0.9182346903865891,
                0.7913043478260869
            ],
            [
                0.9204372912238081,
                0.85
            ],
            [
                0.9176755447941889,
                0.5862068965517241
            ],
            [
                0.9574468085106383,
                1.0
            ]
        ],
        "c": [
            [
                0.19115800050238632,
                0.16290588882773804
            ],
            [
                0.190292333149476,
                0.17990495587236932
            ],
            [
                0.16228748068006182,
                0.132
            ],
            [
                0.19070609535304767,
                0.1391941391941392
            ],
            [
                0.19302949061662197,
                0.14488636363636365
            ],
            [
                0.18773946360153257,
                0.15813953488372093
            ],
            [
                0.18848167539267016,
                0.14432989690721648
            ],
            [
                0.1953125,
                0.2
            ],
            [
                0.3333333333333333,
                0.0
            ]
        ],
        "light": [
            [
                0.023192461705643302,
                0.03343072255309586
            ],
            [
                0.01336629514790916,
                0.02039809916614364
            ],
            [
                0.010475691633731727,
                0.015232606010703994
            ],
            [
                0.008005912058135238,
                0.009821068209336741
            ],
            [
                0.008094825093957791,
                0.014596949891067539
            ],
            [
                0.0107179562472471,
                0.012034599473486273
            ],
            [
                0.011232876712328766,
                0.02549342105263158
            ],
            [
                0.015128593040847202,
                0.03826530612244898
            ],
            [
                0.04285714285714286,
                0.16666666666666666
            ]
        ]
    },
    "btag_wp": 0.2783
}