{
    "pt_bins": [
        20,
        30,
        50,
        70,
        100,
        140,
        200,
        300,
        600,
        1000
    ],
    "eta_bins": [
        0.0,
        1.5,
        2.5
    ],
    "eff_map": {
        "b": [
            [
                0.8639699494964623,
                0.6655298416565164
            ],
            [
                0.9294260018743498,
                0.7658871806402653
            ],
            [
                0.9409735705352575,
                0.8066016836508639
            ],
            [
                0.9453651568754464,
                0.81390405333591
            ],
            [
                0.9424959943030087,
                0.8426229508196721
            ],
            [
                0.9029363784665579,
                0.8589743589743589
            ],
            [
                0.5714285714285714,
                0.0
            ],
            [
                1.0,
                0.0
            ],
            [
                0.0,
                0.0
            ]
        ],
        "c": [
            [
                0.3751612416866299,
                0.1846027246959861
            ],
            [
                0.3154811688562348,
                0.1817423610584578
            ],
            [
                0.25459595800580026,
                0.16236123717098372
            ],
            [
                0.25435521024479757,
                0.15969380021221768
            ],
            [
                0.29257383411168847,
                0.1542185338865837
            ],
            [
                0.3603448275862069,
                0.16981132075471697
            ],
            [
                0.5,
                0.0
            ],
            [
                0.0,
                0.0
            ],
            [
                0.0,
                0.0
            ]
        ],
        "light": [
            [
                0.024928339607766654,
                0.029444965045188412
            ],
            [
                0.012826898122472714,
                0.015848581589862975
            ],
            [
                0.009866769790245153,
                0.011167688924892952
            ],
            [
                0.008918186953776625,
                0.01026261396228229
            ],
            [
                0.011819302443622653,
                0.011961722488038277
            ],
            [
                0.028789161727349702,
                0.017077798861480076
            ],
            [
                0.13333333333333333,
                0.13333333333333333
            ],
            [
                0.0,
                0.0
            ],
            [
                0.0,
                0.0
            ]
        ]
    },
    "btag_wp": 0.2783
}