{
    "pt_bins": [
        20,
        30,
        50,
        70,
        100,
        140,
        200,
        300,
        600,
        1000
    ],
    "eta_bins": [
        0.0,
        1.5,
        2.5
    ],
    "eff_map": {
        "b": [
            [
                0.7990733091483783,
                0.6724943481537302
            ],
            [
                0.8679753656658968,
                0.7588630490956072
            ],
            [
                0.8911019823622522,
                0.7890590159060502
            ],
            [
                0.8998988146863255,
                0.7947981249054892
            ],
            [
                0.9082500311087146,
                0.8117225782133434
            ],
            [
                0.9184193949822551,
                0.7926924073594196
            ],
            [
                0.9182373917473255,
                0.7919400187441424
            ],
            [
                0.9171597633136095,
                1.0
            ],
            [
                0.0,
                0.0
            ]
        ],
        "c": [
            [
                0.25415523640471194,
                0.1838544097060196
            ],
            [
                0.2254305977710233,
                0.1745940783190067
            ],
            [
                0.1894680021591795,
                0.16167840375586853
            ],
            [
                0.19259846929251448,
                0.14652738565782045
            ],
            [
                0.19935892098909333,
                0.15012254901960784
            ],
            [
                0.22504062462843327,
                0.16290983606557377
            ],
            [
                0.23429084380610413,
                0.16776859504132233
            ],
            [
                0.21641791044776118,
                0.2
            ],
            [
                0.0,
                0.0
            ]
        ],
        "light": [
            [
                0.022945823165732696,
                0.028109270985549602
            ],
            [
                0.01205321332208228,
                0.01812955445170075
            ],
            [
                0.011323844532325222,
                0.01532567049808429
            ],
            [
                0.008265415328887792,
                0.012829959689653678
            ],
            [
                0.008449312361031048,
                0.013636569564626467
            ],
            [
                0.008864961139896373,
                0.01459015696116381
            ],
            [
                0.010168645636216183,
                0.017234746479956913
            ],
            [
                0.016975308641975308,
                0.02054794520547945
            ],
            [
                0.0,
                0.0
            ]
        ]
    },
    "btag_wp": 0.2783
}