{
    "pt_bins": [
        20,
        30,
        50,
        70,
        100,
        140,
        200,
        300,
        600,
        1000
    ],
    "eta_bins": [
        0.0,
        1.5,
        2.5
    ],
    "eff_map": {
        "b": [
            [
                0.9158512720156555,
                0.8723872387238724
            ],
            [
                0.9404712691194709,
                0.8645454545454545
            ],
            [
                0.9597794356146611,
                0.922514619883041
            ],
            [
                0.9643397177419355,
                0.892128279883382
            ],
            [
                0.9672786177105831,
                0.89900426742532
            ],
            [
                0.9723788864786695,
                0.9003783102143758
            ],
            [
                0.9780925799146875,
                0.914519906323185
            ],
            [
                0.9769414835762453,
                0.8994708994708994
            ],
            [
                0.0,
                0.0
            ]
        ],
        "c": [
            [
                0.600582721053965,
                0.5375
            ],
            [
                0.6456492542588534,
                0.5303183425972714
            ],
            [
                0.6484862144091353,
                0.5001773678609436
            ],
            [
                0.6329943879535478,
                0.48227183191070255
            ],
            [
                0.6571107889444886,
                0.464506734619585
            ],
            [
                0.6811709122146232,
                0.49861014593467684
            ],
            [
                0.7284878048780488,
                0.5484356197352587
            ],
            [
                0.7539535294637335,
                0.617989417989418
            ],
            [
                0.0,
                0.0
            ]
        ],
        "light": [
            [
                0.22567190483184021,
                0.33643650593284524
            ],
            [
                0.11570700540047159,
                0.18029480786154298
            ],
            [
                0.08815599422243621,
                0.1300378811401602
            ],
            [
                0.08001509718814871,
                0.11909560398035017
            ],
            [
                0.07649491906245212,
                0.11160991781200359
            ],
            [
                0.08431739945095647,
                0.13143254520166897
            ],
            [
                0.11008692329735409,
                0.17601605619668842
            ],
            [
                0.13426254624266656,
                0.20524333719582852
            ],
            [
                0.0,
                0.0
            ]
        ]
    },
    "btag_wp": 0.049
}