{
    "pt_bins": [
        20,
        30,
        50,
        70,
        100,
        140,
        200,
        300,
        600,
        1000
    ],
    "eta_bins": [
        0.0,
        1.5,
        2.5
    ],
    "eff_map": {
        "b": [
            [
                0.8428734174494336,
                0.6880654890133563
            ],
            [
                0.8942446554132437,
                0.7620414830948963
            ],
            [
                0.9089590323084591,
                0.7950037347497718
            ],
            [
                0.9175768371380802,
                0.8184304649694929
            ],
            [
                0.9225900681596884,
                0.806384455239417
            ],
            [
                0.9221616712079928,
                0.8040540540540541
            ],
            [
                0.9151575291490945,
                0.8673469387755102
            ],
            [
                0.9242282507015903,
                0.7352941176470589
            ],
            [
                0.9508196721311475,
                0.0
            ]
        ],
        "c": [
            [
                0.20171849427168576,
                0.15585585585585585
            ],
            [
                0.20036264732547598,
                0.16226415094339622
            ],
            [
                0.17022166457549143,
                0.14269535673839184
            ],
            [
                0.17458033573141488,
                0.15038759689922482
            ],
            [
                0.18315018315018314,
                0.16704805491990846
            ],
            [
                0.20356768100734524,
                0.1717557251908397
            ],
            [
                0.21686746987951808,
                0.20535714285714285
            ],
            [
                0.24431818181818182,
                0.15625
            ],
            [
                0.2857142857142857,
                0.0
            ]
        ],
        "light": [
            [
                0.023729800553210074,
                0.03220784049450422
            ],
            [
                0.012661276449337691,
                0.020665691294806145
            ],
            [
                0.011155316327326624,
                0.01393239901071723
            ],
            [
                0.008804071246819338,
                0.011197716544077287
            ],
            [
                0.007619795758051846,
                0.01494661921708185
            ],
            [
                0.008295804693055226,
                0.015731030228254166
            ],
            [
                0.011041009463722398,
                0.026332691072575465
            ],
            [
                0.01746987951807229,
                0.038461538461538464
            ],
            [
                0.014492753623188406,
                0.07142857142857142
            ]
        ]
    },
    "btag_wp": 0.2783
}