{
    "pt_bins": [
        20,
        30,
        50,
        70,
        100,
        140,
        200,
        300,
        600,
        1000
    ],
    "eta_bins": [
        0.0,
        1.5,
        2.5
    ],
    "eff_map": {
        "b": [
            [
                0.9454054431588015,
                0.8929174642495215
            ],
            [
                0.9630682010836764,
                0.9097270818754374
            ],
            [
                0.9704996260221712,
                0.9199851824411928
            ],
            [
                0.9748668266256206,
                0.9229753073874606
            ],
            [
                0.9757586327171259,
                0.924517752306402
            ],
            [
                0.9765199161425576,
                0.9264041316978696
            ],
            [
                0.976554227802148,
                0.9327586206896552
            ],
            [
                0.9832207898506241,
                0.9358288770053476
            ],
            [
                0.9915373765867419,
                1.0
            ]
        ],
        "c": [
            [
                0.4945474372955289,
                0.5060555687485158
            ],
            [
                0.4713397399660825,
                0.45704732510288065
            ],
            [
                0.4632755974566981,
                0.44989106753812635
            ],
            [
                0.47550807712350185,
                0.4119743406985032
            ],
            [
                0.4824561403508772,
                0.4238143289606458
            ],
            [
                0.5061005368472425,
                0.42040185471406494
            ],
            [
                0.5160089352196575,
                0.5207756232686981
            ],
            [
                0.5654520917678812,
                0.5911602209944752
            ],
            [
                0.6296296296296297,
                0.8333333333333334
            ]
        ],
        "light": [
            [
                0.23348409176109222,
                0.3420173525727277
            ],
            [
                0.11402347750728749,
                0.17377701477690247
            ],
            [
                0.08403101901458329,
                0.12172713076951011
            ],
            [
                0.07277354947118711,
                0.10697420092459115
            ],
            [
                0.0647273268358009,
                0.102326685660019
            ],
            [
                0.0681265206812652,
                0.11074057037718492
            ],
            [
                0.08921178667099602,
                0.15104784499802293
            ],
            [
                0.13513513513513514,
                0.24864864864864866
            ],
            [
                0.32558139534883723,
                0.5099337748344371
            ]
        ]
    },
    "btag_wp": 0.049
}