{
    "pt_bins": [
        20,
        30,
        50,
        70,
        100,
        140,
        200,
        300,
        600,
        1000
    ],
    "eta_bins": [
        0.0,
        1.5,
        2.5
    ],
    "eff_map": {
        "b": [
            [
                0.6396342575415517,
                0.4065848262698998
            ],
            [
                0.7611100956558825,
                0.5466153222537495
            ],
            [
                0.6830930537352555,
                0.5667244367417678
            ],
            [
                0.4520383693045564,
                0.4375
            ],
            [
                0.1111111111111111,
                0.0
            ],
            [
                0.05555555555555555,
                0.0
            ],
            [
                0.0,
                0.0
            ],
            [
                0.0,
                0.0
            ],
            [
                0.0,
                0.0
            ]
        ],
        "c": [
            [
                0.06528730974751185,
                0.030721716514954485
            ],
            [
                0.047888493216525024,
                0.03570035115099493
            ],
            [
                0.051011433597185574,
                0.03819444444444445
            ],
            [
                0.06048387096774194,
                0.0
            ],
            [
                0.07692307692307693,
                0.0
            ],
            [
                0.0,
                0.0
            ],
            [
                0.0,
                0.0
            ],
            [
                0.0,
                0.0
            ],
            [
                0.0,
                0.0
            ]
        ],
        "light": [
            [
                0.0050335139577287556,
                0.0024120445837268194
            ],
            [
                0.011189486270939148,
                0.0031637226469812814
            ],
            [
                0.04246253305906553,
                0.01232134056185313
            ],
            [
                0.1114076050700467,
                0.0473186119873817
            ],
            [
                0.16377171215880892,
                0.03496503496503497
            ],
            [
                0.1111111111111111,
                0.07142857142857142
            ],
            [
                0.20408163265306123,
                0.0
            ],
            [
                0.0,
                0.0
            ],
            [
                0.0,
                0.0
            ]
        ]
    },
    "btag_wp": 0.71
}