{
    "pt_bins": [
        20,
        30,
        50,
        70,
        100,
        140,
        200,
        300,
        600,
        1000
    ],
    "eta_bins": [
        0.0,
        1.5,
        2.5
    ],
    "eff_map": {
        "b": [
            [
                0.9520545893517215,
                0.8782176207876573
            ],
            [
                0.980172087664543,
                0.9071502852806431
            ],
            [
                0.9845839280788626,
                0.9208522979014783
            ],
            [
                0.9846994535519126,
                0.9238610560896662
            ],
            [
                0.9808913417601329,
                0.9320843091334895
            ],
            [
                0.9616639477977161,
                0.9102564102564102
            ],
            [
                0.7142857142857143,
                0.0
            ],
            [
                1.0,
                0.0
            ],
            [
                0.0,
                0.0
            ]
        ],
        "c": [
            [
                0.692811552443335,
                0.5392703666453323
            ],
            [
                0.7774521661927248,
                0.49601941011448936
            ],
            [
                0.7500078712886874,
                0.4774837673671717
            ],
            [
                0.7249755983289735,
                0.4715779899954525
            ],
            [
                0.7330132210747878,
                0.4723374827109267
            ],
            [
                0.7586206896551724,
                0.5094339622641509
            ],
            [
                0.6666666666666666,
                0.0
            ],
            [
                0.0,
                0.0
            ],
            [
                0.0,
                0.0
            ]
        ],
        "light": [
            [
                0.2491845067965779,
                0.3498860403639998
            ],
            [
                0.11502479499038891,
                0.16486569148600042
            ],
            [
                0.0821803200053545,
                0.11311624811943062
            ],
            [
                0.07348469743794238,
                0.09394177308487286
            ],
            [
                0.07570154448553404,
                0.0920305023923445
            ],
            [
                0.1109229466553768,
                0.09108159392789374
            ],
            [
                0.2,
                0.2
            ],
            [
                0.2,
                0.0
            ],
            [
                0.0,
                0.0
            ]
        ]
    },
    "btag_wp": 0.049
}