{
    "pt_bins": [
        20,
        30,
        50,
        70,
        100,
        140,
        200,
        300,
        600,
        1000
    ],
    "eta_bins": [
        0.0,
        1.5,
        2.5
    ],
    "eff_map": {
        "b": [
            [
                0.5314508943869508,
                0.4154298310066128
            ],
            [
                0.6458804889090086,
                0.5133512493567385
            ],
            [
                0.6749966013866342,
                0.5505564764385508
            ],
            [
                0.6884134946395201,
                0.5664411184044007
            ],
            [
                0.7141550680976925,
                0.5881883144178226
            ],
            [
                0.7466661870539468,
                0.6221457837671589
            ],
            [
                0.7694183900761606,
                0.6561283255425528
            ],
            [
                0.7503593814175253,
                0.6337193015220842
            ],
            [
                0.6343564401323842,
                0.5126050420168067
            ]
        ],
        "c": [
            [
                0.04063998677029932,
                0.03295089025656612
            ],
            [
                0.03913695776532936,
                0.03429267726586979
            ],
            [
                0.03716891673172497,
                0.032980570020717845
            ],
            [
                0.041314288026544736,
                0.030728037740660463
            ],
            [
                0.04663519758791983,
                0.033313299562119
            ],
            [
                0.050249157874223994,
                0.038299289520426286
            ],
            [
                0.060465297837458035,
                0.045674279046507754
            ],
            [
                0.06710137658139664,
                0.05067567567567568
            ],
            [
                0.06475903614457831,
                0.04918032786885246
            ]
        ],
        "light": [
            [
                0.0017145704124933428,
                0.0023193237057367215
            ],
            [
                0.0011936342339395663,
                0.0015352787081627946
            ],
            [
                0.0012563996125639961,
                0.0017157413125245607
            ],
            [
                0.001016594744863627,
                0.0014208018887811459
            ],
            [
                0.0008544427812433749,
                0.0015298797279167746
            ],
            [
                0.0011733874648923546,
                0.0018881302116247167
            ],
            [
                0.0014354599865528748,
                0.003040416971470373
            ],
            [
                0.0027151395475942808,
                0.005419354838709678
            ],
            [
                0.007186397176772537,
                0.01141826923076923
            ]
        ]
    },
    "btag_wp": 0.71
}