{
    "pt_bins": [
        20,
        30,
        50,
        70,
        100,
        140,
        200,
        300,
        600,
        1000
    ],
    "eta_bins": [
        0.0,
        1.5,
        2.5
    ],
    "eff_map": {
        "b": [
            [
                0.833536090835361,
                0.6956068503350707
            ],
            [
                0.8866735603955277,
                0.7585712530209314
            ],
            [
                0.9054303033712606,
                0.7912759643916913
            ],
            [
                0.9116167425880765,
                0.7914948661977524
            ],
            [
                0.9116956379140702,
                0.7978472922973427
            ],
            [
                0.9125521685012081,
                0.8162104514752933
            ],
            [
                0.9102679755903422,
                0.8167141500474834
            ],
            [
                0.90076120665351,
                0.7890173410404624
            ],
            [
                0.9543039319872476,
                0.9375
            ]
        ],
        "c": [
            [
                0.23747920901866568,
                0.19574994378232516
            ],
            [
                0.1974400871459695,
                0.18266557645134915
            ],
            [
                0.165267424187595,
                0.15397022332506202
            ],
            [
                0.16252471600821927,
                0.13632969986561147
            ],
            [
                0.15515334924052843,
                0.1474820143884892
            ],
            [
                0.16751767478397486,
                0.14001766784452296
            ],
            [
                0.19940119760479041,
                0.17492416582406473
            ],
            [
                0.25942857142857145,
                0.25120772946859904
            ],
            [
                0.28185328185328185,
                0.3114754098360656
            ]
        ],
        "light": [
            [
                0.022421728138977116,
                0.029899694207672876
            ],
            [
                0.011234754852371048,
                0.017122663849320558
            ],
            [
                0.009478672985781991,
                0.013623796675660372
            ],
            [
                0.007561708084566698,
                0.012694279436894784
            ],
            [
                0.008625817965496729,
                0.012061841929894708
            ],
            [
                0.008771144723887944,
                0.015804597701149427
            ],
            [
                0.012915897863222427,
                0.021879021879021878
            ],
            [
                0.025726695623120615,
                0.050550874918988985
            ],
            [
                0.05432287681713849,
                0.1523809523809524
            ]
        ]
    },
    "btag_wp": 0.2783
}