{
    "pt_bins": [
        20,
        30,
        50,
        70,
        100,
        140,
        200,
        300,
        600,
        1000
    ],
    "eta_bins": [
        0.0,
        1.5,
        2.5
    ],
    "eff_map": {
        "b": [
            [
                0.7806862166240242,
                0.67141750580945
            ],
            [
                0.8492438471816123,
                0.7517621820410665
            ],
            [
                0.8756494294731731,
                0.7785804939958997
            ],
            [
                0.8880790931207619,
                0.7877485222998388
            ],
            [
                0.8977644777177654,
                0.8034634414513468
            ],
            [
                0.9041107638359506,
                0.803466317854807
            ],
            [
                0.907229841809281,
                0.8062142273098937
            ],
            [
                0.8948672412016079,
                0.7916
            ],
            [
                0.8814139493636018,
                0.7561142466221994
            ]
        ],
        "c": [
            [
                0.24351570192067482,
                0.18719726469750214
            ],
            [
                0.23030075187969926,
                0.1823621738277418
            ],
            [
                0.20866097922848664,
                0.1690956979806848
            ],
            [
                0.21919455358352527,
                0.16494745975127736
            ],
            [
                0.2393262349450166,
                0.15691489361702127
            ],
            [
                0.2668285856749932,
                0.1764530994499777
            ],
            [
                0.31406077695110207,
                0.21344925479063165
            ],
            [
                0.36428344546793334,
                0.24031929347826086
            ],
            [
                0.41409838925393966,
                0.3004496908375492
            ]
        ],
        "light": [
            [
                0.023767590026063677,
                0.029628673242782625
            ],
            [
                0.01528331039810724,
                0.01892636283323806
            ],
            [
                0.011060035646733595,
                0.015118290407376635
            ],
            [
                0.00904163617646694,
                0.01281035932690502
            ],
            [
                0.00898206348183801,
                0.012926399343702537
            ],
            [
                0.009253700651075784,
                0.014979021170167695
            ],
            [
                0.012296601091595395,
                0.022766654657127662
            ],
            [
                0.02690394165606595,
                0.04494780941560747
            ],
            [
                0.07968990945080916,
                0.1299647974967109
            ]
        ]
    },
    "btag_wp": 0.2783
}