{
    "pt_bins": [
        20,
        30,
        50,
        70,
        100,
        140,
        200,
        300,
        600,
        1000
    ],
    "eta_bins": [
        0.0,
        1.5,
        2.5
    ],
    "eff_map": {
        "b": [
            [
                0.6132016280828199,
                0.4194502138057422
            ],
            [
                0.7490873261498427,
                0.5574472573839663
            ],
            [
                0.7728610887544219,
                0.6054780089544377
            ],
            [
                0.77837852045577,
                0.6160601065178798
            ],
            [
                0.780867086929155,
                0.6364809384164223
            ],
            [
                0.7861231133072257,
                0.6572331017056222
            ],
            [
                0.8158625175196724,
                0.6962071480671043
            ],
            [
                0.8452081874716857,
                0.7192386131883073
            ],
            [
                0.8258326976862446,
                0.5576923076923077
            ]
        ],
        "c": [
            [
                0.045785673205955654,
                0.030493400155290465
            ],
            [
                0.04148034439030902,
                0.0301840490797546
            ],
            [
                0.03481878276726692,
                0.026977872082449228
            ],
            [
                0.03781876702153999,
                0.034245334299691975
            ],
            [
                0.04470704900421453,
                0.03295544423938835
            ],
            [
                0.048968209704406025,
                0.038492063492063494
            ],
            [
                0.05736005528680028,
                0.05436337625178827
            ],
            [
                0.06825261965448881,
                0.044733044733044736
            ],
            [
                0.07456140350877193,
                0.03389830508474576
            ]
        ],
        "light": [
            [
                0.0031725888324873096,
                0.00249475513555816
            ],
            [
                0.0021373055300491555,
                0.0017387230276686015
            ],
            [
                0.0015682941512746185,
                0.001420232040852557
            ],
            [
                0.0010167617031650424,
                0.0012967337715694331
            ],
            [
                0.0009286316740076846,
                0.0016288829695494701
            ],
            [
                0.0009932130441979805,
                0.002173307327946503
            ],
            [
                0.0013222169170308885,
                0.002779450595265669
            ],
            [
                0.0025962399283795882,
                0.004664614236402649
            ],
            [
                0.011767474699929396,
                0.011661807580174927
            ]
        ]
    },
    "btag_wp": 0.71
}