{
    "pt_bins": [
        20,
        30,
        50,
        70,
        100,
        140,
        200,
        300,
        600,
        1000
    ],
    "eta_bins": [
        0.0,
        1.5,
        2.5
    ],
    "eff_map": {
        "b": [
            [
                0.614135477884318,
                0.446020974706971
            ],
            [
                0.7158168603829077,
                0.5427235114229177
            ],
            [
                0.7689265536723164,
                0.6051609322974473
            ],
            [
                0.7830142707970762,
                0.6347792408985282
            ],
            [
                0.7848345359542175,
                0.6264274061990212
            ],
            [
                0.7829250545719136,
                0.6737451737451737
            ],
            [
                0.7618912797281994,
                0.6962616822429907
            ],
            [
                0.7619877942458587,
                0.5961538461538461
            ],
            [
                0.8260869565217391,
                1.0
            ]
        ],
        "c": [
            [
                0.050073637702503684,
                0.02384737678855326
            ],
            [
                0.045813586097946286,
                0.02976190476190476
            ],
            [
                0.02894736842105263,
                0.04680851063829787
            ],
            [
                0.03678929765886288,
                0.016304347826086956
            ],
            [
                0.04289544235924933,
                0.07692307692307693
            ],
            [
                0.030821917808219176,
                0.046875
            ],
            [
                0.031746031746031744,
                0.03571428571428571
            ],
            [
                0.10526315789473684,
                0.05263157894736842
            ],
            [
                0.0,
                0.0
            ]
        ],
        "light": [
            [
                0.016789661950952273,
                0.004328067517853278
            ],
            [
                0.009797851028956474,
                0.003209180200330643
            ],
            [
                0.004813839789394509,
                0.0027088976870181286
            ],
            [
                0.00355388313996028,
                0.003888722704157942
            ],
            [
                0.002875112309074573,
                0.004381161007667032
            ],
            [
                0.0041116005873715125,
                0.0028873917228103944
            ],
            [
                0.006103763987792472,
                0.00881057268722467
            ],
            [
                0.005429864253393665,
                0.009389671361502348
            ],
            [
                0.00684931506849315,
                0.0
            ]
        ]
    },
    "btag_wp": 0.71
}