{
    "pt_bins": [
        20,
        30,
        50,
        70,
        100,
        140,
        200,
        300,
        600,
        1000
    ],
    "eta_bins": [
        0.0,
        1.5,
        2.5
    ],
    "eff_map": {
        "b": [
            [
                0.619273355229743,
                0.42677914773956305
            ],
            [
                0.7390706658924191,
                0.5428747686613201
            ],
            [
                0.7814678007839416,
                0.5977065293704658
            ],
            [
                0.7931727987438294,
                0.6135018827326519
            ],
            [
                0.7935404136112714,
                0.6306500215238915
            ],
            [
                0.7838499897932402,
                0.6405353728489483
            ],
            [
                0.7587739552066497,
                0.6303470540758677
            ],
            [
                0.7376851343938563,
                0.594
            ],
            [
                0.6118314424635333,
                0.35
            ]
        ],
        "c": [
            [
                0.03910701135614899,
                0.03640334910811795
            ],
            [
                0.02994909920375103,
                0.028936017253774263
            ],
            [
                0.02650070813814141,
                0.02392073602264685
            ],
            [
                0.02632906883552495,
                0.02778292276347472
            ],
            [
                0.028429144708214477,
                0.0258732212160414
            ],
            [
                0.03381334305504922,
                0.02830188679245283
            ],
            [
                0.04074912533443095,
                0.04692556634304207
            ],
            [
                0.05803170804666467,
                0.03767123287671233
            ],
            [
                0.06634304207119741,
                0.05555555555555555
            ]
        ],
        "light": [
            [
                0.005693594254591025,
                0.002391893654958468
            ],
            [
                0.0026485014778638246,
                0.001628240197994008
            ],
            [
                0.001566391228209122,
                0.0013599554923657043
            ],
            [
                0.0014382402707275805,
                0.0017277551524126867
            ],
            [
                0.0015833950054214068,
                0.001228234954121812
            ],
            [
                0.0016069654648512826,
                0.001544202805301763
            ],
            [
                0.0016938898971566847,
                0.002437043054427295
            ],
            [
                0.003613974032927319,
                0.005076142131979695
            ],
            [
                0.00933609958506224,
                0.021052631578947368
            ]
        ]
    },
    "btag_wp": 0.71
}