{
    "pt_bins": [
        20,
        30,
        50,
        70,
        100,
        140,
        200,
        300,
        600,
        1000
    ],
    "eta_bins": [
        0.0,
        1.5,
        2.5
    ],
    "eff_map": {
        "b": [
            [
                0.9357665293673879,
                0.891641217056894
            ],
            [
                0.9606393347949587,
                0.9097637845409398
            ],
            [
                0.9692678542831397,
                0.916898168036582
            ],
            [
                0.9716813749041225,
                0.9212214498510427
            ],
            [
                0.9727051334973246,
                0.9241250079400368
            ],
            [
                0.9715733174949942,
                0.9249432136155644
            ],
            [
                0.9718920655316415,
                0.927815303962093
            ],
            [
                0.9709431910845339,
                0.9369639794168096
            ],
            [
                0.9585294117647059,
                0.9565217391304348
            ]
        ],
        "c": [
            [
                0.559788331578316,
                0.5561803070748377
            ],
            [
                0.5471711008425377,
                0.5147849840885409
            ],
            [
                0.5290283265318355,
                0.4855373291744272
            ],
            [
                0.5173873535637137,
                0.4682699290542428
            ],
            [
                0.5157121180040934,
                0.45868587729052845
            ],
            [
                0.5207631309829167,
                0.4696774193548387
            ],
            [
                0.5590940967781857,
                0.5243502397173858
            ],
            [
                0.6356640699220977,
                0.6012311901504788
            ],
            [
                0.657271702367531,
                0.6585365853658537
            ]
        ],
        "light": [
            [
                0.27044336771742683,
                0.35530914526430224
            ],
            [
                0.1708803779718739,
                0.21616959058271912
            ],
            [
                0.11824272830788503,
                0.1567599233551253
            ],
            [
                0.09743705982352464,
                0.12927717391304347
            ],
            [
                0.08842418789364277,
                0.11963673171006017
            ],
            [
                0.08842602308499475,
                0.129211262967232
            ],
            [
                0.10530682722818348,
                0.16344861498115063
            ],
            [
                0.16929382831713316,
                0.27319922128487995
            ],
            [
                0.3378775167785235,
                0.5017026106696936
            ]
        ]
    },
    "btag_wp": 0.049
}