{
    "pt_bins": [
        20,
        30,
        50,
        70,
        100,
        140,
        200,
        300,
        600,
        1000
    ],
    "eta_bins": [
        0.0,
        1.5,
        2.5
    ],
    "eff_map": {
        "b": [
            [
                0.6165280993475057,
                0.43740219092331767
            ],
            [
                0.737871860984118,
                0.5598051596608334
            ],
            [
                0.7828019745275043,
                0.62602428670155
            ],
            [
                0.801326649257572,
                0.6526946107784432
            ],
            [
                0.7991476287229298,
                0.6559561128526645
            ],
            [
                0.7942664418212478,
                0.6798245614035088
            ],
            [
                0.7876960193003619,
                0.6994219653179191
            ],
            [
                0.746730083234245,
                0.5428571428571428
            ],
            [
                0.8181818181818182,
                1.0
            ]
        ],
        "c": [
            [
                0.041666666666666664,
                0.03099946552645644
            ],
            [
                0.032666854407209234,
                0.03264490339773484
            ],
            [
                0.036430834213305174,
                0.017881705639614855
            ],
            [
                0.04486785494775661,
                0.029304029304029304
            ],
            [
                0.042608695652173914,
                0.04871060171919771
            ],
            [
                0.04580152671755725,
                0.03255813953488372
            ],
            [
                0.05432098765432099,
                0.061855670103092786
            ],
            [
                0.03787878787878788,
                0.058823529411764705
            ],
            [
                0.1,
                0.0
            ]
        ],
        "light": [
            [
                0.002390426416439007,
                0.0027574563871693865
            ],
            [
                0.0024544253078520634,
                0.001664417453891138
            ],
            [
                0.002748163942193793,
                0.00233739837398374
            ],
            [
                0.002222633821077977,
                0.0014884979702300405
            ],
            [
                0.0016294450301926578,
                0.0031159581571333183
            ],
            [
                0.0011757789535567313,
                0.0014738393515106854
            ],
            [
                0.001089621356578589,
                0.0007733952049497294
            ],
            [
                0.0022988505747126436,
                0.0
            ],
            [
                0.014285714285714285,
                0.0
            ]
        ]
    },
    "btag_wp": 0.71
}