{
    "pt_bins": [
        20,
        30,
        50,
        70,
        100,
        140,
        200,
        300,
        600,
        1000
    ],
    "eta_bins": [
        0.0,
        1.5,
        2.5
    ],
    "eff_map": {
        "b": [
            [
                0.6208632884128417,
                0.44427083333333334
            ],
            [
                0.7276133723866276,
                0.556148904883523
            ],
            [
                0.7752296770601337,
                0.6216857934309458
            ],
            [
                0.8026214804893832,
                0.6499576988155669
            ],
            [
                0.8015219861575015,
                0.6554860716316089
            ],
            [
                0.79336338203295,
                0.6381381381381381
            ],
            [
                0.7891737891737892,
                0.6540084388185654
            ],
            [
                0.7650951199338296,
                0.7105263157894737
            ],
            [
                0.8111111111111111,
                0.0
            ]
        ],
        "c": [
            [
                0.03997194950911641,
                0.03287536800785083
            ],
            [
                0.03446732318710832,
                0.03133743704532736
            ],
            [
                0.02823179791976226,
                0.030818278427205102
            ],
            [
                0.040117007939824485,
                0.025537634408602152
            ],
            [
                0.04550827423167849,
                0.033962264150943396
            ],
            [
                0.048327137546468404,
                0.03257328990228013
            ],
            [
                0.06208053691275168,
                0.027210884353741496
            ],
            [
                0.08786610878661087,
                0.05714285714285714
            ],
            [
                0.09090909090909091,
                0.0
            ]
        ],
        "light": [
            [
                0.0018627669039145908,
                0.0022452220579376814
            ],
            [
                0.0008359207069500836,
                0.0016194331983805667
            ],
            [
                0.0015926874870161346,
                0.0011140819964349377
            ],
            [
                0.0005202913631633715,
                0.0009792401096748924
            ],
            [
                0.0007882291119285339,
                0.002000307739652254
            ],
            [
                0.0011009908918026225,
                0.002238249191743347
            ],
            [
                0.0011240164855751218,
                0.003006012024048096
            ],
            [
                0.0030627871362940277,
                0.003284072249589491
            ],
            [
                0.020618556701030927,
                0.0
            ]
        ]
    },
    "btag_wp": 0.71
}