{
    "pt_bins": [
        20,
        30,
        50,
        70,
        100,
        140,
        200,
        300,
        600,
        1000
    ],
    "eta_bins": [
        0.0,
        1.5,
        2.5
    ],
    "eff_map": {
        "b": [
            [
                0.8407093255728667,
                0.6891812175554507
            ],
            [
                0.8946342891530993,
                0.7601954928047787
            ],
            [
                0.9097142670114228,
                0.7974569393092253
            ],
            [
                0.9178015146571414,
                0.8125784727770803
            ],
            [
                0.9221005197760278,
                0.8133971291866029
            ],
            [
                0.9180607887465461,
                0.8129770992366412
            ],
            [
                0.9160201442765755,
                0.8428184281842819
            ],
            [
                0.9209424083769634,
                0.7246376811594203
            ],
            [
                0.9428571428571428,
                0.5
            ]
        ],
        "c": [
            [
                0.19997721057429352,
                0.1627963823026155
            ],
            [
                0.19703629285445184,
                0.16507747318235996
            ],
            [
                0.17269544924154026,
                0.14472049689440994
            ],
            [
                0.17672413793103448,
                0.15197313182199831
            ],
            [
                0.1904572564612326,
                0.15776081424936386
            ],
            [
                0.19148936170212766,
                0.16352201257861634
            ],
            [
                0.21373200442967885,
                0.18181818181818182
            ],
            [
                0.22727272727272727,
                0.13636363636363635
            ],
            [
                0.35294117647058826,
                0.0
            ]
        ],
        "light": [
            [
                0.02366137000934704,
                0.033166609395084826
            ],
            [
                0.013289350560969386,
                0.019507766794432117
            ],
            [
                0.010974905333418907,
                0.01456531634046427
            ],
            [
                0.008536279186542806,
                0.010727922904418449
            ],
            [
                0.0075551526140828044,
                0.014535746069415604
            ],
            [
                0.00839784805143682,
                0.01511081262592344
            ],
            [
                0.010975459366136392,
                0.023508771929824562
            ],
            [
                0.01517706576728499,
                0.03278688524590164
            ],
            [
                0.02158273381294964,
                0.05263157894736842
            ]
        ]
    },
    "btag_wp": 0.2783
}