{
    "pt_bins": [
        20,
        30,
        50,
        70,
        100,
        140,
        200,
        300,
        600,
        1000
    ],
    "eta_bins": [
        0.0,
        1.5,
        2.5
    ],
    "eff_map": {
        "b": [
            [
                0.84424990051731,
                0.684805425480381
            ],
            [
                0.894649575919903,
                0.7629381086108173
            ],
            [
                0.9092613987479513,
                0.7962012947355563
            ],
            [
                0.9205075900734604,
                0.8143651997976732
            ],
            [
                0.9197514592355489,
                0.8124223602484472
            ],
            [
                0.9194870546221897,
                0.837620578778135
            ],
            [
                0.9134224288204532,
                0.8597285067873304
            ],
            [
                0.9086161879895561,
                0.8088235294117647
            ],
            [
                0.951048951048951,
                0.5
            ]
        ],
        "c": [
            [
                0.20729202327969873,
                0.1613603473227207
            ],
            [
                0.18851132686084143,
                0.14811181951937225
            ],
            [
                0.17898521773871354,
                0.17513513513513512
            ],
            [
                0.19418483904465214,
                0.1253968253968254
            ],
            [
                0.19882179675994108,
                0.14180929095354522
            ],
            [
                0.20502092050209206,
                0.1863799283154122
            ],
            [
                0.24451939291736932,
                0.20261437908496732
            ],
            [
                0.27037037037037037,
                0.14035087719298245
            ],
            [
                0.2857142857142857,
                0.0
            ]
        ],
        "light": [
            [
                0.02314007036412002,
                0.030579810748602537
            ],
            [
                0.01408529978752445,
                0.01825281779723693
            ],
            [
                0.011619266364926028,
                0.015393510153935102
            ],
            [
                0.009138257575757576,
                0.010530620590941621
            ],
            [
                0.008387628248333707,
                0.012927368600102058
            ],
            [
                0.007601713062098501,
                0.011157601115760111
            ],
            [
                0.008943237817119913,
                0.02055877701634159
            ],
            [
                0.012093411175979984,
                0.03720238095238095
            ],
            [
                0.03424657534246575,
                0.07142857142857142
            ]
        ]
    },
    "btag_wp": 0.2783
}