{
    "pt_bins": [
        20,
        30,
        50,
        70,
        100,
        140,
        200,
        300,
        600,
        1000
    ],
    "eta_bins": [
        0.0,
        1.5,
        2.5
    ],
    "eff_map": {
        "b": [
            [
                0.9549655273580754,
                0.8679724338048603
            ],
            [
                0.9763938094350177,
                0.8948524795982423
            ],
            [
                0.9806337019423594,
                0.8989501312335958
            ],
            [
                0.982270497547302,
                0.9026465028355387
            ],
            [
                0.981099011140318,
                0.9319066147859922
            ],
            [
                0.9832586654091017,
                0.9456066945606695
            ],
            [
                0.9854748603351955,
                0.92
            ],
            [
                0.9804618117229129,
                0.9230769230769231
            ],
            [
                0.9629629629629629,
                1.0
            ]
        ],
        "c": [
            [
                0.6760040017150207,
                0.5417422867513612
            ],
            [
                0.6995657323332017,
                0.5045432807269249
            ],
            [
                0.6882995319812792,
                0.4791868344627299
            ],
            [
                0.6667896678966789,
                0.44554455445544555
            ],
            [
                0.6721662083715246,
                0.5056818181818182
            ],
            [
                0.6582346609257266,
                0.45569620253164556
            ],
            [
                0.7051129607609988,
                0.547945205479452
            ],
            [
                0.6934865900383141,
                0.43478260869565216
            ],
            [
                0.76,
                1.0
            ]
        ],
        "light": [
            [
                0.6364902422263171,
                0.43351986812424087
            ],
            [
                0.47382992966767773,
                0.3012678607365667
            ],
            [
                0.30392960462873675,
                0.22775897088693298
            ],
            [
                0.21693981669601337,
                0.17302583916928277
            ],
            [
                0.1688395746648174,
                0.14246711342764953
            ],
            [
                0.14539381153305203,
                0.13157894736842105
            ],
            [
                0.15052160953800298,
                0.16570771001150747
            ],
            [
                0.20844811753902662,
                0.3
            ],
            [
                0.4375,
                0.5
            ]
        ]
    },
    "btag_wp": 0.049
}