{
    "pt_bins": [
        20,
        30,
        50,
        70,
        100,
        140,
        200,
        300,
        600,
        1000
    ],
    "eta_bins": [
        0.0,
        1.5,
        2.5
    ],
    "eff_map": {
        "b": [
            [
                0.6645893144737763,
                0.4097679251818497
            ],
            [
                0.7748869986119514,
                0.5452914798206278
            ],
            [
                0.7993440830828095,
                0.5783885071830106
            ],
            [
                0.8074074074074075,
                0.6138613861386139
            ],
            [
                0.8067991381374192,
                0.6334586466165414
            ],
            [
                0.7963088003601171,
                0.6775510204081633
            ],
            [
                0.8008565310492506,
                0.5673076923076923
            ],
            [
                0.7785234899328859,
                0.5769230769230769
            ],
            [
                0.6896551724137931,
                1.0
            ]
        ],
        "c": [
            [
                0.06571936056838366,
                0.026293103448275863
            ],
            [
                0.04479578392621871,
                0.029250457038391225
            ],
            [
                0.032219570405727926,
                0.024007386888273315
            ],
            [
                0.038860559170036925,
                0.024226110363391656
            ],
            [
                0.041423570595099185,
                0.029411764705882353
            ],
            [
                0.062210796915167094,
                0.03048780487804878
            ],
            [
                0.05580865603644647,
                0.06578947368421052
            ],
            [
                0.11231884057971014,
                0.0
            ],
            [
                0.0,
                0.0
            ]
        ],
        "light": [
            [
                0.08240369227914744,
                0.008550193569757572
            ],
            [
                0.0467857931426048,
                0.006826032128954438
            ],
            [
                0.025966558568504335,
                0.0055398093274929144
            ],
            [
                0.025175366871799287,
                0.0058816745473417135
            ],
            [
                0.01999646080339763,
                0.006367924528301887
            ],
            [
                0.012758099714621454,
                0.00234192037470726
            ],
            [
                0.011747953008187968,
                0.003260869565217391
            ],
            [
                0.001759014951627089,
                0.007017543859649123
            ],
            [
                0.0,
                0.0
            ]
        ]
    },
    "btag_wp": 0.71
}