{
    "pt_bins": [
        20,
        30,
        50,
        70,
        100,
        140,
        200,
        300,
        600,
        1000
    ],
    "eta_bins": [
        0.0,
        1.5,
        2.5
    ],
    "eff_map": {
        "b": [
            [
                0.947493098227803,
                0.8974953204385417
            ],
            [
                0.9656194718453073,
                0.9084518622050481
            ],
            [
                0.970208124048589,
                0.9214578710241409
            ],
            [
                0.9750381541167645,
                0.9187435984977809
            ],
            [
                0.9767098957809724,
                0.9242506811989101
            ],
            [
                0.9779473483403281,
                0.9174041297935103
            ],
            [
                0.978452698542992,
                0.9344262295081968
            ],
            [
                0.9840255591054313,
                0.9387755102040817
            ],
            [
                0.9855072463768116,
                1.0
            ]
        ],
        "c": [
            [
                0.49449225473321856,
                0.5257352941176471
            ],
            [
                0.47877984084880637,
                0.4569990850869167
            ],
            [
                0.4882166725290186,
                0.43795620437956206
            ],
            [
                0.48074534161490684,
                0.40148698884758366
            ],
            [
                0.49335748792270534,
                0.39923954372623577
            ],
            [
                0.5135363790186125,
                0.4591194968553459
            ],
            [
                0.511864406779661,
                0.5214285714285715
            ],
            [
                0.5969387755102041,
                0.5471698113207547
            ],
            [
                0.6,
                1.0
            ]
        ],
        "light": [
            [
                0.23717090359929524,
                0.35621613370983746
            ],
            [
                0.11446269862644762,
                0.18114384328923067
            ],
            [
                0.08187247158543633,
                0.13200386420093846
            ],
            [
                0.071685186732392,
                0.10508009153318078
            ],
            [
                0.06286122475485421,
                0.10931416591793951
            ],
            [
                0.06871825515386913,
                0.11898089171974523
            ],
            [
                0.08675545689974103,
                0.14790996784565916
            ],
            [
                0.12837493632195618,
                0.24386252045826515
            ],
            [
                0.27184466019417475,
                0.3333333333333333
            ]
        ]
    },
    "btag_wp": 0.049
}