{
    "pt_bins": [
        20,
        30,
        50,
        70,
        100,
        140,
        200,
        300,
        600,
        1000
    ],
    "eta_bins": [
        0.0,
        1.5,
        2.5
    ],
    "eff_map": {
        "b": [
            [
                0.8233866933466734,
                0.6915154684797039
            ],
            [
                0.8807353012250282,
                0.7544152106562663
            ],
            [
                0.89805166413921,
                0.7791764736995214
            ],
            [
                0.90767396959781,
                0.8064944952687106
            ],
            [
                0.912545493470349,
                0.8215398716773602
            ],
            [
                0.9125427202158222,
                0.815458473355737
            ],
            [
                0.9105460028416504,
                0.8191117092866756
            ],
            [
                0.9030016153875051,
                0.7818352059925093
            ],
            [
                0.8743142144638404,
                0.868421052631579
            ]
        ],
        "c": [
            [
                0.20332902256893748,
                0.17035973804611107
            ],
            [
                0.19171983292789277,
                0.16766401914916768
            ],
            [
                0.18369511996082913,
                0.1636709663776697
            ],
            [
                0.18566176470588236,
                0.1467700258397933
            ],
            [
                0.19611747137879543,
                0.15864246250986583
            ],
            [
                0.20208787784356497,
                0.1672316384180791
            ],
            [
                0.22317966393795777,
                0.17282889079965605
            ],
            [
                0.2566137566137566,
                0.19470404984423675
            ],
            [
                0.24607329842931938,
                0.2222222222222222
            ]
        ],
        "light": [
            [
                0.022276874821785,
                0.03184869142185869
            ],
            [
                0.012436656804911997,
                0.018628421801168346
            ],
            [
                0.010330240346481674,
                0.015416731314442078
            ],
            [
                0.008980291899938514,
                0.012709164072030736
            ],
            [
                0.007382238627196949,
                0.012317754462460825
            ],
            [
                0.008206791488525234,
                0.015283591259936254
            ],
            [
                0.010760989075256744,
                0.02043932808645601
            ],
            [
                0.02134200836520931,
                0.04190434401053093
            ],
            [
                0.06030401196112634,
                0.07555555555555556
            ]
        ]
    },
    "btag_wp": 0.2783
}