{
    "pt_bins": [
        20,
        30,
        50,
        70,
        100,
        140,
        200,
        300,
        600,
        1000
    ],
    "eta_bins": [
        0.0,
        1.5,
        2.5
    ],
    "eff_map": {
        "b": [
            [
                0.7928322046018592,
                0.6787805718222528
            ],
            [
                0.8588483716397304,
                0.760752994865944
            ],
            [
                0.883422252818174,
                0.7797033567525371
            ],
            [
                0.8904675146672907,
                0.8000923361034165
            ],
            [
                0.8967460404665107,
                0.7964253798033959
            ],
            [
                0.9035817632306604,
                0.7973072666912578
            ],
            [
                0.9124900254588288,
                0.7952961672473867
            ],
            [
                0.9189150194777088,
                0.7661971830985915
            ],
            [
                0.0,
                0.0
            ]
        ],
        "c": [
            [
                0.24388694823753573,
                0.18244597905992427
            ],
            [
                0.21965439361310993,
                0.18905109489051095
            ],
            [
                0.1884121791645697,
                0.1625
            ],
            [
                0.18565844858689115,
                0.14169934640522877
            ],
            [
                0.19864114217509066,
                0.15423031727379555
            ],
            [
                0.22509450945094509,
                0.164426651415499
            ],
            [
                0.2689470968525207,
                0.186223795262728
            ],
            [
                0.28426213824443913,
                0.21386138613861386
            ],
            [
                0.0,
                0.0
            ]
        ],
        "light": [
            [
                0.0240232268768146,
                0.02916740321725296
            ],
            [
                0.013510584495339931,
                0.01853997682502897
            ],
            [
                0.011015178516561175,
                0.01379419692405264
            ],
            [
                0.009139155426468575,
                0.01426906226134491
            ],
            [
                0.007899702561806377,
                0.014177192827488737
            ],
            [
                0.010018105009052505,
                0.017425206874602164
            ],
            [
                0.012712967785135034,
                0.02328177324190719
            ],
            [
                0.016275308616701126,
                0.024561708036799166
            ],
            [
                0.0,
                0.0
            ]
        ]
    },
    "btag_wp": 0.2783
}