{
    "pt_bins": [
        20,
        30,
        50,
        70,
        100,
        140,
        200,
        300,
        600,
        1000
    ],
    "eta_bins": [
        0.0,
        1.5,
        2.5
    ],
    "eff_map": {
        "b": [
            [
                0.9488897731794668,
                0.8914096560632973
            ],
            [
                0.9666517866632656,
                0.9085305809839892
            ],
            [
                0.9700905451516698,
                0.9196286796140223
            ],
            [
                0.9747831854530892,
                0.9254763109087843
            ],
            [
                0.9750329504801356,
                0.9074534161490683
            ],
            [
                0.9771122473825177,
                0.9292604501607717
            ],
            [
                0.9773387565368972,
                0.9547511312217195
            ],
            [
                0.9738903394255874,
                0.9705882352941176
            ],
            [
                0.986013986013986,
                1.0
            ]
        ],
        "c": [
            [
                0.499828825744608,
                0.5285817655571635
            ],
            [
                0.4716828478964401,
                0.4492398234428642
            ],
            [
                0.47143427886536154,
                0.4486486486486487
            ],
            [
                0.4771547248182762,
                0.4126984126984127
            ],
            [
                0.49410898379970547,
                0.4229828850855746
            ],
            [
                0.49267782426778245,
                0.45878136200716846
            ],
            [
                0.5379426644182125,
                0.5620915032679739
            ],
            [
                0.5592592592592592,
                0.5614035087719298
            ],
            [
                0.5714285714285714,
                0.0
            ]
        ],
        "light": [
            [
                0.24016284812600708,
                0.3551751854152205
            ],
            [
                0.11525743312648627,
                0.17498446883412716
            ],
            [
                0.08342903465513747,
                0.1260388812603888
            ],
            [
                0.06832386363636364,
                0.10847561599018506
            ],
            [
                0.06755036321425897,
                0.09967681578499744
            ],
            [
                0.07087794432548179,
                0.11185495118549511
            ],
            [
                0.07994159518160249,
                0.13547706905640486
            ],
            [
                0.12718932443703085,
                0.22916666666666666
            ],
            [
                0.2876712328767123,
                0.5357142857142857
            ]
        ]
    },
    "btag_wp": 0.049
}