{
    "pt_bins": [
        20,
        30,
        50,
        70,
        100,
        140,
        200,
        300,
        600,
        1000
    ],
    "eta_bins": [
        0.0,
        1.5,
        2.5
    ],
    "eff_map": {
        "b": [
            [
                0.8302763925281041,
                0.6939055793991417
            ],
            [
                0.888748341714744,
                0.7643683656880559
            ],
            [
                0.9050419441321457,
                0.7953599048185603
            ],
            [
                0.9156443805043062,
                0.8179037520391517
            ],
            [
                0.9186250084169416,
                0.8117543084401238
            ],
            [
                0.9172526368658965,
                0.8354166666666667
            ],
            [
                0.9117272598670251,
                0.83008356545961
            ],
            [
                0.8908668730650154,
                0.8222222222222222
            ],
            [
                0.9705882352941176,
                1.0
            ]
        ],
        "c": [
            [
                0.222828062522719,
                0.16745283018867924
            ],
            [
                0.20192307692307693,
                0.1563393708293613
            ],
            [
                0.19255094869992972,
                0.14732142857142858
            ],
            [
                0.1398880895283773,
                0.1339031339031339
            ],
            [
                0.17263843648208468,
                0.1702127659574468
            ],
            [
                0.17692307692307693,
                0.14388489208633093
            ],
            [
                0.22192513368983957,
                0.2222222222222222
            ],
            [
                0.2412280701754386,
                0.22580645161290322
            ],
            [
                0.3,
                0.0
            ]
        ],
        "light": [
            [
                0.0821867723747763,
                0.053731470076031095
            ],
            [
                0.057325476880055924,
                0.03758398190647243
            ],
            [
                0.032623022847100176,
                0.029328146042196617
            ],
            [
                0.022713643178410795,
                0.020774724085695737
            ],
            [
                0.019459062538245014,
                0.01855287569573284
            ],
            [
                0.013406344410876132,
                0.025454545454545455
            ],
            [
                0.02022678516702421,
                0.03591470258136925
            ],
            [
                0.029633620689655173,
                0.04664723032069971
            ],
            [
                0.06334841628959276,
                0.0
            ]
        ]
    },
    "btag_wp": 0.2783
}