{
    "pt_bins": [
        20,
        30,
        50,
        70,
        100,
        140,
        200,
        300,
        600,
        1000
    ],
    "eta_bins": [
        0.0,
        1.5,
        2.5
    ],
    "eff_map": {
        "b": [
            [
                0.9061887464875609,
                0.8843864805290228
            ],
            [
                0.9442293488361011,
                0.9048163607600969
            ],
            [
                0.9606960360173049,
                0.9156681663904017
            ],
            [
                0.9673273007442379,
                0.9185073317246849
            ],
            [
                0.9710111350834769,
                0.9230138713745271
            ],
            [
                0.971844359024311,
                0.9299716125018118
            ],
            [
                0.9705480195255456,
                0.940961790831101
            ],
            [
                0.9726267433347024,
                0.9475674666168643
            ],
            [
                0.9681733689985039,
                0.9600840336134454
            ]
        ],
        "c": [
            [
                0.5063254506366793,
                0.5320770964718993
            ],
            [
                0.48666472385023046,
                0.48320181037484045
            ],
            [
                0.4759792067330579,
                0.4537208130354443
            ],
            [
                0.47422409258285114,
                0.432933826341961
            ],
            [
                0.47769567258977336,
                0.43418906156091697
            ],
            [
                0.4973413880459898,
                0.4463809946714032
            ],
            [
                0.5292762901085174,
                0.4694115685947658
            ],
            [
                0.5873042412082706,
                0.5771396396396397
            ],
            [
                0.6563253012048192,
                0.6754098360655738
            ]
        ],
        "light": [
            [
                0.23139656742316217,
                0.35526344731175963
            ],
            [
                0.11917510387662097,
                0.1851783642741333
            ],
            [
                0.08702366127023661,
                0.13662774378263065
            ],
            [
                0.07405402887899953,
                0.11577638180361735
            ],
            [
                0.07027202974060488,
                0.10918045519806058
            ],
            [
                0.07396100164864966,
                0.12124878620200681
            ],
            [
                0.09193543729968527,
                0.1607763350402341
            ],
            [
                0.15654953954289275,
                0.26788940092165897
            ],
            [
                0.32034007058068653,
                0.5066105769230769
            ]
        ]
    },
    "btag_wp": 0.049
}