{
    "pt_bins": [
        20,
        30,
        50,
        70,
        100,
        140,
        200,
        300,
        600,
        1000
    ],
    "eta_bins": [
        0.0,
        1.5,
        2.5
    ],
    "eff_map": {
        "b": [
            [
                0.6215988882387361,
                0.43109869646182497
            ],
            [
                0.7411340695422423,
                0.5442921611231823
            ],
            [
                0.780338072862635,
                0.5895531625201139
            ],
            [
                0.7953277062866104,
                0.6202404809619239
            ],
            [
                0.793480017961383,
                0.6275313404050145
            ],
            [
                0.7814292505149738,
                0.6319502074688796
            ],
            [
                0.7633660839606993,
                0.6038047973531845
            ],
            [
                0.7243522101066948,
                0.5789473684210527
            ],
            [
                0.6090675791274593,
                0.37142857142857144
            ]
        ],
        "c": [
            [
                0.03947479523769315,
                0.03523035230352303
            ],
            [
                0.029640261545121088,
                0.029829410082912417
            ],
            [
                0.026448325626601477,
                0.023490438187020027
            ],
            [
                0.027907878161439324,
                0.02822011691191292
            ],
            [
                0.030246749801008225,
                0.022109459949256977
            ],
            [
                0.031914893617021274,
                0.027417027417027416
            ],
            [
                0.04259134723156243,
                0.04716981132075472
            ],
            [
                0.04946439823566478,
                0.0728744939271255
            ],
            [
                0.05930807248764415,
                0.06896551724137931
            ]
        ],
        "light": [
            [
                0.00553447599110297,
                0.0025647801283944474
            ],
            [
                0.0023995097898854077,
                0.0017420085358418255
            ],
            [
                0.0015731268486595452,
                0.001983926830088436
            ],
            [
                0.0013711825032579749,
                0.0022104332449160036
            ],
            [
                0.0013172786137034083,
                0.0018185951352580132
            ],
            [
                0.0011473006565109313,
                0.0016517549896765313
            ],
            [
                0.0015922510449147482,
                0.0058875478363261706
            ],
            [
                0.002948547840188707,
                0.002197802197802198
            ],
            [
                0.010050251256281407,
                0.0
            ]
        ]
    },
    "btag_wp": 0.71
}