{
    "pt_bins": [
        20,
        30,
        50,
        70,
        100,
        140,
        200,
        300,
        600,
        1000
    ],
    "eta_bins": [
        0.0,
        1.5,
        2.5
    ],
    "eff_map": {
        "b": [
            [
                0.5627474537858723,
                0.41895198101150266
            ],
            [
                0.6681431807044824,
                0.5223961387523118
            ],
            [
                0.7002455769049278,
                0.560712395591247
            ],
            [
                0.7369112996613135,
                0.5924711613093167
            ],
            [
                0.7701064209756818,
                0.6324809130215945
            ],
            [
                0.7879974725031978,
                0.6717037688891333
            ],
            [
                0.7748185601620604,
                0.6521589422216101
            ],
            [
                0.7474638273265535,
                0.6214114832535885
            ],
            [
                0.6472463254825571,
                0.47413793103448276
            ]
        ],
        "c": [
            [
                0.04209225541117183,
                0.03367166813768756
            ],
            [
                0.03809764629032598,
                0.032939681194725415
            ],
            [
                0.03674719292276284,
                0.026531040268456377
            ],
            [
                0.04256524377908153,
                0.03444953023367863
            ],
            [
                0.044881973113157614,
                0.03469598076262453
            ],
            [
                0.05161290322580645,
                0.03522458628841608
            ],
            [
                0.05923210495851823,
                0.048873615883925164
            ],
            [
                0.06616662201982319,
                0.04926108374384237
            ],
            [
                0.07111882046834345,
                0.0660377358490566
            ]
        ],
        "light": [
            [
                0.0019732780436207175,
                0.002420904510447716
            ],
            [
                0.0011414853269862734,
                0.0014353794091179863
            ],
            [
                0.001394796825520068,
                0.0018700976019137112
            ],
            [
                0.0010652498843205203,
                0.0014001680201624195
            ],
            [
                0.0010393832664220093,
                0.0015875923551321976
            ],
            [
                0.0010308392749763765,
                0.0021458131098962855
            ],
            [
                0.0011060927274403171,
                0.0029225647411624182
            ],
            [
                0.00265968979922233,
                0.005249577364534211
            ],
            [
                0.007512442482862241,
                0.010256410256410256
            ]
        ]
    },
    "btag_wp": 0.71
}