{
    "pt_bins": [
        20,
        30,
        50,
        70,
        100,
        140,
        200,
        300,
        600,
        1000
    ],
    "eta_bins": [
        0.0,
        1.5,
        2.5
    ],
    "eff_map": {
        "b": [
            [
                0.939642375168691,
                0.8880749757621459
            ],
            [
                0.9677594531738817,
                0.9066390041493776
            ],
            [
                0.97703917971344,
                0.9119496855345912
            ],
            [
                0.9778375539861324,
                0.9163763066202091
            ],
            [
                0.9783554759988833,
                0.922153120308814
            ],
            [
                0.9759918616480163,
                0.9294969512195121
            ],
            [
                0.9755508255191854,
                0.9411764705882353
            ],
            [
                0.9739947552447552,
                0.9442231075697212
            ],
            [
                0.9684721099434115,
                0.85
            ]
        ],
        "c": [
            [
                0.5684942084942085,
                0.5590475039284419
            ],
            [
                0.5583505241443186,
                0.5145465938590994
            ],
            [
                0.5454273922015858,
                0.4894217207334274
            ],
            [
                0.5280636385143127,
                0.46213520502401184
            ],
            [
                0.5275488069414317,
                0.47020933977455714
            ],
            [
                0.5386710239651417,
                0.4528936742934051
            ],
            [
                0.5697292863002461,
                0.49514563106796117
            ],
            [
                0.6583333333333333,
                0.6791808873720137
            ],
            [
                0.6639741518578353,
                0.8333333333333334
            ]
        ],
        "light": [
            [
                0.25054034582132567,
                0.34434302879755063
            ],
            [
                0.1470136532280622,
                0.19395208414491624
            ],
            [
                0.10097717015030017,
                0.14189355673278306
            ],
            [
                0.08705046587124246,
                0.12321750532699557
            ],
            [
                0.08080686901232241,
                0.11605151449744586
            ],
            [
                0.0867134496112745,
                0.12512820512820513
            ],
            [
                0.11244423007355601,
                0.16648648648648648
            ],
            [
                0.19621434284190883,
                0.2631246046805819
            ],
            [
                0.31437435367114785,
                0.5263157894736842
            ]
        ]
    },
    "btag_wp": 0.049
}