{
    "pt_bins": [
        20,
        30,
        50,
        70,
        100,
        140,
        200,
        300,
        600,
        1000
    ],
    "eta_bins": [
        0.0,
        1.5,
        2.5
    ],
    "eff_map": {
        "b": [
            [
                0.6133508160789072,
                0.4228026600432658
            ],
            [
                0.7213972161702623,
                0.5290118033538332
            ],
            [
                0.7580978427840797,
                0.5840027791046072
            ],
            [
                0.7712307070162432,
                0.6073133310603478
            ],
            [
                0.7729971390546927,
                0.6190388056018261
            ],
            [
                0.7677357249043453,
                0.631131669535284
            ],
            [
                0.7591220130736102,
                0.6436110487311925
            ],
            [
                0.7252964426877471,
                0.5692908262849707
            ],
            [
                0.6076335877862595,
                0.46153846153846156
            ]
        ],
        "c": [
            [
                0.04543414853040161,
                0.03557504873294347
            ],
            [
                0.03600097299927025,
                0.03326935380678183
            ],
            [
                0.033356824054498475,
                0.027007299270072994
            ],
            [
                0.03532353860581432,
                0.031794871794871796
            ],
            [
                0.04042864101315149,
                0.024013722126929673
            ],
            [
                0.04548844146159582,
                0.056782334384858045
            ],
            [
                0.05513784461152882,
                0.016260162601626018
            ],
            [
                0.06936416184971098,
                0.07462686567164178
            ],
            [
                0.0784313725490196,
                0.0
            ]
        ],
        "light": [
            [
                0.008244398642229766,
                0.0036443787649187843
            ],
            [
                0.005112873790130733,
                0.0028607013583466312
            ],
            [
                0.0031589911719003467,
                0.002871605178623576
            ],
            [
                0.003107876012104359,
                0.0023603461841070024
            ],
            [
                0.001795616583047267,
                0.0016644474034620505
            ],
            [
                0.0020009095043201455,
                0.002973240832507433
            ],
            [
                0.0017932833387675252,
                0.0
            ],
            [
                0.0011564035848511131,
                0.009057971014492754
            ],
            [
                0.0,
                0.0
            ]
        ]
    },
    "btag_wp": 0.71
}