{
    "pt_bins": [
        20,
        30,
        50,
        70,
        100,
        140,
        200,
        300,
        600,
        1000
    ],
    "eta_bins": [
        0.0,
        1.5,
        2.5
    ],
    "eff_map": {
        "b": [
            [
                0.9434552127225772,
                0.8810572687224669
            ],
            [
                0.9655848674637819,
                0.9179145867997781
            ],
            [
                0.973399918467183,
                0.9199522102747909
            ],
            [
                0.9750583430571762,
                0.9193245778611632
            ],
            [
                0.9790436835891382,
                0.9473684210526315
            ],
            [
                0.9720404521118382,
                0.8811881188118812
            ],
            [
                0.9766536964980544,
                1.0
            ],
            [
                0.9809264305177112,
                0.9411764705882353
            ],
            [
                0.9761904761904762,
                0.0
            ]
        ],
        "c": [
            [
                0.655,
                0.5666957279860506
            ],
            [
                0.6934296028880866,
                0.5033516148689823
            ],
            [
                0.6668717948717948,
                0.49589322381930184
            ],
            [
                0.6349285893259835,
                0.4831932773109244
            ],
            [
                0.6213634389926184,
                0.49148418491484186
            ],
            [
                0.6474308300395257,
                0.5
            ],
            [
                0.682258064516129,
                0.5866666666666667
            ],
            [
                0.7155425219941349,
                0.6206896551724138
            ],
            [
                0.8529411764705882,
                0.5
            ]
        ],
        "light": [
            [
                0.2994974874371859,
                0.35922571038590395
            ],
            [
                0.16928391959798994,
                0.2063953488372093
            ],
            [
                0.11375947995666305,
                0.13976750473100838
            ],
            [
                0.09334889148191365,
                0.12389053254437869
            ],
            [
                0.07909446618222471,
                0.11691884456671252
            ],
            [
                0.07895860008536065,
                0.10888610763454318
            ],
            [
                0.09241172051089407,
                0.1983695652173913
            ],
            [
                0.15047879616963064,
                0.1986754966887417
            ],
            [
                0.2815533980582524,
                0.0
            ]
        ]
    },
    "btag_wp": 0.049
}