{
    "pt_bins": [
        20,
        30,
        50,
        70,
        100,
        140,
        200,
        300,
        600,
        1000
    ],
    "eta_bins": [
        0.0,
        1.5,
        2.5
    ],
    "eff_map": {
        "b": [
            [
                0.8274714233590554,
                0.6865404425739138
            ],
            [
                0.8833174099435714,
                0.7529324668915028
            ],
            [
                0.9011897730149354,
                0.7822039240662633
            ],
            [
                0.908617815971554,
                0.7941001302184103
            ],
            [
                0.911262354575743,
                0.8025637850555343
            ],
            [
                0.9104720301174534,
                0.8087752020605737
            ],
            [
                0.9053631287963713,
                0.8093900620687263
            ],
            [
                0.8904177941543363,
                0.8066469948749806
            ],
            [
                0.856361341001543,
                0.7740384615384616
            ]
        ],
        "c": [
            [
                0.22851324800941797,
                0.17028242608638136
            ],
            [
                0.19954444545311997,
                0.16477163600046096
            ],
            [
                0.18201364290244243,
                0.146970815684141
            ],
            [
                0.1868914401976457,
                0.1431577916992952
            ],
            [
                0.1927452072229735,
                0.1395882701421801
            ],
            [
                0.21136167767882794,
                0.15251091703056768
            ],
            [
                0.23911526279057282,
                0.17293790546802595
            ],
            [
                0.26537694109482085,
                0.19843924191750278
            ],
            [
                0.2881245944192083,
                0.3170731707317073
            ]
        ],
        "light": [
            [
                0.10772934008966631,
                0.06369143367979009
            ],
            [
                0.06820245745242587,
                0.04336850097839026
            ],
            [
                0.03660585552564958,
                0.025295823665893273
            ],
            [
                0.02646534094360465,
                0.01951750210786847
            ],
            [
                0.02037349111590231,
                0.01676162503456122
            ],
            [
                0.01669546491985919,
                0.017227264637835915
            ],
            [
                0.015658726540745092,
                0.021821947701298222
            ],
            [
                0.0227575467627249,
                0.04016982364467668
            ],
            [
                0.057162223226389516,
                0.08810916179337232
            ]
        ]
    },
    "btag_wp": 0.2783
}