{
    "pt_bins": [
        20,
        30,
        50,
        70,
        100,
        140,
        200,
        300,
        600,
        1000
    ],
    "eta_bins": [
        0.0,
        1.5,
        2.5
    ],
    "eff_map": {
        "b": [
            [
                0.8264769563872564,
                0.6983343615052436
            ],
            [
                0.8839682135686208,
                0.7549919050188882
            ],
            [
                0.907564344005022,
                0.7932852386237513
            ],
            [
                0.9133310128785241,
                0.8032532920216886
            ],
            [
                0.9167081363523264,
                0.799347471451876
            ],
            [
                0.9171719621634732,
                0.8281853281853282
            ],
            [
                0.9065685164212911,
                0.8551401869158879
            ],
            [
                0.911944202266783,
                0.7692307692307693
            ],
            [
                0.9565217391304348,
                1.0
            ]
        ],
        "c": [
            [
                0.2187039764359352,
                0.14467408585055644
            ],
            [
                0.2109004739336493,
                0.20238095238095238
            ],
            [
                0.1723684210526316,
                0.15319148936170213
            ],
            [
                0.17391304347826086,
                0.14130434782608695
            ],
            [
                0.18230563002680966,
                0.18803418803418803
            ],
            [
                0.1815068493150685,
                0.171875
            ],
            [
                0.2328042328042328,
                0.21428571428571427
            ],
            [
                0.23157894736842105,
                0.21052631578947367
            ],
            [
                0.18181818181818182,
                0.0
            ]
        ],
        "light": [
            [
                0.12477844735909252,
                0.06982615595469956
            ],
            [
                0.082243671462393,
                0.056890012642225034
            ],
            [
                0.040391124482888306,
                0.03479891644092519
            ],
            [
                0.03093968851259538,
                0.030212384086150165
            ],
            [
                0.02336028751123091,
                0.03066812705366922
            ],
            [
                0.028193832599118944,
                0.02598652550529355
            ],
            [
                0.04323499491353001,
                0.03524229074889868
            ],
            [
                0.06425339366515836,
                0.08450704225352113
            ],
            [
                0.07534246575342465,
                0.1111111111111111
            ]
        ]
    },
    "btag_wp": 0.2783
}