{
    "pt_bins": [
        20,
        30,
        50,
        70,
        100,
        140,
        200,
        300,
        600,
        1000
    ],
    "eta_bins": [
        0.0,
        1.5,
        2.5
    ],
    "eff_map": {
        "b": [
            [
                0.7963589293916239,
                0.6711609370926291
            ],
            [
                0.8658795666097521,
                0.7476132828662059
            ],
            [
                0.8811999189077945,
                0.7674623189255763
            ],
            [
                0.8950252547690163,
                0.7850331505279529
            ],
            [
                0.9038087083000985,
                0.805079137313599
            ],
            [
                0.9089629090299567,
                0.8287464774909922
            ],
            [
                0.9084354211878986,
                0.8224036025893611
            ],
            [
                0.902200677131425,
                0.807551766138855
            ],
            [
                0.8570912375790425,
                0.6929824561403509
            ]
        ],
        "c": [
            [
                0.20888731312415057,
                0.1712962962962963
            ],
            [
                0.1924183848797251,
                0.1710952689565781
            ],
            [
                0.18130574109107755,
                0.15138888888888888
            ],
            [
                0.18951363392599316,
                0.15643832246956094
            ],
            [
                0.1928660083103988,
                0.15287517531556802
            ],
            [
                0.2061952667004415,
                0.15275096525096524
            ],
            [
                0.22852081488042517,
                0.18199532346063912
            ],
            [
                0.26098226466575714,
                0.1977077363896848
            ],
            [
                0.30246913580246915,
                0.33980582524271846
            ]
        ],
        "light": [
            [
                0.02237130936788507,
                0.03168878238267721
            ],
            [
                0.012348590237497575,
                0.018893099560302523
            ],
            [
                0.010063223850886717,
                0.015332565020185068
            ],
            [
                0.008698781763116078,
                0.012677995701235895
            ],
            [
                0.008060708940606889,
                0.012591070427797496
            ],
            [
                0.007935290120344593,
                0.015037332870289981
            ],
            [
                0.010136476686103622,
                0.02137028882269136
            ],
            [
                0.019910102424287084,
                0.04157777676909809
            ],
            [
                0.056531336980516364,
                0.09521028037383178
            ]
        ]
    },
    "btag_wp": 0.2783
}