{
    "pt_bins": [
        20,
        30,
        50,
        70,
        100,
        140,
        200,
        300,
        600,
        1000
    ],
    "eta_bins": [
        0.0,
        1.5,
        2.5
    ],
    "eff_map": {
        "b": [
            [
                0.9223687094132438,
                0.8829954964764501
            ],
            [
                0.9516681172033652,
                0.9066203424264284
            ],
            [
                0.9642505684966556,
                0.9153880585880187
            ],
            [
                0.9718306009269326,
                0.9158515409311796
            ],
            [
                0.9793705391588032,
                0.9178615483856365
            ],
            [
                0.9828088131870957,
                0.9226250895629329
            ],
            [
                0.9825494644546996,
                0.9270245386493735
            ],
            [
                0.9807398529746884,
                0.9366438356164384
            ],
            [
                1.0,
                1.0
            ]
        ],
        "c": [
            [
                0.5697029647793134,
                0.546881534558229
            ],
            [
                0.5969466836295354,
                0.505336815650717
            ],
            [
                0.6149802093631662,
                0.4773757651666167
            ],
            [
                0.636513191247744,
                0.4684370367692252
            ],
            [
                0.6813284284570933,
                0.4721821761304624
            ],
            [
                0.7107312266585274,
                0.4798827904879973
            ],
            [
                0.7283437664351022,
                0.5038734070117921
            ],
            [
                0.7457463291211213,
                0.5589803398867045
            ],
            [
                0.875,
                0.0
            ]
        ],
        "light": [
            [
                0.2402142899392451,
                0.35241677815377354
            ],
            [
                0.12166159943968674,
                0.18446758275060385
            ],
            [
                0.0899270093144029,
                0.13625577823182483
            ],
            [
                0.08071235680469266,
                0.11959008430223447
            ],
            [
                0.0822769923347977,
                0.11880737532976371
            ],
            [
                0.0815934250768549,
                0.12459479261288266
            ],
            [
                0.09058711360460525,
                0.14280313090393312
            ],
            [
                0.12371171482169542,
                0.19099099099099098
            ],
            [
                0.4411764705882353,
                0.0
            ]
        ]
    },
    "btag_wp": 0.049
}