{
    "pt_bins": [
        20,
        30,
        50,
        70,
        100,
        140,
        200,
        300,
        600,
        1000
    ],
    "eta_bins": [
        0.0,
        1.5,
        2.5
    ],
    "eff_map": {
        "b": [
            [
                0.6222899122021143,
                0.44908180300500833
            ],
            [
                0.7422730355585699,
                0.5573571139035266
            ],
            [
                0.7764390896921017,
                0.6205059920106525
            ],
            [
                0.8088625173589193,
                0.6718213058419243
            ],
            [
                0.8006002000666889,
                0.6236559139784946
            ],
            [
                0.7983383685800605,
                0.7285714285714285
            ],
            [
                0.7752100840336135,
                0.6470588235294118
            ],
            [
                0.853448275862069,
                0.6666666666666666
            ],
            [
                1.0,
                0.0
            ]
        ],
        "c": [
            [
                0.050699300699300696,
                0.028469750889679714
            ],
            [
                0.03723404255319149,
                0.030973451327433628
            ],
            [
                0.027586206896551724,
                0.03636363636363636
            ],
            [
                0.057971014492753624,
                0.0
            ],
            [
                0.058823529411764705,
                0.038461538461538464
            ],
            [
                0.04504504504504504,
                0.029411764705882353
            ],
            [
                0.07407407407407407,
                0.0
            ],
            [
                0.1,
                0.0
            ],
            [
                0.0,
                0.0
            ]
        ],
        "light": [
            [
                0.00247843759294141,
                0.0017513134851138354
            ],
            [
                0.002118943353581014,
                0.0017814726840855108
            ],
            [
                0.0016170763260025874,
                0.0007012622720897616
            ],
            [
                0.0004110152075626798,
                0.0019065776930409914
            ],
            [
                0.001238390092879257,
                0.0030303030303030303
            ],
            [
                0.0,
                0.004962779156327543
            ],
            [
                0.0,
                0.00980392156862745
            ],
            [
                0.0,
                0.017241379310344827
            ],
            [
                0.0,
                0.0
            ]
        ]
    },
    "btag_wp": 0.71
}