{
    "pt_bins": [
        20,
        30,
        50,
        70,
        100,
        140,
        200,
        300,
        600,
        1000
    ],
    "eta_bins": [
        0.0,
        1.5,
        2.5
    ],
    "eff_map": {
        "b": [
            [
                0.5028377942599161,
                0.3980820138854203
            ],
            [
                0.6285606226486454,
                0.5136863823933975
            ],
            [
                0.6715955484633079,
                0.5541671532562575
            ],
            [
                0.682671449519493,
                0.556672669067627
            ],
            [
                0.6818795924838358,
                0.5662817126359113
            ],
            [
                0.6852355616514177,
                0.5830077509609931
            ],
            [
                0.7031743617312783,
                0.5986893338156131
            ],
            [
                0.7224904411216477,
                0.5954369690757224
            ],
            [
                0.6421716377891603,
                0.4805115712545676
            ]
        ],
        "c": [
            [
                0.039641966046097744,
                0.032682010986718586
            ],
            [
                0.038443514786950336,
                0.03569894646421263
            ],
            [
                0.03784037972637364,
                0.03158589477654158
            ],
            [
                0.041523966086731506,
                0.034065818525917356
            ],
            [
                0.04641862458044705,
                0.03672754228721612
            ],
            [
                0.05169988936186172,
                0.03943192637258013
            ],
            [
                0.06145064462159236,
                0.04531812725090036
            ],
            [
                0.06890376497676204,
                0.05420370100539123
            ],
            [
                0.07428346042597948,
                0.04505813953488372
            ]
        ],
        "light": [
            [
                0.001559099489785694,
                0.0021723964556344014
            ],
            [
                0.0011315010115642446,
                0.001453477582446623
            ],
            [
                0.0012443698579133904,
                0.0017766751719220503
            ],
            [
                0.0009482380114305112,
                0.001392095259585843
            ],
            [
                0.000896332998639885,
                0.0017049119896783706
            ],
            [
                0.00099701074813194,
                0.002045435493335569
            ],
            [
                0.0012707489476610277,
                0.0028924852518961847
            ],
            [
                0.002794303226969533,
                0.005797426309515319
            ],
            [
                0.008663619619346476,
                0.01108008287541663
            ]
        ]
    },
    "btag_wp": 0.71
}