{
    "pt_bins": [
        20,
        30,
        50,
        70,
        100,
        140,
        200,
        300,
        600,
        1000
    ],
    "eta_bins": [
        0.0,
        1.5,
        2.5
    ],
    "eff_map": {
        "b": [
            [
                0.6196018893387314,
                0.42723257567596684
            ],
            [
                0.7390534430448488,
                0.5425695404948517
            ],
            [
                0.781421995115198,
                0.5974842767295597
            ],
            [
                0.7931647930040403,
                0.6139104797641383
            ],
            [
                0.7933752648087629,
                0.6307098434484237
            ],
            [
                0.7840139514605435,
                0.640625
            ],
            [
                0.7589023758844848,
                0.6301369863013698
            ],
            [
                0.7379807692307693,
                0.5956175298804781
            ],
            [
                0.6119644300727567,
                0.35
            ]
        ],
        "c": [
            [
                0.03911196911196911,
                0.03638341593134292
            ],
            [
                0.029912011114385552,
                0.029003670217527526
            ],
            [
                0.026474421635711957,
                0.02383638928067701
            ],
            [
                0.026318902294771705,
                0.027705947543405985
            ],
            [
                0.028344179320318148,
                0.02576489533011272
            ],
            [
                0.03385984023238925,
                0.02826379542395693
            ],
            [
                0.0406070549630845,
                0.04692556634304207
            ],
            [
                0.058333333333333334,
                0.03754266211604096
            ],
            [
                0.06623586429725363,
                0.05555555555555555
            ]
        ],
        "light": [
            [
                0.005679634966378482,
                0.0023829467664134487
            ],
            [
                0.0026546477446049432,
                0.001623165822620439
            ],
            [
                0.0015774944130406204,
                0.0013859800418873967
            ],
            [
                0.0014334499768118387,
                0.0017620062284871333
            ],
            [
                0.001610995903957223,
                0.0012231095762285057
            ],
            [
                0.0016014908423841831,
                0.0015384615384615385
            ],
            [
                0.0016881707464126371,
                0.0024324324324324323
            ],
            [
                0.0035990402559317515,
                0.005060088551549652
            ],
            [
                0.009307135470527405,
                0.021052631578947368
            ]
        ]
    },
    "btag_wp": 0.71
}