{
    "pt_bins": [
        20,
        30,
        50,
        70,
        100,
        140,
        200,
        300,
        600,
        1000
    ],
    "eta_bins": [
        0.0,
        1.5,
        2.5
    ],
    "eff_map": {
        "b": [
            [
                0.9432333261385711,
                0.8947368421052632
            ],
            [
                0.9579983072365637,
                0.8862559241706162
            ],
            [
                0.9717219323346238,
                0.9119496855345912
            ],
            [
                0.9733021077283373,
                0.9054726368159204
            ],
            [
                0.9696282864913871,
                0.8900523560209425
            ],
            [
                0.9782823297137216,
                0.9305555555555556
            ],
            [
                0.9567198177676538,
                0.8888888888888888
            ],
            [
                0.9853658536585366,
                1.0
            ],
            [
                1.0,
                1.0
            ]
        ],
        "c": [
            [
                0.6042899408284024,
                0.5615763546798029
            ],
            [
                0.629045643153527,
                0.53125
            ],
            [
                0.6148007590132827,
                0.44554455445544555
            ],
            [
                0.6171032357473035,
                0.44761904761904764
            ],
            [
                0.5720221606648199,
                0.5045045045045045
            ],
            [
                0.612565445026178,
                0.4444444444444444
            ],
            [
                0.5844155844155844,
                0.48148148148148145
            ],
            [
                0.7415730337078652,
                0.7142857142857143
            ],
            [
                0.8461538461538461,
                0.0
            ]
        ],
        "light": [
            [
                0.28836797877045556,
                0.37353592909148464
            ],
            [
                0.16588930348258707,
                0.1900958466453674
            ],
            [
                0.0997986770204199,
                0.15071428571428572
            ],
            [
                0.08419047619047619,
                0.11395101171458999
            ],
            [
                0.08038585209003216,
                0.11324376199616124
            ],
            [
                0.09717868338557993,
                0.1299638989169675
            ],
            [
                0.11068702290076336,
                0.125
            ],
            [
                0.1509433962264151,
                0.2
            ],
            [
                0.4583333333333333,
                0.0
            ]
        ]
    },
    "btag_wp": 0.049
}