{
    "pt_bins": [
        20,
        30,
        50,
        70,
        100,
        140,
        200,
        300,
        600,
        1000
    ],
    "eta_bins": [
        0.0,
        1.5,
        2.5
    ],
    "eff_map": {
        "b": [
            [
                0.9439153439153439,
                0.8942101501072195
            ],
            [
                0.9599922062739494,
                0.8974358974358975
            ],
            [
                0.9720699286231509,
                0.9010669253152279
            ],
            [
                0.9751971326164874,
                0.8918083462132921
            ],
            [
                0.9698155394074902,
                0.9015384615384615
            ],
            [
                0.9790544584081389,
                0.9285714285714286
            ],
            [
                0.9615931721194879,
                0.9310344827586207
            ],
            [
                0.987987987987988,
                1.0
            ],
            [
                1.0,
                1.0
            ]
        ],
        "c": [
            [
                0.6044912923923006,
                0.5558912386706949
            ],
            [
                0.6359748427672955,
                0.5181623931623932
            ],
            [
                0.6281615704039261,
                0.45714285714285713
            ],
            [
                0.6106728538283063,
                0.45125348189415043
            ],
            [
                0.5708003518029904,
                0.4853801169590643
            ],
            [
                0.6015384615384616,
                0.4536082474226804
            ],
            [
                0.6156583629893239,
                0.574468085106383
            ],
            [
                0.7428571428571429,
                0.7142857142857143
            ],
            [
                0.7083333333333334,
                0.0
            ]
        ],
        "light": [
            [
                0.2913165266106443,
                0.3699410609037328
            ],
            [
                0.15603786212831056,
                0.19343780607247796
            ],
            [
                0.10402802101576182,
                0.1569767441860465
            ],
            [
                0.09065807639208467,
                0.11838790931989925
            ],
            [
                0.08353221957040573,
                0.12369942196531791
            ],
            [
                0.08836907082521117,
                0.15207373271889402
            ],
            [
                0.0995260663507109,
                0.13942307692307693
            ],
            [
                0.16143497757847533,
                0.2608695652173913
            ],
            [
                0.5238095238095238,
                0.5
            ]
        ]
    },
    "btag_wp": 0.049
}