{
    "pt_bins": [
        20,
        30,
        50,
        70,
        100,
        140,
        200,
        300,
        600,
        1000
    ],
    "eta_bins": [
        0.0,
        1.5,
        2.5
    ],
    "eff_map": {
        "b": [
            [
                0.8511016346837242,
                0.6788990825688074
            ],
            [
                0.9016032694121345,
                0.7644859813084112
            ],
            [
                0.9306893995552261,
                0.8076923076923077
            ],
            [
                0.926905132192846,
                0.7755102040816326
            ],
            [
                1.0,
                1.0
            ],
            [
                0.0,
                0.0
            ],
            [
                0.0,
                0.0
            ],
            [
                0.0,
                0.0
            ],
            [
                0.0,
                0.0
            ]
        ],
        "c": [
            [
                0.3096862210095498,
                0.21794871794871795
            ],
            [
                0.2603719599427754,
                0.18032786885245902
            ],
            [
                0.21316165951359084,
                0.08823529411764706
            ],
            [
                0.18181818181818182,
                0.13636363636363635
            ],
            [
                0.1875,
                0.0
            ],
            [
                0.0,
                0.0
            ],
            [
                0.0,
                0.0
            ],
            [
                0.0,
                0.0
            ],
            [
                0.0,
                0.0
            ]
        ],
        "light": [
            [
                0.022874701263229772,
                0.020771513353115726
            ],
            [
                0.01839587932303164,
                0.015400410677618069
            ],
            [
                0.017009847806624886,
                0.01891891891891892
            ],
            [
                0.02490421455938697,
                0.006711409395973154
            ],
            [
                0.0,
                0.0
            ],
            [
                0.0,
                0.0
            ],
            [
                0.0,
                0.0
            ],
            [
                0.0,
                0.0
            ],
            [
                0.0,
                0.0
            ]
        ]
    },
    "btag_wp": 0.2783
}