{
    "pt_bins": [
        20,
        30,
        50,
        70,
        100,
        140,
        200,
        300,
        600,
        1000
    ],
    "eta_bins": [
        0.0,
        1.5,
        2.5
    ],
    "eff_map": {
        "b": [
            [
                0.965809117149523,
                0.863488483060773
            ],
            [
                0.9655029549747152,
                0.8805229023104986
            ],
            [
                0.9210135430318916,
                0.8752166377816292
            ],
            [
                0.7014388489208633,
                0.5
            ],
            [
                0.38271604938271603,
                0.0
            ],
            [
                0.2222222222222222,
                0.0
            ],
            [
                0.0,
                0.0
            ],
            [
                0.0,
                0.0
            ],
            [
                0.0,
                0.0
            ]
        ],
        "c": [
            [
                0.8273355787980854,
                0.5254388816644994
            ],
            [
                0.8424398662967252,
                0.5027311744049942
            ],
            [
                0.8158897683963647,
                0.5486111111111112
            ],
            [
                0.6411290322580645,
                0.21052631578947367
            ],
            [
                0.4230769230769231,
                0.0
            ],
            [
                0.2,
                0.0
            ],
            [
                1.0,
                0.0
            ],
            [
                0.0,
                0.0
            ],
            [
                0.0,
                0.0
            ]
        ],
        "light": [
            [
                0.24433454524109138,
                0.32164403996415014
            ],
            [
                0.15287909869785096,
                0.17194832586343264
            ],
            [
                0.18410226270937408,
                0.15623459832429767
            ],
            [
                0.2361574382921948,
                0.16876971608832808
            ],
            [
                0.3200992555831266,
                0.13286713286713286
            ],
            [
                0.2222222222222222,
                0.16666666666666666
            ],
            [
                0.3469387755102041,
                0.058823529411764705
            ],
            [
                0.0,
                0.5
            ],
            [
                0.0,
                0.0
            ]
        ]
    },
    "btag_wp": 0.049
}