{
    "pt_bins": [
        20,
        30,
        50,
        70,
        100,
        140,
        200,
        300,
        600,
        1000
    ],
    "eta_bins": [
        0.0,
        1.5,
        2.5
    ],
    "eff_map": {
        "b": [
            [
                0.8286222965834928,
                0.6605497861942577
            ],
            [
                0.8996789625745072,
                0.7578902953586498
            ],
            [
                0.9126333268268683,
                0.7920397682380826
            ],
            [
                0.9128254327055763,
                0.797140502155719
            ],
            [
                0.9113390994283962,
                0.8090713587487781
            ],
            [
                0.9137685297172378,
                0.8219204042956412
            ],
            [
                0.9328618671161474,
                0.849744711889132
            ],
            [
                0.9525760882994935,
                0.8626784500339905
            ],
            [
                0.9506737859140605,
                0.8846153846153846
            ]
        ],
        "c": [
            [
                0.2138475301936226,
                0.16171384202724642
            ],
            [
                0.1961556430621371,
                0.16368098159509203
            ],
            [
                0.17910873033963984,
                0.1414064868141861
            ],
            [
                0.1784476355533548,
                0.1514767167965211
            ],
            [
                0.18874473184034377,
                0.15106775639335618
            ],
            [
                0.20356943669827104,
                0.15079365079365079
            ],
            [
                0.21786454733932273,
                0.17024320457796852
            ],
            [
                0.25913338997451146,
                0.20202020202020202
            ],
            [
                0.2565789473684211,
                0.15254237288135594
            ]
        ],
        "light": [
            [
                0.02571615635811051,
                0.03197254667102667
            ],
            [
                0.013828392939828441,
                0.01845961633566725
            ],
            [
                0.009192227331825748,
                0.01410833446464562
            ],
            [
                0.007771389158109418,
                0.012492296631059984
            ],
            [
                0.0068667626536715026,
                0.012034570645612556
            ],
            [
                0.007579161444415542,
                0.014850933407634439
            ],
            [
                0.009475887905388034,
                0.020243665168851625
            ],
            [
                0.019068934646374217,
                0.039369344155238364
            ],
            [
                0.05177688867968934,
                0.08600583090379009
            ]
        ]
    },
    "btag_wp": 0.2783
}