{
    "pt_bins": [
        20,
        30,
        50,
        70,
        100,
        140,
        200,
        300,
        600,
        1000
    ],
    "eta_bins": [
        0.0,
        1.5,
        2.5
    ],
    "eff_map": {
        "b": [
            [
                0.9146003179865363,
                0.881520487082442
            ],
            [
                0.9436732390626037,
                0.9041248421192581
            ],
            [
                0.9569627781724462,
                0.9140563555989477
            ],
            [
                0.9623754765392086,
                0.9166641649905437
            ],
            [
                0.9657444928043757,
                0.9179362486227727
            ],
            [
                0.968222359721483,
                0.9201821462324942
            ],
            [
                0.9743078895949191,
                0.9237212893263849
            ],
            [
                0.9818899235034177,
                0.9349455691367456
            ],
            [
                0.9771331992811955,
                0.9432022616294011
            ]
        ],
        "c": [
            [
                0.550357484987967,
                0.5411860276198213
            ],
            [
                0.561808514314772,
                0.5015521891804781
            ],
            [
                0.5675745822098539,
                0.47148873382312256
            ],
            [
                0.5793247722957098,
                0.46546505696310153
            ],
            [
                0.5998276671403677,
                0.4609874973511337
            ],
            [
                0.6327979243610176,
                0.4809505846850245
            ],
            [
                0.696484945414088,
                0.5319813459975185
            ],
            [
                0.7790234930664863,
                0.6224183088654572
            ],
            [
                0.7656393490798222,
                0.6735825150459297
            ]
        ],
        "light": [
            [
                0.23090974081708224,
                0.344805473242521
            ],
            [
                0.12329199349132176,
                0.18584062630584744
            ],
            [
                0.09092915624109207,
                0.13631259047943456
            ],
            [
                0.07909839930349197,
                0.11722287492458641
            ],
            [
                0.07563464565222691,
                0.11262449050422622
            ],
            [
                0.08208327935863667,
                0.12512721624082704
            ],
            [
                0.11087285126726895,
                0.1768356777004816
            ],
            [
                0.19972273003078034,
                0.33603572001656884
            ],
            [
                0.2742309120849158,
                0.4155792453664794
            ]
        ]
    },
    "btag_wp": 0.049
}