{
    "pt_bins": [
        20,
        30,
        50,
        70,
        100,
        140,
        200,
        300,
        600,
        1000
    ],
    "eta_bins": [
        0.0,
        1.5,
        2.5
    ],
    "eff_map": {
        "b": [
            [
                0.9372607267915198,
                0.891648166408673
            ],
            [
                0.9615011073195491,
                0.9079624907460723
            ],
            [
                0.9702142877233587,
                0.918109975238999
            ],
            [
                0.9729696813032218,
                0.9218319408599799
            ],
            [
                0.9737855561114459,
                0.9248254289575268
            ],
            [
                0.973597745149657,
                0.9273359090505373
            ],
            [
                0.9733466436463711,
                0.9324872568396962
            ],
            [
                0.9725564703398776,
                0.9431588756018016
            ],
            [
                0.9737691120774302,
                0.9567307692307693
            ]
        ],
        "c": [
            [
                0.5281306426338522,
                0.5339142800449765
            ],
            [
                0.49923661602198544,
                0.48021741635616333
            ],
            [
                0.48191000634193876,
                0.43823106516923793
            ],
            [
                0.4811073971806423,
                0.42384494909945186
            ],
            [
                0.4872060032349588,
                0.4200236966824645
            ],
            [
                0.5144355070382074,
                0.44530567685589517
            ],
            [
                0.5457668975143609,
                0.46617238183503246
            ],
            [
                0.5969462999913248,
                0.5406911928651059
            ],
            [
                0.6515249837767684,
                0.75
            ]
        ],
        "light": [
            [
                0.3613678979023792,
                0.3984558440089286
            ],
            [
                0.2893990914401656,
                0.2792891724219905
            ],
            [
                0.21553628087957544,
                0.20678267594740912
            ],
            [
                0.17279920447617142,
                0.16277096309190306
            ],
            [
                0.14212790668019015,
                0.14191630065768301
            ],
            [
                0.12024667638070431,
                0.1397971169247197
            ],
            [
                0.11819564895013483,
                0.16797968216394818
            ],
            [
                0.16370236956154668,
                0.2613927548610762
            ],
            [
                0.3145805091128182,
                0.48771929824561405
            ]
        ]
    },
    "btag_wp": 0.049
}