{
    "pt_bins": [
        20,
        30,
        50,
        70,
        100,
        140,
        200,
        300,
        600,
        1000
    ],
    "eta_bins": [
        0.0,
        1.5,
        2.5
    ],
    "eff_map": {
        "b": [
            [
                0.8884553369880683,
                0.8771789620898057
            ],
            [
                0.9247765591098195,
                0.893707015130674
            ],
            [
                0.9429776386960397,
                0.9063412355482892
            ],
            [
                0.9548274900929505,
                0.9106892757102841
            ],
            [
                0.9615161917366309,
                0.9144296332698568
            ],
            [
                0.9661730336156049,
                0.9229551326485601
            ],
            [
                0.9707818362831737,
                0.9347815910976829
            ],
            [
                0.971466379548179,
                0.9454080441688403
            ],
            [
                0.9654949240925313,
                0.9486398700771417
            ]
        ],
        "c": [
            [
                0.5116552963551027,
                0.5320677746100179
            ],
            [
                0.4901548135336168,
                0.48684975114322526
            ],
            [
                0.4725271495539978,
                0.4515368659249481
            ],
            [
                0.4691538426412165,
                0.43985911050362736
            ],
            [
                0.48225380275655216,
                0.43156546937125145
            ],
            [
                0.49858420687456634,
                0.44811171056807364
            ],
            [
                0.5354000590493062,
                0.47769107643057224
            ],
            [
                0.5846160405918219,
                0.5615619991257468
            ],
            [
                0.6617144359716014,
                0.6918604651162791
            ]
        ],
        "light": [
            [
                0.22517915616245096,
                0.3483818445885492
            ],
            [
                0.12031880947839793,
                0.18706954274100038
            ],
            [
                0.08884888649216201,
                0.13715166264975043
            ],
            [
                0.07684786498861745,
                0.11845654475707765
            ],
            [
                0.07077907577761572,
                0.11302644917519122
            ],
            [
                0.07429332412285308,
                0.1231564534607539
            ],
            [
                0.09455268211522679,
                0.16236483880643918
            ],
            [
                0.15648098071029384,
                0.2684442723669598
            ],
            [
                0.32905382358960367,
                0.4954508602828574
            ]
        ]
    },
    "btag_wp": 0.049
}