{
    "pt_bins": [
        20,
        30,
        50,
        70,
        100,
        140,
        200,
        300,
        600,
        1000
    ],
    "eta_bins": [
        0.0,
        1.5,
        2.5
    ],
    "eff_map": {
        "b": [
            [
                0.91202519189136,
                0.8882149046793761
            ],
            [
                0.940179806362379,
                0.8819787985865725
            ],
            [
                0.9518397499644836,
                0.892459826946848
            ],
            [
                0.9609203376112846,
                0.9012048192771084
            ],
            [
                0.9657264502394891,
                0.889487870619946
            ],
            [
                0.9675754153895789,
                0.9104683195592287
            ],
            [
                0.9739941354612316,
                0.9185336048879837
            ],
            [
                0.9782953477443609,
                0.9201612903225806
            ],
            [
                0.9746941045606229,
                0.9859154929577465
            ]
        ],
        "c": [
            [
                0.5786359077231695,
                0.5505772402418911
            ],
            [
                0.6125030856578623,
                0.513433467315422
            ],
            [
                0.6163617886178862,
                0.511400651465798
            ],
            [
                0.6140081497667277,
                0.47329754167844024
            ],
            [
                0.6267689962987154,
                0.4745417515274949
            ],
            [
                0.6608774349250129,
                0.49230265312807076
            ],
            [
                0.7143905606052052,
                0.5566236106939021
            ],
            [
                0.7821177263725614,
                0.6631656532154044
            ],
            [
                0.7968997510749039,
                0.7604938271604939
            ]
        ],
        "light": [
            [
                0.22532955907268895,
                0.34006309148264985
            ],
            [
                0.11861668809547357,
                0.18178497161805204
            ],
            [
                0.08926835531263183,
                0.13127127423412757
            ],
            [
                0.07713675617453089,
                0.11649722251336338
            ],
            [
                0.07606167628564045,
                0.12161149281698938
            ],
            [
                0.08561622464898595,
                0.1322324711346191
            ],
            [
                0.11482365848149463,
                0.18426534209261336
            ],
            [
                0.18897993688950643,
                0.2957985621906723
            ],
            [
                0.33242764323685764,
                0.497078870496592
            ]
        ]
    },
    "btag_wp": 0.049
}