{
    "pt_bins": [
        20,
        30,
        50,
        70,
        100,
        140,
        200,
        300,
        600,
        1000
    ],
    "eta_bins": [
        0.0,
        1.5,
        2.5
    ],
    "eff_map": {
        "b": [
            [
                0.9479320791939688,
                0.8847025989883133
            ],
            [
                0.9659203065430689,
                0.9078694817658349
            ],
            [
                0.9712164546948214,
                0.9230874503900369
            ],
            [
                0.9739168199468629,
                0.9269720978298313
            ],
            [
                0.97651141064994,
                0.935374149659864
            ],
            [
                0.9766176470588235,
                0.918918918918919
            ],
            [
                0.9741309620048505,
                0.928
            ],
            [
                0.9726443768996961,
                0.85
            ],
            [
                0.9722222222222222,
                0.0
            ]
        ],
        "c": [
            [
                0.49797707349966286,
                0.5295404814004376
            ],
            [
                0.5054003724394786,
                0.47692307692307695
            ],
            [
                0.47434119278779474,
                0.433852140077821
            ],
            [
                0.4479568234387047,
                0.4036458333333333
            ],
            [
                0.4691501746216531,
                0.4461538461538462
            ],
            [
                0.4955116696588869,
                0.44654088050314467
            ],
            [
                0.5143769968051118,
                0.463768115942029
            ],
            [
                0.5714285714285714,
                0.6923076923076923
            ],
            [
                0.0,
                1.0
            ]
        ],
        "light": [
            [
                0.23628976315528688,
                0.35797561255303695
            ],
            [
                0.11570974696471122,
                0.18021885012998004
            ],
            [
                0.08520869397961146,
                0.12690558972987429
            ],
            [
                0.07355781341842305,
                0.11123071402942232
            ],
            [
                0.0646573930963421,
                0.09723435225618632
            ],
            [
                0.06960199961545857,
                0.11964549483013294
            ],
            [
                0.08694043655197928,
                0.17276422764227642
            ],
            [
                0.13572854291417166,
                0.26644736842105265
            ],
            [
                0.2222222222222222,
                0.4
            ]
        ]
    },
    "btag_wp": 0.049
}