{
    "pt_bins": [
        20,
        30,
        50,
        70,
        100,
        140,
        200,
        300,
        600,
        1000
    ],
    "eta_bins": [
        0.0,
        1.5,
        2.5
    ],
    "eff_map": {
        "b": [
            [
                0.8374699488707548,
                0.6749945922561108
            ],
            [
                0.9000035552184682,
                0.753161628624306
            ],
            [
                0.9185672167813209,
                0.7811841797332085
            ],
            [
                0.9207042298964304,
                0.7902097902097902
            ],
            [
                0.9203592321001896,
                0.8024106758501938
            ],
            [
                0.9143507042664256,
                0.8061185468451243
            ],
            [
                0.9049873008543061,
                0.8200161420500404
            ],
            [
                0.9009325287986835,
                0.804
            ],
            [
                0.8371150729335495,
                0.725
            ]
        ],
        "c": [
            [
                0.2464245571877059,
                0.19924766411843223
            ],
            [
                0.20744714554248422,
                0.17972681524083392
            ],
            [
                0.17403856629262446,
                0.16121726822363766
            ],
            [
                0.16643414764463177,
                0.14799036858677533
            ],
            [
                0.1647246530967461,
                0.14941785252263906
            ],
            [
                0.17271235873131607,
                0.14285714285714285
            ],
            [
                0.20086437538588187,
                0.1779935275080906
            ],
            [
                0.268321866586898,
                0.2465753424657534
            ],
            [
                0.2766990291262136,
                0.2222222222222222
            ]
        ],
        "light": [
            [
                0.04774184219405215,
                0.037371526318078364
            ],
            [
                0.0250389329717246,
                0.023007033997655333
            ],
            [
                0.013252725784735606,
                0.016134017432156766
            ],
            [
                0.010733925549915398,
                0.014973877987576618
            ],
            [
                0.009810164707502194,
                0.013655082725236616
            ],
            [
                0.010196926313329049,
                0.017629648693861792
            ],
            [
                0.01367211131276467,
                0.025724343352288112
            ],
            [
                0.027974836032659618,
                0.03807106598984772
            ],
            [
                0.05394190871369295,
                0.09473684210526316
            ]
        ]
    },
    "btag_wp": 0.2783
}