{
    "pt_bins": [
        20,
        30,
        50,
        70,
        100,
        140,
        200,
        300,
        600,
        1000
    ],
    "eta_bins": [
        0.0,
        1.5,
        2.5
    ],
    "eff_map": {
        "b": [
            [
                0.8273007088534438,
                0.6897799908182364
            ],
            [
                0.8836872546003178,
                0.7532004308442074
            ],
            [
                0.9010636222584242,
                0.7809248795946876
            ],
            [
                0.9085831883740361,
                0.7942602984035844
            ],
            [
                0.91171625382781,
                0.8013176144244105
            ],
            [
                0.9106101554799529,
                0.8102703850509626
            ],
            [
                0.9048655288904488,
                0.808951604012788
            ],
            [
                0.8897121600195146,
                0.8066732090284593
            ],
            [
                0.849213691026827,
                0.746268656716418
            ]
        ],
        "c": [
            [
                0.22848997047143876,
                0.17162459130621213
            ],
            [
                0.201613759422444,
                0.1642069867364095
            ],
            [
                0.17972605499043207,
                0.15113224071062178
            ],
            [
                0.18886985289773733,
                0.13997477931904162
            ],
            [
                0.19197251550192726,
                0.14878397711015737
            ],
            [
                0.21504487482286255,
                0.1481353591160221
            ],
            [
                0.24239333673295937,
                0.17787031528851874
            ],
            [
                0.2618110236220472,
                0.19474313022700118
            ],
            [
                0.261758691206544,
                0.35555555555555557
            ]
        ],
        "light": [
            [
                0.10762093038524106,
                0.06376324986600637
            ],
            [
                0.06840408587698184,
                0.04370251819392974
            ],
            [
                0.03659957333279538,
                0.02563404844804235
            ],
            [
                0.026330607029676524,
                0.019514961179446916
            ],
            [
                0.0197961163825149,
                0.017478697837011142
            ],
            [
                0.0166950101621801,
                0.01694992274834136
            ],
            [
                0.01582412914188615,
                0.022091544818817546
            ],
            [
                0.02248166442149379,
                0.038948471897427624
            ],
            [
                0.0595703125,
                0.08928571428571429
            ]
        ]
    },
    "btag_wp": 0.2783
}