{
    "pt_bins": [
        20,
        30,
        50,
        70,
        100,
        140,
        200,
        300,
        600,
        1000
    ],
    "eta_bins": [
        0.0,
        1.5,
        2.5
    ],
    "eff_map": {
        "b": [
            [
                0.7898727984344422,
                0.6721672167216721
            ],
            [
                0.8572412842772495,
                0.7172727272727273
            ],
            [
                0.8871229322088875,
                0.7850877192982456
            ],
            [
                0.8947832661290323,
                0.7755102040816326
            ],
            [
                0.9010799136069114,
                0.7638691322901849
            ],
            [
                0.9118582791033985,
                0.7540983606557377
            ],
            [
                0.9286955605877086,
                0.7845433255269321
            ],
            [
                0.9323471829453992,
                0.7301587301587301
            ],
            [
                0.0,
                0.0
            ]
        ],
        "c": [
            [
                0.2838864960729668,
                0.1875
            ],
            [
                0.25249169435215946,
                0.1910055583628095
            ],
            [
                0.20576966418751408,
                0.155374246186591
            ],
            [
                0.19614380174473522,
                0.15627051871306633
            ],
            [
                0.21091521301968855,
                0.14597742992355298
            ],
            [
                0.23818019625334522,
                0.18068102849200834
            ],
            [
                0.2914390243902439,
                0.21269554753309267
            ],
            [
                0.3329799452248432,
                0.23597883597883598
            ],
            [
                0.0,
                0.0
            ]
        ],
        "light": [
            [
                0.02393890439124688,
                0.02890684170663974
            ],
            [
                0.012215714611698486,
                0.01859049574655324
            ],
            [
                0.011218103033220992,
                0.014469353536608085
            ],
            [
                0.009388563879977354,
                0.011840282151404459
            ],
            [
                0.009702292804983914,
                0.014020305269700946
            ],
            [
                0.010022223190552966,
                0.016500189657352383
            ],
            [
                0.013993695672939154,
                0.026392373306573007
            ],
            [
                0.017488135719890885,
                0.03070683661645423
            ],
            [
                0.0,
                0.0
            ]
        ]
    },
    "btag_wp": 0.2783
}