{
    "pt_bins": [
        20,
        30,
        50,
        70,
        100,
        140,
        200,
        300,
        600,
        1000
    ],
    "eta_bins": [
        0.0,
        1.5,
        2.5
    ],
    "eff_map": {
        "b": [
            [
                0.8378628370024542,
                0.6671229027492
            ],
            [
                0.9027365693004188,
                0.7519715546223739
            ],
            [
                0.919516880711477,
                0.785573202012709
            ],
            [
                0.9223780258013585,
                0.7994467646580247
            ],
            [
                0.9182045449064733,
                0.796371125931738
            ],
            [
                0.9133803663396547,
                0.7973916164798788
            ],
            [
                0.9088107450837888,
                0.7976714915040907
            ],
            [
                0.8955656945816951,
                0.7926929392446633
            ],
            [
                0.8544257498171178,
                0.6764705882352942
            ]
        ],
        "c": [
            [
                0.23961876035559113,
                0.19052663240352047
            ],
            [
                0.20076341104378487,
                0.17625834041293992
            ],
            [
                0.16876126221313775,
                0.15473100609709275
            ],
            [
                0.16065251802778918,
                0.13898872733213527
            ],
            [
                0.161792071197411,
                0.1377029935433379
            ],
            [
                0.1730717609162491,
                0.14127754355262112
            ],
            [
                0.20206438068579427,
                0.15957659277012182
            ],
            [
                0.25093450349423047,
                0.20234222511385816
            ],
            [
                0.26666666666666666,
                0.23809523809523808
            ]
        ],
        "light": [
            [
                0.039271298649058345,
                0.035472035014752795
            ],
            [
                0.019650579866484906,
                0.021154223698573123
            ],
            [
                0.011420472289619718,
                0.014520209149736304
            ],
            [
                0.009083613639080028,
                0.01284869853779944
            ],
            [
                0.008705452696917809,
                0.01381443624369381
            ],
            [
                0.009049997833447851,
                0.01620466362563399
            ],
            [
                0.012645365247826577,
                0.023872640196839438
            ],
            [
                0.022570321711302004,
                0.0420881775630379
            ],
            [
                0.056841388699795777,
                0.10120240480961924
            ]
        ]
    },
    "btag_wp": 0.2783
}