{
    "pt_bins": [
        20,
        30,
        50,
        70,
        100,
        140,
        200,
        300,
        600,
        1000
    ],
    "eta_bins": [
        0.0,
        1.5,
        2.5
    ],
    "eff_map": {
        "b": [
            [
                0.9269275651280149,
                0.881250506195837
            ],
            [
                0.9582329535821704,
                0.9082393899204244
            ],
            [
                0.9731150622321647,
                0.9174126980686277
            ],
            [
                0.9812073371666835,
                0.9185554039446403
            ],
            [
                0.9837128462112512,
                0.919936726425043
            ],
            [
                0.9824461029032029,
                0.9263049039351222
            ],
            [
                0.9821270799587689,
                0.9295238095238095
            ],
            [
                0.9769503546099291,
                0.9210526315789473
            ],
            [
                0.0,
                0.0
            ]
        ],
        "c": [
            [
                0.5851399764935782,
                0.5481420892731946
            ],
            [
                0.630781667550576,
                0.5017275266370125
            ],
            [
                0.66543925384802,
                0.47333953744872986
            ],
            [
                0.6905617779628044,
                0.4715427657873701
            ],
            [
                0.7007266433092791,
                0.4593564157758401
            ],
            [
                0.7008431259758402,
                0.4673567630494289
            ],
            [
                0.7330484924274003,
                0.5171245765901392
            ],
            [
                0.7331189710610932,
                0.45454545454545453
            ],
            [
                0.0,
                0.0
            ]
        ],
        "light": [
            [
                0.24485265544980542,
                0.3562017825802098
            ],
            [
                0.12125462014843069,
                0.1833776108000543
            ],
            [
                0.0920327827113174,
                0.13731259893844863
            ],
            [
                0.0850910550729898,
                0.11922369312086871
            ],
            [
                0.07432239001298475,
                0.10663117862253677
            ],
            [
                0.06960569279437044,
                0.10054264179485149
            ],
            [
                0.08339145831097758,
                0.11790807038834951
            ],
            [
                0.10772833723653395,
                0.13934426229508196
            ],
            [
                1.0,
                0.0
            ]
        ]
    },
    "btag_wp": 0.049
}