{
    "pt_bins": [
        20,
        30,
        50,
        70,
        100,
        140,
        200,
        300,
        600,
        1000
    ],
    "eta_bins": [
        0.0,
        1.5,
        2.5
    ],
    "eff_map": {
        "b": [
            [
                0.9218499050956344,
                0.8814235312164442
            ],
            [
                0.9522852569802597,
                0.9106543624161074
            ],
            [
                0.9649868796567641,
                0.9173466304019341
            ],
            [
                0.9703632887189293,
                0.9252537680713626
            ],
            [
                0.9740391099123399,
                0.9246115480529445
            ],
            [
                0.9766726520415333,
                0.9181147972617167
            ],
            [
                0.9732573205493651,
                0.9049429657794676
            ],
            [
                0.9763313609467456,
                1.0
            ],
            [
                0.0,
                0.0
            ]
        ],
        "c": [
            [
                0.5696949819612988,
                0.5384980988593155
            ],
            [
                0.5903471721438137,
                0.5036893203883495
            ],
            [
                0.5918915618512639,
                0.4863095238095238
            ],
            [
                0.5960553764460459,
                0.46458273587611126
            ],
            [
                0.6052096569250318,
                0.4481469947056992
            ],
            [
                0.6147058823529412,
                0.4723092998955068
            ],
            [
                0.6162743506493507,
                0.4890756302521008
            ],
            [
                0.5153846153846153,
                0.6
            ],
            [
                0.0,
                0.0
            ]
        ],
        "light": [
            [
                0.2317511086692045,
                0.34460909766366715
            ],
            [
                0.11790559503510797,
                0.17913779830638954
            ],
            [
                0.09044710048694113,
                0.13362279030614505
            ],
            [
                0.0768882630996681,
                0.11342388428294231
            ],
            [
                0.07383000486275298,
                0.10895694220584849
            ],
            [
                0.07776314345296893,
                0.12005710824608462
            ],
            [
                0.08341428390421084,
                0.1358236949046577
            ],
            [
                0.11847233047544817,
                0.1909722222222222
            ],
            [
                0.0,
                0.0
            ]
        ]
    },
    "btag_wp": 0.049
}