{
    "pt_bins": [
        20,
        30,
        50,
        70,
        100,
        140,
        200,
        300,
        600,
        1000
    ],
    "eta_bins": [
        0.0,
        1.5,
        2.5
    ],
    "eff_map": {
        "b": [
            [
                0.6140463917525774,
                0.43953715775749674
            ],
            [
                0.7241902108217747,
                0.5555391287206781
            ],
            [
                0.7659194894075128,
                0.6057361675523601
            ],
            [
                0.7888059764274357,
                0.6337480559875583
            ],
            [
                0.7965726839985353,
                0.6284277879341865
            ],
            [
                0.7939092641105026,
                0.6347980997624703
            ],
            [
                0.7813009455493968,
                0.654275092936803
            ],
            [
                0.770875083500334,
                0.638095238095238
            ],
            [
                0.8172043010752689,
                1.0
            ]
        ],
        "c": [
            [
                0.03507271171941831,
                0.030216772498357785
            ],
            [
                0.029789902790843526,
                0.02877247849882721
            ],
            [
                0.02339986235375086,
                0.023362445414847163
            ],
            [
                0.030936012691697514,
                0.020552799433026223
            ],
            [
                0.031027104136947217,
                0.027659574468085105
            ],
            [
                0.030210643015521066,
                0.029002320185614848
            ],
            [
                0.046420581655480984,
                0.030848329048843187
            ],
            [
                0.05522388059701493,
                0.07792207792207792
            ],
            [
                0.03125,
                0.06666666666666667
            ]
        ],
        "light": [
            [
                0.0027777406818819193,
                0.0022630777857886725
            ],
            [
                0.0019087033304197364,
                0.001802329510892829
            ],
            [
                0.002979414951245937,
                0.0014881915237787125
            ],
            [
                0.002050731953558809,
                0.0013977759831024414
            ],
            [
                0.00152621375242338,
                0.0022172949002217295
            ],
            [
                0.0014971852916516948,
                0.002849002849002849
            ],
            [
                0.0010508617065994115,
                0.003509541566132924
            ],
            [
                0.003600576092174748,
                0.0038548024413748794
            ],
            [
                0.006993006993006993,
                0.010526315789473684
            ]
        ]
    },
    "btag_wp": 0.71
}