{
    "pt_bins": [
        20,
        30,
        50,
        70,
        100,
        140,
        200,
        300,
        600,
        1000
    ],
    "eta_bins": [
        0.0,
        1.5,
        2.5
    ],
    "eff_map": {
        "b": [
            [
                0.6197327550841001,
                0.4312533524047917
            ],
            [
                0.7234382756118981,
                0.5380418927592041
            ],
            [
                0.7612413033057518,
                0.5823958950069075
            ],
            [
                0.7721722656908924,
                0.6070634314734291
            ],
            [
                0.7738730427844819,
                0.6244946848330588
            ],
            [
                0.7688249125422951,
                0.6401656314699793
            ],
            [
                0.764640046834375,
                0.6283977110157367
            ],
            [
                0.7283130175201677,
                0.6179511278195489
            ],
            [
                0.580503144654088,
                0.4274193548387097
            ]
        ],
        "c": [
            [
                0.038585838801292724,
                0.03296279637602005
            ],
            [
                0.02833831334506706,
                0.02727030862007804
            ],
            [
                0.025559046386989467,
                0.024901974272545917
            ],
            [
                0.023643333554920338,
                0.025676855895196506
            ],
            [
                0.029486340585637167,
                0.025054649403060368
            ],
            [
                0.03157980855763724,
                0.028453890983887557
            ],
            [
                0.036929234127706025,
                0.029053420805998126
            ],
            [
                0.04985213350232361,
                0.069164265129683
            ],
            [
                0.05365853658536585,
                0.06666666666666667
            ]
        ],
        "light": [
            [
                0.0019360283288931545,
                0.001838101917914238
            ],
            [
                0.0011455899626957183,
                0.001258241972611291
            ],
            [
                0.0012473590603626294,
                0.0017118233870491706
            ],
            [
                0.0012425320420077956,
                0.0012940415269690018
            ],
            [
                0.0013223830734966592,
                0.0018328445747800588
            ],
            [
                0.0016441489741940095,
                0.002426202992317024
            ],
            [
                0.0015658028654192437,
                0.0017035775127768314
            ],
            [
                0.0021663056157307115,
                0.00562429696287964
            ],
            [
                0.010638297872340425,
                0.0
            ]
        ]
    },
    "btag_wp": 0.71
}