{
    "pt_bins": [
        20,
        30,
        50,
        70,
        100,
        140,
        200,
        300,
        600,
        1000
    ],
    "eta_bins": [
        0.0,
        1.5,
        2.5
    ],
    "eff_map": {
        "b": [
            [
                0.6231470487479587,
                0.41884173517533424
            ],
            [
                0.7431151517862292,
                0.5424907962174258
            ],
            [
                0.7845623507861181,
                0.6049610535925876
            ],
            [
                0.7971709144181318,
                0.6244639718804921
            ],
            [
                0.7928270657883766,
                0.6288288542740534
            ],
            [
                0.7832663190648016,
                0.6298543689320388
            ],
            [
                0.7702219761413399,
                0.6249147533530348
            ],
            [
                0.7356105840632862,
                0.590512223515716
            ],
            [
                0.6129116570831156,
                0.3723404255319149
            ]
        ],
        "c": [
            [
                0.038556845920556256,
                0.033817287104165886
            ],
            [
                0.02875058477852283,
                0.027811832770851988
            ],
            [
                0.024913677145590948,
                0.024507682920064347
            ],
            [
                0.026182435406681717,
                0.023707883425161377
            ],
            [
                0.02930595004005535,
                0.02454699886749717
            ],
            [
                0.033803407770749964,
                0.03171866919496639
            ],
            [
                0.04207680283891682,
                0.035497100834394
            ],
            [
                0.05735311295409415,
                0.0308411214953271
            ],
            [
                0.0780399274047187,
                0.023255813953488372
            ]
        ],
        "light": [
            [
                0.004149241250305967,
                0.002263164761730051
            ],
            [
                0.002016234812655059,
                0.001503038924970381
            ],
            [
                0.001657902683881396,
                0.001536671972572548
            ],
            [
                0.0013583044816665806,
                0.0014688792127405944
            ],
            [
                0.001366475793857366,
                0.0018602955971738693
            ],
            [
                0.001304398323937496,
                0.002178473454897531
            ],
            [
                0.0019134092078305369,
                0.003763770536865921
            ],
            [
                0.0029419522389271006,
                0.005762675179914507
            ],
            [
                0.008220502901353965,
                0.0125
            ]
        ]
    },
    "btag_wp": 0.71
}