{
    "pt_bins": [
        20,
        30,
        50,
        70,
        100,
        140,
        200,
        300,
        600,
        1000
    ],
    "eta_bins": [
        0.0,
        1.5,
        2.5
    ],
    "eff_map": {
        "b": [
            [
                0.8372220596840257,
                0.6748137802607076
            ],
            [
                0.9029461182295073,
                0.7485375229817817
            ],
            [
                0.9169097455299933,
                0.7769525931427157
            ],
            [
                0.922224528388912,
                0.787288863441168
            ],
            [
                0.9207903008531657,
                0.7933944069431051
            ],
            [
                0.91380129931865,
                0.8029045643153527
            ],
            [
                0.908319510016588,
                0.7849462365591398
            ],
            [
                0.8997537812170243,
                0.7810526315789473
            ],
            [
                0.8468776732249786,
                0.7714285714285715
            ]
        ],
        "c": [
            [
                0.2500211095161699,
                0.1969286359530262
            ],
            [
                0.20584147814002232,
                0.18240731916515773
            ],
            [
                0.1720613789650399,
                0.16774582141243788
            ],
            [
                0.16599373364772763,
                0.1517839145333602
            ],
            [
                0.16662244627222075,
                0.13301920985864443
            ],
            [
                0.17366302472685452,
                0.14574314574314573
            ],
            [
                0.21318090114324142,
                0.2
            ],
            [
                0.2533081285444234,
                0.2550607287449393
            ],
            [
                0.2932454695222405,
                0.3103448275862069
            ]
        ],
        "light": [
            [
                0.047213136203061626,
                0.03792765765625729
            ],
            [
                0.02482547718174998,
                0.0233777545509973
            ],
            [
                0.013884963921701615,
                0.015400652342042435
            ],
            [
                0.010890135418437306,
                0.014765694076038904
            ],
            [
                0.01009295163175569,
                0.014094112298249603
            ],
            [
                0.01160048441583275,
                0.016379903647625604
            ],
            [
                0.015192728720228223,
                0.02737709743891669
            ],
            [
                0.02535751142562288,
                0.03736263736263736
            ],
            [
                0.06030150753768844,
                0.046875
            ]
        ]
    },
    "btag_wp": 0.2783
}