{
    "pt_bins": [
        20,
        30,
        50,
        70,
        100,
        140,
        200,
        300,
        600,
        1000
    ],
    "eta_bins": [
        0.0,
        1.5,
        2.5
    ],
    "eff_map": {
        "b": [
            [
                0.9404491430644956,
                0.8812288773544182
            ],
            [
                0.9695644875432067,
                0.9039696931875748
            ],
            [
                0.9779169401197495,
                0.9158620537972596
            ],
            [
                0.9784617694844131,
                0.9188738986784141
            ],
            [
                0.9766919371396984,
                0.9195157061333608
            ],
            [
                0.9750072170615289,
                0.9220945765428801
            ],
            [
                0.9737581043891973,
                0.93031310612358
            ],
            [
                0.9725033993050309,
                0.9304635761589404
            ],
            [
                0.9636688505062537,
                0.9354838709677419
            ]
        ],
        "c": [
            [
                0.5646189412728517,
                0.5503319185983241
            ],
            [
                0.5557747711057816,
                0.5051845666906154
            ],
            [
                0.5411140048862693,
                0.4792523535325839
            ],
            [
                0.5285949610901974,
                0.4608293123063042
            ],
            [
                0.5224812880297237,
                0.45084259841969093
            ],
            [
                0.5283018867924528,
                0.46094580233793836
            ],
            [
                0.5568663036902601,
                0.49660722739466623
            ],
            [
                0.6306104901117798,
                0.5832865956253506
            ],
            [
                0.6766467065868264,
                0.7777777777777778
            ]
        ],
        "light": [
            [
                0.251958370765296,
                0.3465748559066178
            ],
            [
                0.13508601693162953,
                0.1862227142137843
            ],
            [
                0.09091019317742442,
                0.1337982299458777
            ],
            [
                0.07543536795614358,
                0.11361408719635091
            ],
            [
                0.07165405151675175,
                0.11017630936634987
            ],
            [
                0.0751907672449793,
                0.12183646798113529
            ],
            [
                0.09519480304808503,
                0.16178611488985942
            ],
            [
                0.16374269005847952,
                0.2553207604332349
            ],
            [
                0.327445652173913,
                0.46742209631728043
            ]
        ]
    },
    "btag_wp": 0.049
}