{
    "pt_bins": [
        20,
        30,
        50,
        70,
        100,
        140,
        200,
        300,
        600,
        1000
    ],
    "eta_bins": [
        0.0,
        1.5,
        2.5
    ],
    "eff_map": {
        "b": [
            [
                0.9186051402851975,
                0.8847743713399931
            ],
            [
                0.9495248923901567,
                0.9066742726754136
            ],
            [
                0.9609112813010928,
                0.9086651053864169
            ],
            [
                0.9657846791582396,
                0.9199753770390889
            ],
            [
                0.9692498469555936,
                0.9215370866845398
            ],
            [
                0.973120699633464,
                0.9205090372556253
            ],
            [
                0.9742751833415663,
                0.9181184668989547
            ],
            [
                0.9748953974895398,
                0.9070422535211268
            ],
            [
                0.0,
                0.0
            ]
        ],
        "c": [
            [
                0.5583518577326135,
                0.5595901091557139
            ],
            [
                0.5721939177477808,
                0.5091240875912408
            ],
            [
                0.5747986914947156,
                0.4815217391304348
            ],
            [
                0.5792744036881139,
                0.46509803921568627
            ],
            [
                0.5921590230914016,
                0.45475910693301996
            ],
            [
                0.6168856885688568,
                0.47812410637689445
            ],
            [
                0.6597565787476857,
                0.5083038388238497
            ],
            [
                0.6574982061707726,
                0.5623762376237624
            ],
            [
                0.0,
                0.0
            ]
        ],
        "light": [
            [
                0.23109083367897137,
                0.34414000353544283
            ],
            [
                0.11894010548370783,
                0.1844638559586416
            ],
            [
                0.09245375775824986,
                0.1364357063580149
            ],
            [
                0.07820744818357385,
                0.12086498653482856
            ],
            [
                0.0761505740876963,
                0.11942407914495186
            ],
            [
                0.08455709783410448,
                0.1325986632718014
            ],
            [
                0.1034800238077524,
                0.1731143358316058
            ],
            [
                0.12381517800479047,
                0.2033501128276341
            ],
            [
                0.0,
                0.0
            ]
        ]
    },
    "btag_wp": 0.049
}