{
    "pt_bins": [
        20,
        30,
        50,
        70,
        100,
        140,
        200,
        300,
        600,
        1000
    ],
    "eta_bins": [
        0.0,
        1.5,
        2.5
    ],
    "eff_map": {
        "b": [
            [
                0.8376518218623482,
                0.6751050307012819
            ],
            [
                0.9000318745794327,
                0.7531888735208238
            ],
            [
                0.9184890879827119,
                0.7809224318658281
            ],
            [
                0.9206953092347098,
                0.7904047172339855
            ],
            [
                0.9203685152644803,
                0.802058760454643
            ],
            [
                0.9144019764569103,
                0.8060213414634146
            ],
            [
                0.9050221480757061,
                0.8195004029008863
            ],
            [
                0.9012237762237763,
                0.8047808764940239
            ],
            [
                0.8367016976556184,
                0.725
            ]
        ],
        "c": [
            [
                0.24644787644787644,
                0.19920222410250213
            ],
            [
                0.20755273018145076,
                0.17993017634947633
            ],
            [
                0.17380797219506897,
                0.1607898448519041
            ],
            [
                0.16631180506269222,
                0.1477650535648319
            ],
            [
                0.16452157146300314,
                0.14943639291465377
            ],
            [
                0.17265795206971676,
                0.14333781965006728
            ],
            [
                0.20077932731747333,
                0.1779935275080906
            ],
            [
                0.26875,
                0.24914675767918087
            ],
            [
                0.2762520193861066,
                0.2222222222222222
            ]
        ],
        "light": [
            [
                0.047724543707973105,
                0.037361716877039944
            ],
            [
                0.025026520089297493,
                0.02303272302298403
            ],
            [
                0.01327724464309189,
                0.016138967598866575
            ],
            [
                0.010729794679370968,
                0.01503851827569251
            ],
            [
                0.009803081458122675,
                0.013670048204906828
            ],
            [
                0.01019130536062662,
                0.01769230769230769
            ],
            [
                0.013746533220788617,
                0.025675675675675677
            ],
            [
                0.027992535323913624,
                0.03795066413662239
            ],
            [
                0.05377456049638056,
                0.09473684210526316
            ]
        ]
    },
    "btag_wp": 0.2783
}