{
    "pt_bins": [
        20,
        30,
        50,
        70,
        100,
        140,
        200,
        300,
        600,
        1000
    ],
    "eta_bins": [
        0.0,
        1.5,
        2.5
    ],
    "eff_map": {
        "b": [
            [
                0.6070289908801068,
                0.42741041743627634
            ],
            [
                0.7299096865592349,
                0.5557787598767913
            ],
            [
                0.7788897703464128,
                0.6201283814763869
            ],
            [
                0.8013346707334548,
                0.6201938105658018
            ],
            [
                0.8180133591898298,
                0.6480489671002295
            ],
            [
                0.8221525600835946,
                0.6159695817490495
            ],
            [
                0.8125,
                0.5
            ],
            [
                1.0,
                0.0
            ],
            [
                0.0,
                0.0
            ]
        ],
        "c": [
            [
                0.04460464068483893,
                0.0433392539964476
            ],
            [
                0.030609614641061992,
                0.027291604865025215
            ],
            [
                0.02725032613422235,
                0.02377686328303612
            ],
            [
                0.03126198695818949,
                0.027632950990615225
            ],
            [
                0.031187569367369588,
                0.028873917228103944
            ],
            [
                0.03742384682332463,
                0.030405405405405407
            ],
            [
                0.07142857142857142,
                0.0
            ],
            [
                0.0,
                0.0
            ],
            [
                0.0,
                0.0
            ]
        ],
        "light": [
            [
                0.002428087836520568,
                0.0013885240364769017
            ],
            [
                0.0017853489799334213,
                0.0009706045479755962
            ],
            [
                0.0024407052202377534,
                0.0014997237351014286
            ],
            [
                0.0014185860565886874,
                0.0021955618285893516
            ],
            [
                0.0017840888403422538,
                0.0016740404161186178
            ],
            [
                0.0018137847642079807,
                0.002098635886673662
            ],
            [
                0.006072874493927126,
                0.007936507936507936
            ],
            [
                0.0,
                0.0
            ],
            [
                0.0,
                0.0
            ]
        ]
    },
    "btag_wp": 0.71
}