{
    "pt_bins": [
        20,
        30,
        50,
        70,
        100,
        140,
        200,
        300,
        600,
        1000
    ],
    "eta_bins": [
        0.0,
        1.5,
        2.5
    ],
    "eff_map": {
        "b": [
            [
                0.5534780389684469,
                0.4172773295730368
            ],
            [
                0.6739068751241382,
                0.5432618825722274
            ],
            [
                0.7224132861712269,
                0.5984381545090061
            ],
            [
                0.745019349290526,
                0.6134289870404654
            ],
            [
                0.7577211449676824,
                0.6260851153927588
            ],
            [
                0.7623514536944208,
                0.6354758781518729
            ],
            [
                0.7522830491039251,
                0.6220796578454959
            ],
            [
                0.7550566231494071,
                0.561954072961543
            ],
            [
                0.7403467154092295,
                0.5214785601051696
            ]
        ],
        "c": [
            [
                0.04757611888213569,
                0.03462149643303918
            ],
            [
                0.042918369678037735,
                0.03347570927527173
            ],
            [
                0.04015778347632158,
                0.03351641492947197
            ],
            [
                0.04593813944613684,
                0.03092747190813343
            ],
            [
                0.05440652878345401,
                0.0338521921412961
            ],
            [
                0.06544734541951826,
                0.04026335781210433
            ],
            [
                0.07945324285299098,
                0.04808471554378951
            ],
            [
                0.11101133991701789,
                0.06024419456908418
            ],
            [
                0.11608717489737576,
                0.05808973248765418
            ]
        ],
        "light": [
            [
                0.002597178055810167,
                0.002049443054691981
            ],
            [
                0.0018319328067673871,
                0.0013998406173978692
            ],
            [
                0.0015464180313475363,
                0.0015929152194609933
            ],
            [
                0.0011217823178278786,
                0.001399716290689062
            ],
            [
                0.0009344236234699297,
                0.0015499345724340325
            ],
            [
                0.0011455534037811603,
                0.002056612566611959
            ],
            [
                0.0017069782800317654,
                0.0027815306365731544
            ],
            [
                0.004588696381256107,
                0.008260388686996366
            ],
            [
                0.007740572218462469,
                0.011368514599447202
            ]
        ]
    },
    "btag_wp": 0.71
}