{
    "pt_bins": [
        20,
        30,
        50,
        70,
        100,
        140,
        200,
        300,
        600,
        1000
    ],
    "eta_bins": [
        0.0,
        1.5,
        2.5
    ],
    "eff_map": {
        "b": [
            [
                0.619803918703701,
                0.4286138319976254
            ],
            [
                0.7230873972224471,
                0.5385821740771934
            ],
            [
                0.761139266529018,
                0.582083688036147
            ],
            [
                0.7723439698253912,
                0.6069605568445475
            ],
            [
                0.7740356811949283,
                0.6248196965928874
            ],
            [
                0.7689404768711762,
                0.639115058804178
            ],
            [
                0.7649648038090671,
                0.6269430051813472
            ],
            [
                0.7272985244040863,
                0.6163873370577281
            ],
            [
                0.5793924209207642,
                0.4263565891472868
            ]
        ],
        "c": [
            [
                0.03929277882243767,
                0.033025522636911636
            ],
            [
                0.028333469421082714,
                0.027169577165144933
            ],
            [
                0.02541483268568482,
                0.02507923384318589
            ],
            [
                0.02339969507479506,
                0.025935596170583115
            ],
            [
                0.029458566240972706,
                0.02522131284449641
            ],
            [
                0.031120162932790223,
                0.02880658436213992
            ],
            [
                0.0364990012711095,
                0.030985915492957747
            ],
            [
                0.05018979333614509,
                0.06686046511627906
            ],
            [
                0.055,
                0.0625
            ]
        ],
        "light": [
            [
                0.001961030300229117,
                0.0018495882655687082
            ],
            [
                0.0011621356254124615,
                0.0012455117788438147
            ],
            [
                0.0012440179995714387,
                0.001725997842502697
            ],
            [
                0.0012297515053854636,
                0.001350518187956901
            ],
            [
                0.0013366663194806097,
                0.001708567244325116
            ],
            [
                0.0016360791008678333,
                0.00228310502283105
            ],
            [
                0.0016396002498438476,
                0.00169548999660902
            ],
            [
                0.0021512493794472944,
                0.005567928730512249
            ],
            [
                0.010582010582010581,
                0.0
            ]
        ]
    },
    "btag_wp": 0.71
}