{
    "pt_bins": [
        20,
        30,
        50,
        70,
        100,
        140,
        200,
        300,
        600,
        1000
    ],
    "eta_bins": [
        0.0,
        1.5,
        2.5
    ],
    "eff_map": {
        "b": [
            [
                0.6240017267429312,
                0.4679633867276888
            ],
            [
                0.7290520524756665,
                0.5292259083728278
            ],
            [
                0.7752903551590641,
                0.5943396226415094
            ],
            [
                0.7779859484777517,
                0.5771144278606966
            ],
            [
                0.785131459655485,
                0.5968586387434555
            ],
            [
                0.8025666337611056,
                0.6388888888888888
            ],
            [
                0.7539863325740319,
                0.5833333333333334
            ],
            [
                0.7902439024390244,
                0.7142857142857143
            ],
            [
                0.7058823529411765,
                0.0
            ]
        ],
        "c": [
            [
                0.04215976331360947,
                0.04187192118226601
            ],
            [
                0.030705394190871368,
                0.026041666666666668
            ],
            [
                0.029728020240354206,
                0.013201320132013201
            ],
            [
                0.031587057010785825,
                0.02857142857142857
            ],
            [
                0.03185595567867036,
                0.04504504504504504
            ],
            [
                0.020942408376963352,
                0.015873015873015872
            ],
            [
                0.012987012987012988,
                0.037037037037037035
            ],
            [
                0.06741573033707865,
                0.14285714285714285
            ],
            [
                0.3076923076923077,
                0.0
            ]
        ],
        "light": [
            [
                0.014742739200943536,
                0.0034821145932257044
            ],
            [
                0.007462686567164179,
                0.0011980830670926517
            ],
            [
                0.004026459591601955,
                0.002142857142857143
            ],
            [
                0.0034285714285714284,
                0.002129925452609159
            ],
            [
                0.0012861736334405145,
                0.0
            ],
            [
                0.0020898641588296763,
                0.0036101083032490976
            ],
            [
                0.0,
                0.0
            ],
            [
                0.0037735849056603774,
                0.0
            ],
            [
                0.0,
                0.0
            ]
        ]
    },
    "btag_wp": 0.71
}