{
    "pt_bins": [
        20,
        30,
        50,
        70,
        100,
        140,
        200,
        300,
        600,
        1000
    ],
    "eta_bins": [
        0.0,
        1.5,
        2.5
    ],
    "eff_map": {
        "b": [
            [
                0.8204170319826173,
                0.6840556009811938
            ],
            [
                0.8832684281786078,
                0.7647446148057567
            ],
            [
                0.9043508396080778,
                0.7936979785969085
            ],
            [
                0.9147281159843699,
                0.8023991275899672
            ],
            [
                0.9155062161197131,
                0.8067456700091158
            ],
            [
                0.9148239148239148,
                0.8174186778593914
            ],
            [
                0.9042568439157231,
                0.7799352750809061
            ],
            [
                0.9088495575221239,
                0.8051948051948052
            ],
            [
                0.9404255319148936,
                1.0
            ]
        ],
        "c": [
            [
                0.22137112217541172,
                0.16833333333333333
            ],
            [
                0.1963109354413702,
                0.14918414918414918
            ],
            [
                0.18217979315831345,
                0.13740458015267176
            ],
            [
                0.17347956131605186,
                0.14754098360655737
            ],
            [
                0.16846361185983827,
                0.1943127962085308
            ],
            [
                0.17870036101083034,
                0.14414414414414414
            ],
            [
                0.23036649214659685,
                0.2112676056338028
            ],
            [
                0.3316831683168317,
                0.23529411764705882
            ],
            [
                0.19230769230769232,
                0.0
            ]
        ],
        "light": [
            [
                0.02412338518323227,
                0.030171277997364954
            ],
            [
                0.014130364003386077,
                0.019451064811255477
            ],
            [
                0.015750889163097918,
                0.01764705882352941
            ],
            [
                0.010289814028131785,
                0.008138619060120767
            ],
            [
                0.008947211452430659,
                0.01454234388366125
            ],
            [
                0.008671742808798646,
                0.012738853503184714
            ],
            [
                0.011388801012337867,
                0.022332506203473945
            ],
            [
                0.025391680172879523,
                0.028169014084507043
            ],
            [
                0.08636363636363636,
                0.11764705882352941
            ]
        ]
    },
    "btag_wp": 0.2783
}