{
    "pt_bins": [
        20,
        30,
        50,
        70,
        100,
        140,
        200,
        300,
        600,
        1000
    ],
    "eta_bins": [
        0.0,
        1.5,
        2.5
    ],
    "eff_map": {
        "b": [
            [
                0.9395448506209518,
                0.8805054249793788
            ],
            [
                0.96926010790909,
                0.9042780548160924
            ],
            [
                0.9776524080953458,
                0.9163724762934694
            ],
            [
                0.9785762636789529,
                0.9202690242447252
            ],
            [
                0.9770761155277606,
                0.918909376225971
            ],
            [
                0.9756174237871125,
                0.9188369959717625
            ],
            [
                0.9742344407329243,
                0.9257394587791064
            ],
            [
                0.9717415529530498,
                0.9343185550082101
            ],
            [
                0.9659839063643014,
                0.9558823529411765
            ]
        ],
        "c": [
            [
                0.5600970540106596,
                0.5520682124315064
            ],
            [
                0.5541462690995401,
                0.5014366033161195
            ],
            [
                0.5389879088495542,
                0.47317739929046426
            ],
            [
                0.5243253014402689,
                0.45413331155040026
            ],
            [
                0.5188309061488673,
                0.4459792604187048
            ],
            [
                0.52590372226199,
                0.4332988624612203
            ],
            [
                0.551259622113366,
                0.46574795286598764
            ],
            [
                0.610758979359662,
                0.5653871177618738
            ],
            [
                0.617948717948718,
                0.7142857142857143
            ]
        ],
        "light": [
            [
                0.25119932152385005,
                0.3484912408679652
            ],
            [
                0.13518419536665344,
                0.1886886391657047
            ],
            [
                0.09211449299733346,
                0.13589368598177282
            ],
            [
                0.07603940785766729,
                0.11533063707698157
            ],
            [
                0.07267698523116438,
                0.11356139954022021
            ],
            [
                0.07672070666740949,
                0.12616032409327252
            ],
            [
                0.10237978748761181,
                0.17239561212085708
            ],
            [
                0.17070911234630284,
                0.2723086214706326
            ],
            [
                0.36113002042205583,
                0.5150300601202404
            ]
        ]
    },
    "btag_wp": 0.049
}