{
    "pt_bins": [
        20,
        30,
        50,
        70,
        100,
        140,
        200,
        300,
        600,
        1000
    ],
    "eta_bins": [
        0.0,
        1.5,
        2.5
    ],
    "eff_map": {
        "b": [
            [
                0.8397374512303896,
                0.6663441603317208
            ],
            [
                0.9040630109431976,
                0.7513732699763523
            ],
            [
                0.9203399221004119,
                0.7858894276109218
            ],
            [
                0.923058768244897,
                0.7977836249982597
            ],
            [
                0.9185833291764354,
                0.7972040668119099
            ],
            [
                0.9132795872814321,
                0.8034248055315472
            ],
            [
                0.9062370454117203,
                0.8
            ],
            [
                0.8937736771355249,
                0.7915742793791575
            ],
            [
                0.8518518518518519,
                0.7352941176470589
            ]
        ],
        "c": [
            [
                0.2437335297951319,
                0.19517282070280875
            ],
            [
                0.20154613572719268,
                0.17688815679814884
            ],
            [
                0.1691785952741544,
                0.15233815993968025
            ],
            [
                0.16194431256749636,
                0.1416749158582459
            ],
            [
                0.16266541877067733,
                0.13767655367231638
            ],
            [
                0.17466945024356298,
                0.14627927262967189
            ],
            [
                0.19822575711226675,
                0.16437480012791814
            ],
            [
                0.25912345032303125,
                0.1950254381006218
            ],
            [
                0.26625386996904027,
                0.25396825396825395
            ]
        ],
        "light": [
            [
                0.04022352472898407,
                0.034800150688126134
            ],
            [
                0.01967439851455419,
                0.020842253663334125
            ],
            [
                0.011037356368762826,
                0.014940509300085471
            ],
            [
                0.008922456806308333,
                0.012704360987364242
            ],
            [
                0.008503421530141487,
                0.013512397263102827
            ],
            [
                0.008892909437983456,
                0.015236761126165434
            ],
            [
                0.011932216985861827,
                0.021711366538952746
            ],
            [
                0.02267723469837076,
                0.03797274536824376
            ],
            [
                0.055593685655456415,
                0.0886426592797784
            ]
        ]
    },
    "btag_wp": 0.2783
}