{
    "pt_bins": [
        20,
        30,
        50,
        70,
        100,
        140,
        200,
        300,
        600,
        1000
    ],
    "eta_bins": [
        0.0,
        1.5,
        2.5
    ],
    "eff_map": {
        "b": [
            [
                0.9406657819066578,
                0.8968726731198808
            ],
            [
                0.9618949137206747,
                0.9078359890222423
            ],
            [
                0.9708794531722479,
                0.916973293768546
            ],
            [
                0.9738646298256108,
                0.9151912038159916
            ],
            [
                0.9738537225319777,
                0.9157416750756812
            ],
            [
                0.9745930246747858,
                0.9281905439033061
            ],
            [
                0.9763863093658796,
                0.9392212725546059
            ],
            [
                0.9733577671271497,
                0.9595375722543352
            ],
            [
                0.9904357066950054,
                1.0
            ]
        ],
        "c": [
            [
                0.5527166882276844,
                0.5509332134022937
            ],
            [
                0.5463507625272331,
                0.5178250204415372
            ],
            [
                0.5204458276036766,
                0.4823821339950372
            ],
            [
                0.5061063079129996,
                0.4557264446767209
            ],
            [
                0.5009020543560496,
                0.4645083932853717
            ],
            [
                0.5102120974076984,
                0.45671378091872794
            ],
            [
                0.5407185628742515,
                0.5419615773508595
            ],
            [
                0.6605714285714286,
                0.6553945249597424
            ],
            [
                0.6885456885456885,
                0.7377049180327869
            ]
        ],
        "light": [
            [
                0.22553963829649315,
                0.3435214867120677
            ],
            [
                0.10904246963537315,
                0.17408648766803891
            ],
            [
                0.08045514150894692,
                0.12554545151727126
            ],
            [
                0.06926381028727312,
                0.11306859793311091
            ],
            [
                0.06705458060678168,
                0.10809009729441557
            ],
            [
                0.07419672424595006,
                0.12056992337164751
            ],
            [
                0.09630379144098565,
                0.16113256113256114
            ],
            [
                0.19612429001002338,
                0.31756318859364874
            ],
            [
                0.3068094873756695,
                0.5047619047619047
            ]
        ]
    },
    "btag_wp": 0.049
}