{
    "pt_bins": [
        20,
        30,
        50,
        70,
        100,
        140,
        200,
        300,
        600,
        1000
    ],
    "eta_bins": [
        0.0,
        1.5,
        2.5
    ],
    "eff_map": {
        "b": [
            [
                0.8558379816248373,
                0.6335834815425324
            ],
            [
                0.898135624200329,
                0.729935143899473
            ],
            [
                0.8323285277413718,
                0.7435008665511266
            ],
            [
                0.5743405275779376,
                0.46875
            ],
            [
                0.24691358024691357,
                0.0
            ],
            [
                0.16666666666666666,
                0.0
            ],
            [
                0.0,
                0.0
            ],
            [
                0.0,
                0.0
            ],
            [
                0.0,
                0.0
            ]
        ],
        "c": [
            [
                0.4979993415554486,
                0.18392392717815345
            ],
            [
                0.3952766914993555,
                0.20230198985563794
            ],
            [
                0.32424508941659336,
                0.22569444444444445
            ],
            [
                0.2701612903225806,
                0.05263157894736842
            ],
            [
                0.15384615384615385,
                0.0
            ],
            [
                0.0,
                0.0
            ],
            [
                0.0,
                0.0
            ],
            [
                0.0,
                0.0
            ],
            [
                0.0,
                0.0
            ]
        ],
        "light": [
            [
                0.03234362904616378,
                0.027627233848023146
            ],
            [
                0.03165966409601018,
                0.020001757623692766
            ],
            [
                0.07199529826623567,
                0.03277476589452932
            ],
            [
                0.142761841227485,
                0.07728706624605679
            ],
            [
                0.21339950372208435,
                0.04895104895104895
            ],
            [
                0.11965811965811966,
                0.09523809523809523
            ],
            [
                0.2857142857142857,
                0.0
            ],
            [
                0.0,
                0.0
            ],
            [
                0.0,
                0.0
            ]
        ]
    },
    "btag_wp": 0.2783
}