{
    "pt_bins": [
        20,
        30,
        50,
        70,
        100,
        140,
        200,
        300,
        600,
        1000
    ],
    "eta_bins": [
        0.0,
        1.5,
        2.5
    ],
    "eff_map": {
        "b": [
            [
                0.792789076358236,
                0.6796280642434489
            ],
            [
                0.8589674616932672,
                0.7615427613191728
            ],
            [
                0.8836291496950383,
                0.7787624140565317
            ],
            [
                0.8904653337051192,
                0.7994538834951457
            ],
            [
                0.896738126039549,
                0.7965863100475101
            ],
            [
                0.9034423581667677,
                0.7966624342463269
            ],
            [
                0.9124171959085768,
                0.7948007670999361
            ],
            [
                0.9192920353982301,
                0.7693370165745856
            ],
            [
                0.0,
                0.0
            ]
        ],
        "c": [
            [
                0.24364258495995023,
                0.18110408029674885
            ],
            [
                0.21981870622167285,
                0.1896675008938148
            ],
            [
                0.18868274582560296,
                0.16341789052069425
            ],
            [
                0.18593780751820507,
                0.1409894898743912
            ],
            [
                0.19906386426031775,
                0.15377957299480668
            ],
            [
                0.22472544934496275,
                0.16432189082723692
            ],
            [
                0.26849510664247256,
                0.18621426663104462
            ],
            [
                0.2843562962093651,
                0.21150097465886938
            ],
            [
                0.0,
                0.0
            ]
        ],
        "light": [
            [
                0.0240373661426293,
                0.029147943161510835
            ],
            [
                0.013579874838229297,
                0.01834040134656582
            ],
            [
                0.010902181944297842,
                0.013692768506632435
            ],
            [
                0.009082367679298466,
                0.01424568880470384
            ],
            [
                0.00789700918439438,
                0.014253530889870894
            ],
            [
                0.010072283445905912,
                0.017471174516318154
            ],
            [
                0.012738388539100283,
                0.023230330922638615
            ],
            [
                0.01625722543352601,
                0.024650290003411804
            ],
            [
                0.0,
                0.0
            ]
        ]
    },
    "btag_wp": 0.2783
}