{
    "pt_bins": [
        20,
        30,
        50,
        70,
        100,
        140,
        200,
        300,
        600,
        1000
    ],
    "eta_bins": [
        0.0,
        1.5,
        2.5
    ],
    "eff_map": {
        "b": [
            [
                0.559931506849315,
                0.44114411441144114
            ],
            [
                0.6884387487942676,
                0.5145454545454545
            ],
            [
                0.7392150502757054,
                0.618421052631579
            ],
            [
                0.7573084677419355,
                0.6034985422740525
            ],
            [
                0.7642548596112311,
                0.577524893314367
            ],
            [
                0.785177151120752,
                0.5939470365699874
            ],
            [
                0.8097846121438728,
                0.6147540983606558
            ],
            [
                0.8111812051337829,
                0.5502645502645502
            ],
            [
                0.0,
                0.0
            ]
        ],
        "c": [
            [
                0.04383075753737015,
                0.03277027027027027
            ],
            [
                0.03491906411253269,
                0.034108135421930266
            ],
            [
                0.029674705131094582,
                0.026605179141539554
            ],
            [
                0.03189420458965383,
                0.028890347997373604
            ],
            [
                0.03741289809661881,
                0.02693847834000728
            ],
            [
                0.04605676148941091,
                0.037873523280055596
            ],
            [
                0.06346341463414634,
                0.044524669073405534
            ],
            [
                0.07933563035603852,
                0.0582010582010582
            ],
            [
                0.0,
                0.0
            ]
        ],
        "light": [
            [
                0.002555441327654575,
                0.0018934612471598082
            ],
            [
                0.0012017950863314824,
                0.0013933704898797302
            ],
            [
                0.0019258545979778526,
                0.0016767062038129542
            ],
            [
                0.0012738252500471786,
                0.0021413276231263384
            ],
            [
                0.0014298115712607874,
                0.0017266385800124317
            ],
            [
                0.0014379711534271645,
                0.002844860285750411
            ],
            [
                0.0018308020504982966,
                0.003261414952333166
            ],
            [
                0.0022420686820372932,
                0.003910776361529548
            ],
            [
                0.0,
                0.0
            ]
        ]
    },
    "btag_wp": 0.71
}