{
    "pt_bins": [
        20,
        30,
        50,
        70,
        100,
        140,
        200,
        300,
        600,
        1000
    ],
    "eta_bins": [
        0.0,
        1.5,
        2.5
    ],
    "eff_map": {
        "b": [
            [
                0.6192909487027134,
                0.4441904761904762
            ],
            [
                0.7397796024200518,
                0.5596280581384852
            ],
            [
                0.7807667085633094,
                0.6298932384341637
            ],
            [
                0.8036320095789263,
                0.6655225019069413
            ],
            [
                0.797713346286056,
                0.6518691588785047
            ],
            [
                0.8025808614043908,
                0.6483870967741936
            ],
            [
                0.7723276260990283,
                0.6435643564356436
            ],
            [
                0.7653429602888087,
                0.52
            ],
            [
                0.8235294117647058,
                1.0
            ]
        ],
        "c": [
            [
                0.04557538928978352,
                0.030874785591766724
            ],
            [
                0.032773780975219824,
                0.03768115942028986
            ],
            [
                0.037095501183898975,
                0.032397408207343416
            ],
            [
                0.0463768115942029,
                0.02147239263803681
            ],
            [
                0.05408970976253298,
                0.053811659192825115
            ],
            [
                0.04208416833667335,
                0.013245033112582781
            ],
            [
                0.06289308176100629,
                0.058823529411764705
            ],
            [
                0.0660377358490566,
                0.0
            ],
            [
                0.25,
                0.0
            ]
        ],
        "light": [
            [
                0.002604804417035866,
                0.002816540775828959
            ],
            [
                0.0017690728163007423,
                0.001405998928762721
            ],
            [
                0.002148381552563735,
                0.001686857843888974
            ],
            [
                0.0007422527370569679,
                0.0015044057597249087
            ],
            [
                0.0012695725772323319,
                0.0023537323470073975
            ],
            [
                0.0006376195536663124,
                0.0027685492801771874
            ],
            [
                0.0015866719555731853,
                0.004434589800443459
            ],
            [
                0.0033821871476888386,
                0.0036363636363636364
            ],
            [
                0.024390243902439025,
                0.0
            ]
        ]
    },
    "btag_wp": 0.71
}