{
    "pt_bins": [
        20,
        30,
        50,
        70,
        100,
        140,
        200,
        300,
        600,
        1000
    ],
    "eta_bins": [
        0.0,
        1.5,
        2.5
    ],
    "eff_map": {
        "b": [
            [
                0.762661914879035,
                0.6628214548126378
            ],
            [
                0.8428259989040051,
                0.738521356281091
            ],
            [
                0.863555669286931,
                0.7600126292525061
            ],
            [
                0.8721386184059539,
                0.7700082682280681
            ],
            [
                0.8846092584816322,
                0.7825872215216477
            ],
            [
                0.8964905526385051,
                0.8034687189566976
            ],
            [
                0.9026689550531055,
                0.8257106601737471
            ],
            [
                0.8990807871569135,
                0.8187038939210011
            ],
            [
                0.8561001042752867,
                0.7689075630252101
            ]
        ],
        "c": [
            [
                0.20611460228212336,
                0.17144087328723753
            ],
            [
                0.19414132910231088,
                0.17529302541487757
            ],
            [
                0.1829693242188244,
                0.15583179349347667
            ],
            [
                0.18532756039331527,
                0.15140889965574397
            ],
            [
                0.19637693695474878,
                0.1531724907701554
            ],
            [
                0.2100721026697475,
                0.16618561278863234
            ],
            [
                0.23046295573424935,
                0.17669611601933655
            ],
            [
                0.2617733935239369,
                0.21255630630630631
            ],
            [
                0.2852409638554217,
                0.22950819672131148
            ]
        ],
        "light": [
            [
                0.022153692854811276,
                0.03195607704358325
            ],
            [
                0.01280926701937638,
                0.01908771398377286
            ],
            [
                0.010060882800608828,
                0.015827625891203054
            ],
            [
                0.008347961269828013,
                0.013107635229141195
            ],
            [
                0.007649297279702594,
                0.01322169134088074
            ],
            [
                0.008436575319660819,
                0.015027975153747746
            ],
            [
                0.010625703808506338,
                0.02298600950987564
            ],
            [
                0.021198070017689547,
                0.042211981566820274
            ],
            [
                0.05838947706127687,
                0.0953525641025641
            ]
        ]
    },
    "btag_wp": 0.2783
}