{
    "pt_bins": [
        20,
        30,
        50,
        70,
        100,
        140,
        200,
        300,
        600,
        1000
    ],
    "eta_bins": [
        0.0,
        1.5,
        2.5
    ],
    "eff_map": {
        "b": [
            [
                0.9405776023270309,
                0.8847077662129704
            ],
            [
                0.9533619920512613,
                0.9090909090909091
            ],
            [
                0.9643889251421647,
                0.9240855762594893
            ],
            [
                0.966779800473105,
                0.9221238938053097
            ],
            [
                0.9691336373202385,
                0.9195402298850575
            ],
            [
                0.9700985389058784,
                0.9236363636363636
            ],
            [
                0.9709576138147566,
                0.9102564102564102
            ],
            [
                0.9791666666666666,
                0.9743589743589743
            ],
            [
                1.0,
                1.0
            ]
        ],
        "c": [
            [
                0.5492277992277992,
                0.5491329479768786
            ],
            [
                0.5452475811041548,
                0.51
            ],
            [
                0.5340817963111467,
                0.4967532467532468
            ],
            [
                0.4723441615452151,
                0.498220640569395
            ],
            [
                0.5194630872483221,
                0.42134831460674155
            ],
            [
                0.49780701754385964,
                0.5057471264367817
            ],
            [
                0.4898989898989899,
                0.45454545454545453
            ],
            [
                0.7215189873417721,
                0.7142857142857143
            ],
            [
                0.6,
                1.0
            ]
        ],
        "light": [
            [
                0.22415593456317437,
                0.3572526909277294
            ],
            [
                0.1086243262245137,
                0.1834683954619125
            ],
            [
                0.07547931382441977,
                0.12507856693903205
            ],
            [
                0.07233838019706801,
                0.1243366186504928
            ],
            [
                0.06847308678139875,
                0.10987482614742698
            ],
            [
                0.06921241050119331,
                0.07804878048780488
            ],
            [
                0.10194730813287514,
                0.2094240837696335
            ],
            [
                0.20594965675057209,
                0.25
            ],
            [
                0.417910447761194,
                0.5
            ]
        ]
    },
    "btag_wp": 0.049
}