{
    "pt_bins": [
        20,
        30,
        50,
        70,
        100,
        140,
        200,
        300,
        600,
        1000
    ],
    "eta_bins": [
        0.0,
        1.5,
        2.5
    ],
    "eff_map": {
        "b": [
            [
                0.5920605702013894,
                0.4344136483124857
            ],
            [
                0.6969237435008665,
                0.5308469778275537
            ],
            [
                0.7416939445281392,
                0.5852218514899006
            ],
            [
                0.7788224937790685,
                0.634188612250074
            ],
            [
                0.7936675271070606,
                0.6646196566363175
            ],
            [
                0.7859999886690047,
                0.6536536115434773
            ],
            [
                0.7761529665862025,
                0.6486712951879339
            ],
            [
                0.7479028842523433,
                0.6015006252605252
            ],
            [
                0.6796348619865247,
                0.5760869565217391
            ]
        ],
        "c": [
            [
                0.04263692419296337,
                0.03341063637435635
            ],
            [
                0.03819981130939237,
                0.03240212846826302
            ],
            [
                0.039378458918688804,
                0.02997679814385151
            ],
            [
                0.04181309904153355,
                0.03238356791394897
            ],
            [
                0.043196426625994114,
                0.0345708446866485
            ],
            [
                0.04989197947610046,
                0.040126459143968875
            ],
            [
                0.05344958301743745,
                0.04524714828897338
            ],
            [
                0.06444636678200692,
                0.04335260115606936
            ],
            [
                0.07174887892376682,
                0.02197802197802198
            ]
        ],
        "light": [
            [
                0.0020243859751473076,
                0.0024683055808159926
            ],
            [
                0.001278806061356351,
                0.0017473246807437866
            ],
            [
                0.0015043435854624203,
                0.0018024044446921976
            ],
            [
                0.0012858541947029852,
                0.0016004993557990092
            ],
            [
                0.0011613034427027866,
                0.0014680957723616052
            ],
            [
                0.000956098542848311,
                0.0021312731026674214
            ],
            [
                0.0013510885474774562,
                0.0028529570514303337
            ],
            [
                0.00274238791468823,
                0.005871594956203677
            ],
            [
                0.009337676438653637,
                0.008480104370515329
            ]
        ]
    },
    "btag_wp": 0.71
}