{
    "fitFunction": "zPeak_dscb",
    "parameters": {
        "nominal": {
            "normSig": {
                "value": 40.69390302135202,
                "error": 0.5976115921722975
            },
            "fraction_dscb": {
                "value": 0.9999987596816208,
                "error": 0.19821897385784
            },
            "mean": {
                "value": 91.8752792272749,
                "error": 0.2562925345672795
            },
            "sigma": {
                "value": 12.021594478223395,
                "error": 0.24710007002479806
            },
            "alphaL": {
                "value": 1.3370443981253752,
                "error": 0.08986568947726392
            },
            "nL": {
                "value": 9.999997963396925,
                "error": 6.612286532006122
            },
            "alphaR": {
                "value": 1.8014414656710618,
                "error": 0.034296673913163156
            },
            "nR": {
                "value": 1.0000100000489733,
                "error": 0.06466248417793208
            },
            "sigmaG": {
                "value": 11.670780309251091,
                "error": 5.808080550084912
            }
        },
        "btag_up": {
            "normSig": {
                "value": 40.87164617103806,
                "error": 0.1098861829672801
            },
            "fraction_dscb": {
                "value": 0.9999999986115624,
                "error": 0.9605935062685311
            },
            "mean": {
                "value": 91.8914141803506,
                "error": 0.03755325240860685
            },
            "sigma": {
                "value": 12.038353780816436,
                "error": 0.03270863815640723
            },
            "alphaL": {
                "value": 1.3418728235144537,
                "error": 0.011274871573714984
            },
            "nL": {
                "value": 9.999999386239503,
                "error": 0.17155413189002555
            },
            "alphaR": {
                "value": 1.7964599960350522,
                "error": 0.0059916343889931944
            },
            "nR": {
                "value": 1.0000100000036047,
                "error": 0.002458730770686368
            },
            "sigmaG": {
                "value": 13.433460535727482,
                "error": 8.085400295786867
            }
        },
        "btag_down": {
            "normSig": {
                "value": 40.48886309249472,
                "error": 0.37928006877935944
            },
            "fraction_dscb": {
                "value": 0.9999999133664966,
                "error": 0.7477639403361787
            },
            "mean": {
                "value": 91.85305951786246,
                "error": 0.13309518567137246
            },
            "sigma": {
                "value": 12.007121557110493,
                "error": 0.11709149173667743
            },
            "alphaL": {
                "value": 1.3353310443569788,
                "error": 0.04016722126908123
            },
            "nL": {
                "value": 9.99999998673556,
                "error": 1.9464889417267894
            },
            "alphaR": {
                "value": 1.8100141655392614,
                "error": 0.02072446752576873
            },
            "nR": {
                "value": 1.000010029687092,
                "error": 0.0246181041009349
            },
            "sigmaG": {
                "value": 8.869645333396983,
                "error": 7.471962495557822
            }
        }
    }
}