{
    "fitFunction": "zPeak_dscb",
    "parameters": {
        "nominal": {
            "normSig": {
                "value": 9.082845557872213,
                "error": 0.5660821490397046
            },
            "fraction_dscb": {
                "value": 0.6790880106239333,
                "error": 0.754490411753814
            },
            "mean": {
                "value": 123.31242195539119,
                "error": 1.2549897232976406
            },
            "sigma": {
                "value": 12.462532555303149,
                "error": 2.2045125976754845
            },
            "alphaL": {
                "value": 1.0828827155882106,
                "error": 0.4088033512601153
            },
            "nL": {
                "value": 9.999001181662349,
                "error": 7.540595031026314
            },
            "alphaR": {
                "value": 2.973863604227049,
                "error": 2.670356798300702
            },
            "nR": {
                "value": 9.92951893276152,
                "error": 7.275723954035501
            },
            "sigmaG": {
                "value": 15.149383421784744,
                "error": 4.100241778729594
            }
        },
        "btag_up": {
            "normSig": {
                "value": 9.18312188443476,
                "error": 0.5783636744770236
            },
            "fraction_dscb": {
                "value": 0.6526381086068752,
                "error": 0.7496094732244117
            },
            "mean": {
                "value": 123.1798415272267,
                "error": 1.2787972491388473
            },
            "sigma": {
                "value": 12.385237465478644,
                "error": 2.28181553719737
            },
            "alphaL": {
                "value": 1.0746485771740653,
                "error": 0.4288159987667428
            },
            "nL": {
                "value": 9.99907095875473,
                "error": 7.552513728811243
            },
            "alphaR": {
                "value": 2.996630510293125,
                "error": 2.514038477905336
            },
            "nR": {
                "value": 9.702422982734664,
                "error": 6.743986581170058
            },
            "sigmaG": {
                "value": 14.9636329897695,
                "error": 3.7864960267459633
            }
        },
        "btag_down": {
            "normSig": {
                "value": 8.982433141327942,
                "error": 0.55658132485829
            },
            "fraction_dscb": {
                "value": 0.7000054010897907,
                "error": 0.7572947624259799
            },
            "mean": {
                "value": 123.43498715770944,
                "error": 1.2420209069887775
            },
            "sigma": {
                "value": 12.552677802687198,
                "error": 2.1700863924160734
            },
            "alphaL": {
                "value": 1.0909621774677405,
                "error": 0.39114804469880443
            },
            "nL": {
                "value": 9.996182233718248,
                "error": 7.406406600378042
            },
            "alphaR": {
                "value": 2.976206736634244,
                "error": 2.6662484227196686
            },
            "nR": {
                "value": 9.925582135265596,
                "error": 7.263056183956589
            },
            "sigmaG": {
                "value": 15.28430458680737,
                "error": 4.309824446715689
            }
        }
    }
}