{
    "fitFunction": "zPeak_dscb",
    "parameters": {
        "nominal": {
            "normSig": {
                "value": 66.01144082561643,
                "error": 4.158618010749481
            },
            "fraction_dscb": {
                "value": 0.47334517646081564,
                "error": 0.4149213891034594
            },
            "mean": {
                "value": 93.170451170895,
                "error": 6.451459901471473
            },
            "sigma": {
                "value": 7.939191970203725,
                "error": 7.5981124419418515
            },
            "alphaL": {
                "value": 0.13943159186474988,
                "error": 1.5814288599331745
            },
            "nL": {
                "value": 1.0001000388015038,
                "error": 7.366953106017854
            },
            "alphaR": {
                "value": 1.6536193567401427,
                "error": 2.3264564659317806
            },
            "nR": {
                "value": 1.000010016369217,
                "error": 8.1816874970006
            },
            "sigmaG": {
                "value": 11.849607768332007,
                "error": 6.04161481790689
            }
        },
        "btag_up": {
            "normSig": {
                "value": 65.7694952188296,
                "error": 4.061828931364088
            },
            "fraction_dscb": {
                "value": 0.3877624655252879,
                "error": 0.14725876384311426
            },
            "mean": {
                "value": 92.14829353331083,
                "error": 3.0663228471680455
            },
            "sigma": {
                "value": 9.995602428939026,
                "error": 4.899133832634386
            },
            "alphaL": {
                "value": 0.00026736963086924535,
                "error": 2.4602435359886927
            },
            "nL": {
                "value": 1.00010377926936,
                "error": 4.644692781260055
            },
            "alphaR": {
                "value": 1.3624745102238964,
                "error": 2.1164094084641505
            },
            "nR": {
                "value": 1.0000499872110773,
                "error": 8.279748867991918
            },
            "sigmaG": {
                "value": 11.414031132601558,
                "error": 2.2908871018471677
            }
        },
        "btag_down": {
            "normSig": {
                "value": 66.22499415235735,
                "error": 4.104487892045508
            },
            "fraction_dscb": {
                "value": 0.49875763498716347,
                "error": 0.26241399431592416
            },
            "mean": {
                "value": 94.23486393039279,
                "error": 3.3914064243285864
            },
            "sigma": {
                "value": 6.434382649904812,
                "error": 8.726958927833987
            },
            "alphaL": {
                "value": 0.18061574979210038,
                "error": 0.35488772173834904
            },
            "nL": {
                "value": 1.0005274608937693,
                "error": 4.696137018858558
            },
            "alphaR": {
                "value": 2.4725851429917625,
                "error": 1.523743209081782
            },
            "nR": {
                "value": 1.0000263529369193,
                "error": 8.092289226706821
            },
            "sigmaG": {
                "value": 12.7812223629151,
                "error": 2.915639151061151
            }
        }
    }
}