{
    "fitFunction": "zPeak_dscb",
    "parameters": {
        "nominal": {
            "normSig": {
                "value": 2.543834644721643,
                "error": 0.30904112751143553
            },
            "fraction_dscb": {
                "value": 0.3904470681682177,
                "error": 0.15570819144964765
            },
            "mean": {
                "value": 115.96710541134495,
                "error": 2.4600310318556637
            },
            "sigma": {
                "value": 4.465564766981857,
                "error": 2.3017145635271126
            },
            "alphaL": {
                "value": 2.992399781134628,
                "error": 1.5551870127965257
            },
            "nL": {
                "value": 1.6005610599681908,
                "error": 7.9939536311951
            },
            "alphaR": {
                "value": 1.3466537030878424,
                "error": 0.2713881316773227
            },
            "nR": {
                "value": 9.99992483707224,
                "error": 7.674654653532276
            },
            "sigmaG": {
                "value": 14.784593018952124,
                "error": 1.4110744528354395
            }
        },
        "btag_up": {
            "normSig": {
                "value": 2.5309690192833267,
                "error": 0.30824138729290096
            },
            "fraction_dscb": {
                "value": 0.3876738954052328,
                "error": 0.15411550758409215
            },
            "mean": {
                "value": 115.94224326442604,
                "error": 2.367963281100195
            },
            "sigma": {
                "value": 3.457974851584952,
                "error": 2.064326816039123
            },
            "alphaL": {
                "value": 2.997955230927031,
                "error": 1.9354367404211914
            },
            "nL": {
                "value": 1.6029469952203697,
                "error": 7.432480411783308
            },
            "alphaR": {
                "value": 0.3458650144221821,
                "error": 0.25071421462919075
            },
            "nR": {
                "value": 9.999999999727796,
                "error": 7.502321510879803
            },
            "sigmaG": {
                "value": 14.825882609802775,
                "error": 1.395462498043834
            }
        },
        "btag_down": {
            "normSig": {
                "value": 2.552310716074876,
                "error": 0.31017642168754916
            },
            "fraction_dscb": {
                "value": 0.3933126737296969,
                "error": 0.15707974521269388
            },
            "mean": {
                "value": 115.9871601689844,
                "error": 2.4793263612368506
            },
            "sigma": {
                "value": 3.482820027982201,
                "error": 2.3513703164147426
            },
            "alphaL": {
                "value": 2.9688747232651,
                "error": 2.5087369099440417
            },
            "nL": {
                "value": 1.636100083086439,
                "error": 5.38081326184581
            },
            "alphaR": {
                "value": 0.3479470895071446,
                "error": 0.2750961221130699
            },
            "nR": {
                "value": 9.999668749520591,
                "error": 7.894824726756296
            },
            "sigmaG": {
                "value": 14.749825047467569,
                "error": 1.4161662642135964
            }
        }
    }
}