{
    "fitFunction": "zPeak_dscb",
    "parameters": {
        "nominal": {
            "normSig": {
                "value": 1887.9894623853093,
                "error": 18.96222767244262
            },
            "fraction_dscb": {
                "value": 0.723656986202349,
                "error": 0.08571604048190129
            },
            "mean": {
                "value": 92.04351631881869,
                "error": 0.20635567448746883
            },
            "sigma": {
                "value": 11.868583532866536,
                "error": 0.8056899039172727
            },
            "alphaL": {
                "value": 0.9934811842838901,
                "error": 0.0857208335528143
            },
            "nL": {
                "value": 35.669062618469354,
                "error": 32.095691539533135
            },
            "alphaR": {
                "value": 1.7357620271798695,
                "error": 0.09873808108341482
            },
            "nR": {
                "value": 0.7185276688690065,
                "error": 0.03993665588441664
            },
            "sigmaG": {
                "value": 9.407822658037443,
                "error": 0.8941546162955669
            }
        },
        "jet1_btag_up": {
            "normSig": {
                "value": 2002.5995584447319,
                "error": 20.079820432882716
            },
            "fraction_dscb": {
                "value": 0.7176771475795736,
                "error": 0.07995833685274034
            },
            "mean": {
                "value": 92.06589211746866,
                "error": 0.20246847613056929
            },
            "sigma": {
                "value": 11.877873031916401,
                "error": 0.8085900130509316
            },
            "alphaL": {
                "value": 0.9894386477993807,
                "error": 0.08436328782330582
            },
            "nL": {
                "value": 32.0912389514957,
                "error": 28.330353245087476
            },
            "alphaR": {
                "value": 1.7294034111803551,
                "error": 0.09366312538545168
            },
            "nR": {
                "value": 0.7098406707335652,
                "error": 0.038160880295931454
            },
            "sigmaG": {
                "value": 9.431171018709467,
                "error": 0.8899599596632077
            }
        },
        "jet1_btag_down": {
            "normSig": {
                "value": 1773.2935246589261,
                "error": 17.983578719232753
            },
            "fraction_dscb": {
                "value": 0.7307837909441723,
                "error": 0.08797205371081168
            },
            "mean": {
                "value": 92.0192579902617,
                "error": 0.20309031129615107
            },
            "sigma": {
                "value": 11.853700501205822,
                "error": 0.7876084719529013
            },
            "alphaL": {
                "value": 0.9968374366378357,
                "error": 0.08783478035134758
            },
            "nL": {
                "value": 43.596400568672514,
                "error": 38.22769147444393
            },
            "alphaR": {
                "value": 1.7428282703725122,
                "error": 0.10058336691667871
            },
            "nR": {
                "value": 0.7289248681219677,
                "error": 0.03989459364999476
            },
            "sigmaG": {
                "value": 9.380917300160913,
                "error": 0.9210189261605874
            }
        }
    }
}