{
    "fitFunction": "zPeak_dscb",
    "parameters": {
        "nominal": {
            "normSig": {
                "value": 194.58281339816548,
                "error": 4.572797500585131
            },
            "fraction_dscb": {
                "value": 0.8160612873925361,
                "error": 0.17437161061232898
            },
            "mean": {
                "value": 92.86007773898716,
                "error": 0.46830502669627094
            },
            "sigma": {
                "value": 11.695060693912623,
                "error": 1.0830167997190738
            },
            "alphaL": {
                "value": 0.9998738470326793,
                "error": 0.15304629411314874
            },
            "nL": {
                "value": 9.994163952024053,
                "error": 8.657961143466022
            },
            "alphaR": {
                "value": 1.7409158629144328,
                "error": 0.13686164527587882
            },
            "nR": {
                "value": 1.10000000216897,
                "error": 1.8923806370327345
            },
            "sigmaG": {
                "value": 14.99998433982139,
                "error": 7.63753465363964
            }
        },
        "btag_up": {
            "normSig": {
                "value": 198.90865442101307,
                "error": 4.7304628080799285
            },
            "fraction_dscb": {
                "value": 0.8131543080365133,
                "error": 0.19762405818387002
            },
            "mean": {
                "value": 92.82074194942349,
                "error": 0.4944537632175141
            },
            "sigma": {
                "value": 11.753601238057831,
                "error": 1.3139673791730502
            },
            "alphaL": {
                "value": 1.014581497599353,
                "error": 0.1903926836174232
            },
            "nL": {
                "value": 9.998599921306631,
                "error": 8.539279415580168
            },
            "alphaR": {
                "value": 1.7392863491004245,
                "error": 0.16001895561304655
            },
            "nR": {
                "value": 1.10000030621263,
                "error": 1.8225933925243933
            },
            "sigmaG": {
                "value": 14.999988453162462,
                "error": 8.318932336726135
            }
        },
        "btag_down": {
            "normSig": {
                "value": 189.93587785167014,
                "error": 4.427439451418651
            },
            "fraction_dscb": {
                "value": 0.8388850264298799,
                "error": 0.17136135770093947
            },
            "mean": {
                "value": 92.88745148016619,
                "error": 0.4617852345148279
            },
            "sigma": {
                "value": 11.716358780264988,
                "error": 1.0416338283323325
            },
            "alphaL": {
                "value": 1.0004547285019312,
                "error": 0.1478929031952843
            },
            "nL": {
                "value": 9.999895066991554,
                "error": 8.793076753502543
            },
            "alphaR": {
                "value": 1.7548620747762782,
                "error": 0.13274655880505046
            },
            "nR": {
                "value": 1.1000020317020665,
                "error": 1.0680714515230383
            },
            "sigmaG": {
                "value": 14.99999977222226,
                "error": 7.2072408519071445
            }
        }
    }
}