{
    "fitFunction": "zPeak_dscb",
    "parameters": {
        "nominal": {
            "normSig": {
                "value": 18.588562892318635,
                "error": 0.0
            },
            "fraction_dscb": {
                "value": 0.530036220884537,
                "error": 0.0
            },
            "mean": {
                "value": 121.39505816499702,
                "error": 0.0
            },
            "sigma": {
                "value": 13.01321844686484,
                "error": 0.0
            },
            "alphaL": {
                "value": 0.8435217089284454,
                "error": 0.0
            },
            "nL": {
                "value": 6.830684078943644,
                "error": 0.0
            },
            "alphaR": {
                "value": 2.999991774340461,
                "error": 0.0
            },
            "nR": {
                "value": 6.678883241950728e-07,
                "error": 0.0
            },
            "sigmaG": {
                "value": 16.409899024687867,
                "error": 0.0
            }
        },
        "btag_up": {
            "normSig": {
                "value": 18.521766496931022,
                "error": 0.3709974449918249
            },
            "fraction_dscb": {
                "value": 0.5332722107990717,
                "error": 0.13758227399240783
            },
            "mean": {
                "value": 121.36698030630546,
                "error": 0.29271743797330174
            },
            "sigma": {
                "value": 13.022505325486062,
                "error": 0.041291718688567514
            },
            "alphaL": {
                "value": 0.8544447382353199,
                "error": 0.17324496981526477
            },
            "nL": {
                "value": 6.833381268422842,
                "error": 7.212021281327708
            },
            "alphaR": {
                "value": 2.999999916787428,
                "error": 0.44101390159930376
            },
            "nR": {
                "value": 4.866501700418107e-07,
                "error": 0.27230335118716154
            },
            "sigmaG": {
                "value": 16.52403140779037,
                "error": 0.9570701004255806
            }
        },
        "btag_down": {
            "normSig": {
                "value": 18.62807353699498,
                "error": 0.36672620458098576
            },
            "fraction_dscb": {
                "value": 0.525650493097852,
                "error": 0.14584380593669866
            },
            "mean": {
                "value": 121.39678436602131,
                "error": 0.4668534486012206
            },
            "sigma": {
                "value": 13.051929230924664,
                "error": 0.649900264849947
            },
            "alphaL": {
                "value": 0.8320226655125683,
                "error": 0.19787480875858826
            },
            "nL": {
                "value": 7.098841573164629,
                "error": 8.92870905374641
            },
            "alphaR": {
                "value": 2.9892342115747854,
                "error": 0.2183656576437294
            },
            "nR": {
                "value": 0.0002096489949780455,
                "error": 0.13792491053457107
            },
            "sigmaG": {
                "value": 16.270331271122945,
                "error": 0.9448647933031076
            }
        }
    }
}