{
    "normSig": {
        "value": 1101.0424619340372,
        "error": 11.819334984460852
    },
    "fraction_dscb": {
        "value": 0.38077158162527114,
        "error": 0.04173753280235817
    },
    "mean": {
        "value": 91.5091648312208,
        "error": 0.15329897266649795
    },
    "sigma": {
        "value": 21.91369826520061,
        "error": 1.5931012854063926
    },
    "alphaR": {
        "value": 1.4439259985998687,
        "error": 0.11667506461420162
    },
    "nR": {
        "value": 0.6022073599872807,
        "error": 0.05879431447039213
    },
    "sigmaG": {
        "value": 9.816187164511883,
        "error": 0.3359459144429353
    }
}