{
    "normSig": {
        "value": 1177.606617379347,
        "error": 12.501446000904988
    },
    "fraction_dscb": {
        "value": 0.7365614293517229,
        "error": 0.04566092556546553
    },
    "mean": {
        "value": 92.09635430188824,
        "error": 0.18814599981071467
    },
    "sigma": {
        "value": 10.37284307753474,
        "error": 0.4732951621630104
    },
    "alphaL": {
        "value": 0.9915976849564856,
        "error": 0.0491585219477372
    },
    "nL": {
        "value": 12.863236653181277,
        "error": 1.9891554026675333
    },
    "alphaR": {
        "value": 1.807392246952773,
        "error": 0.009244087894420763
    },
    "nR": {
        "value": 0.6697325631151442,
        "error": 0.035443276666710655
    },
    "sigmaG": {
        "value": 12.057541610278195,
        "error": 0.6847450716848176
    }
}