{
    "fitFunction": "zPeak_dscb",
    "parameters": {
        "nominal": {
            "normSig": {
                "value": 51.35519810243986,
                "error": 0.0
            },
            "fraction_dscb": {
                "value": 0.37147798965171014,
                "error": 0.0
            },
            "mean": {
                "value": 122.89231067349877,
                "error": 0.0
            },
            "sigma": {
                "value": 15.256137233777471,
                "error": 0.0
            },
            "alphaL": {
                "value": 1.1206352763308063,
                "error": 0.0
            },
            "nL": {
                "value": 1.4238688222546616,
                "error": 0.0
            },
            "alphaR": {
                "value": 2.0425380499507324,
                "error": 0.0
            },
            "nR": {
                "value": 0.04153828533545538,
                "error": 0.0
            },
            "sigmaG": {
                "value": 14.923657307426376,
                "error": 0.0
            }
        },
        "btag_up": {
            "normSig": {
                "value": 51.817548168856085,
                "error": 0.9798478063938671
            },
            "fraction_dscb": {
                "value": 0.2607662151236981,
                "error": 0.041736864108506216
            },
            "mean": {
                "value": 123.26285979375122,
                "error": 0.12178979220519892
            },
            "sigma": {
                "value": 16.185438715425505,
                "error": 0.06373537923542294
            },
            "alphaL": {
                "value": 0.5151810024429714,
                "error": 0.07837149693985043
            },
            "nL": {
                "value": 99.12099105591962,
                "error": 84.5185133664371
            },
            "alphaR": {
                "value": 1.9120685041831142,
                "error": 0.013400351459627702
            },
            "nR": {
                "value": 1.0000039488811486e-07,
                "error": 0.29946225195753695
            },
            "sigmaG": {
                "value": 14.564697304811796,
                "error": 0.3682117117797681
            }
        },
        "btag_down": {
            "normSig": {
                "value": 50.758964364181345,
                "error": 1.2868840425440156
            },
            "fraction_dscb": {
                "value": 0.6833722659217069,
                "error": 0.7830913432558372
            },
            "mean": {
                "value": 122.8140027555757,
                "error": 0.5553803755181974
            },
            "sigma": {
                "value": 15.131167548587804,
                "error": 1.0530333951627338
            },
            "alphaL": {
                "value": 1.4517481445464777,
                "error": 0.45981498328218623
            },
            "nL": {
                "value": 1.7806155371538064,
                "error": 1.7145513939410386
            },
            "alphaR": {
                "value": 2.3310798875348246,
                "error": 0.24955992401380822
            },
            "nR": {
                "value": 1.0995746614591479e-07,
                "error": 0.18463980359642018
            },
            "sigmaG": {
                "value": 15.091640174915769,
                "error": 1.865442254241179
            }
        }
    }
}