{
    "ET_bins": [
        0.0,
        22.857142857142858,
        45.714285714285715,
        68.57142857142857,
        91.42857142857143,
        114.28571428571428,
        137.14285714285714,
        160.0,
        182.85714285714286,
        205.7142857142857,
        228.57142857142856,
        251.42857142857142,
        274.2857142857143,
        297.14285714285717,
        320.0,
        342.85714285714283,
        365.7142857142857,
        388.57142857142856,
        411.4285714285714,
        434.2857142857143,
        457.1428571428571,
        480.0,
        502.85714285714283,
        525.7142857142857,
        548.5714285714286,
        571.4285714285714,
        594.2857142857143,
        617.1428571428572,
        640.0,
        662.8571428571429,
        685.7142857142857,
        708.5714285714286,
        731.4285714285714,
        754.2857142857142,
        777.1428571428571,
        800.0
    ],
    "ET_counts": [
        0.0,
        0.0,
        0.0,
        0.0,
        907.2815458634653,
        2500.1385102698214,
        1668.502623647313,
        1057.0918404323356,
        734.360976162389,
        518.4087842614821,
        367.9115466895977,
        259.9102418206541,
        191.3671950942939,
        146.79782892578572,
        108.75127016457478,
        81.33027013641032,
        64.8877536865181,
        49.674171965536935,
        39.439351453990376,
        32.56361920146741,
        25.61226019639247,
        21.02423720845522,
        17.104250534695645,
        14.747216746937024,
        11.886004608856084,
        9.12562814083967,
        7.405119520363685,
        6.409367278476485,
        5.527055165411878,
        5.073294650121508,
        4.241400372089164,
        3.541852911016511,
        3.283461506476162,
        2.7729809267744963,
        2.432660540306719
    ],
    "ET_errors": [
        0.0,
        0.0,
        0.0,
        0.0,
        3.361540858203509,
        5.615731971182415,
        4.945929227935359,
        4.051010100479414,
        3.5259607584533414,
        3.0486639711383727,
        2.5988272753703825,
        2.2098729349630934,
        1.8812444997888293,
        1.6150069938365283,
        1.40000305687561,
        1.211848409670397,
        1.0645732134963841,
        0.9408702910670763,
        0.8218068446183935,
        0.7387600052794723,
        0.6542794735302988,
        0.5849202266866902,
        0.5281102764715216,
        0.4785546328388277,
        0.44070566738318784,
        0.38910844079297074,
        0.3596690644055166,
        0.3264408817482418,
        0.3051867184482994,
        0.2803606789366641,
        0.25185273067425307,
        0.23224377969753357,
        0.21822464590414808,
        0.20304527268935177,
        0.18460261546148968
    ],
    "pT_bins": [
        30.0,
        40.0,
        50.0,
        60.0,
        70.0,
        80.0,
        90.0,
        100.0,
        110.0,
        120.0,
        130.0,
        140.0,
        150.0,
        165.0,
        180.0,
        200.0,
        220.0,
        250.0,
        280.0,
        310.0,
        400.0
    ],
    "pT_counts": [
        2559.341653055105,
        1865.5544296441453,
        1332.492962070343,
        884.9905605499328,
        609.4381854117972,
        422.04769705571925,
        304.63716372383976,
        216.57611261041842,
        161.0030539461219,
        117.70673811217802,
        88.40767372906228,
        66.74060912395325,
        71.1836808361702,
        49.554429607335344,
        45.90543879687632,
        27.7802271027804,
        24.597601266367885,
        14.224131708477293,
        8.230711569016997,
        10.713789944355963
    ],
    "pT_errors": [
        6.033189062955327,
        5.277773763335929,
        4.4493739415770115,
        3.6666032557950907,
        3.0522445775604354,
        2.5690224666655475,
        2.1774362111836467,
        1.8523945027853554,
        1.5824871617325427,
        1.3662180943695332,
        1.180318560956567,
        1.0208055369406603,
        1.065747797036527,
        0.8835941354964663,
        0.8335636487294402,
        0.6614639341096576,
        0.6274121779114032,
        0.4742610808525967,
        0.35650793044057383,
        0.4010714217456421
    ]
}