{
    "bins": [
        30.0,
        40.0,
        50.0,
        60.0,
        70.0,
        80.0,
        90.0,
        100.0,
        110.0,
        120.0,
        130.0,
        140.0,
        150.0,
        165.0,
        180.0,
        200.0,
        220.0,
        250.0,
        280.0,
        310.0,
        400.0
    ],
    "kfactor": [
        1.5702484799485752,
        1.5808341563196848,
        1.606923313489164,
        1.5877653551306834,
        1.6174121151163734,
        1.5815793686392914,
        1.5843063845518215,
        1.5645576965303525,
        1.5940192218882172,
        1.5764939338671147,
        1.5805060852280617,
        1.5653938028045442,
        1.5466208597375493,
        1.5588016389486101,
        1.6236856732665013,
        1.5193818798405965,
        1.4736292702186762,
        1.4926710838861394,
        1.4342984741490612,
        1.4516202518245098
    ],
    "kfactor_error": [
        0.008794340511926091,
        0.010287504029479963,
        0.01215908898858383,
        0.014135532897823386,
        0.016312467184733528,
        0.01525309235770314,
        0.0140629837492978,
        0.013509118567073302,
        0.015819024256821284,
        0.018465402480653394,
        0.0212887686379052,
        0.02414618480720494,
        0.02333089890900044,
        0.027977221797121688,
        0.02960972266074194,
        0.03621773233321745,
        0.03762507034184577,
        0.04981066517130299,
        0.06215429748550375,
        0.0543550445547168
    ]
}