{
    "ET_bins": [
        0.0,
        22.857142857142858,
        45.714285714285715,
        68.57142857142857,
        91.42857142857143,
        114.28571428571428,
        137.14285714285714,
        160.0,
        182.85714285714286,
        205.7142857142857,
        228.57142857142856,
        251.42857142857142,
        274.2857142857143,
        297.14285714285717,
        320.0,
        342.85714285714283,
        365.7142857142857,
        388.57142857142856,
        411.4285714285714,
        434.2857142857143,
        457.1428571428571,
        480.0,
        502.85714285714283,
        525.7142857142857,
        548.5714285714286,
        571.4285714285714,
        594.2857142857143,
        617.1428571428572,
        640.0,
        662.8571428571429,
        685.7142857142857,
        708.5714285714286,
        731.4285714285714,
        754.2857142857142,
        777.1428571428571,
        800.0
    ],
    "ET_counts": [
        0.0,
        0.0,
        0.0,
        0.0,
        526.3572725534226,
        1452.0910339543111,
        1081.305355813704,
        679.2442838007322,
        458.92929383718496,
        342.29464016949026,
        244.62851269484025,
        179.42090267240235,
        133.78231601359383,
        101.07124068832722,
        77.57226045525904,
        60.38804934167344,
        47.45930501601602,
        37.778840156382735,
        30.68796986879615,
        24.82964530082621,
        20.271892828249488,
        16.652011394574533,
        13.816698659573964,
        11.51823032189747,
        9.659270323233544,
        8.148623024922523,
        6.922368304776793,
        5.93167752447283,
        5.077898354266926,
        4.353463612364844,
        3.750172033178612,
        3.2454389764689853,
        2.813800634260318,
        2.4554688933539603,
        20.154596545162363
    ],
    "ET_errors": [
        0.0,
        0.0,
        0.0,
        0.0,
        4.852919864504813,
        8.060458158832011,
        6.95563818597788,
        5.512845256341752,
        3.9780708042508524,
        0.26521896377377824,
        0.2242115917939933,
        0.19201760264248,
        0.16580738867607792,
        0.14411803199232032,
        0.12625766347861286,
        0.11139867496848538,
        0.09875639126288552,
        0.06738430505625131,
        0.028257068403677574,
        0.025417233647503538,
        0.022966254555320365,
        0.02081499798147816,
        0.018960298323968533,
        0.01731154793753353,
        0.015853135936021306,
        0.014560796651684155,
        0.008895905237653216,
        0.006079967534024535,
        0.0056254140759716825,
        0.005208707301656651,
        0.0048343499978290285,
        0.004497272649730238,
        0.004187541803301114,
        0.003911827651844315,
        0.008539314294261104
    ],
    "pT_bins": [
        30.0,
        40.0,
        50.0,
        60.0,
        70.0,
        80.0,
        90.0,
        100.0,
        110.0,
        120.0,
        130.0,
        140.0,
        150.0,
        165.0,
        180.0,
        200.0,
        220.0,
        250.0,
        280.0,
        310.0,
        400.0
    ],
    "pT_counts": [
        1629.895959612024,
        1180.1076173526724,
        829.2200075043148,
        557.3812010006304,
        376.7983309361745,
        266.85205018754584,
        192.284249242622,
        138.42641475652147,
        101.00446201357819,
        74.66361625854483,
        55.93630708249083,
        42.63502832602341,
        46.02529468550526,
        31.79008051387418,
        28.272367954398828,
        18.283900493597383,
        16.691851718388964,
        9.529314168426877,
        5.738492871157868,
        7.380573487377317
    ],
    "pT_errors": [
        8.280418259532919,
        6.916055817163025,
        5.630456355934842,
        4.392160541117117,
        3.298546757214153,
        1.9962031965497933,
        1.0120486066396834,
        0.16371076295557507,
        0.1384056864977508,
        0.11738244367888527,
        0.09981709058391676,
        0.08516000849027906,
        0.0849269437081904,
        0.06507680066800066,
        0.047586486418791096,
        0.020563511256326814,
        0.0189311631771876,
        0.013058593521999517,
        0.007541622715066573,
        0.006169561477281933
    ]
}