{
    "normSig": {
        "value": 1034.0068011032963,
        "error": 9.96931215499445
    },
    "fraction_dscb": {
        "value": 0.6744657021296335,
        "error": 0.08803104775540754
    },
    "mean": {
        "value": 90.96528996982137,
        "error": 0.23682580820092625
    },
    "sigma": {
        "value": 12.083897025099512,
        "error": 0.953717379365238
    },
    "alphaL": {
        "value": 0.7606620003931731,
        "error": 0.09620570017315498
    },
    "nL": {
        "value": 126.3881547185742,
        "error": 167.64621036715093
    },
    "alphaR": {
        "value": 1.3385624813897234,
        "error": 0.15569260114465802
    },
    "nR": {
        "value": 0.6236407376069293,
        "error": 0.038716167152461234
    },
    "sigmaG": {
        "value": 11.383279498593948,
        "error": 0.4838608948009142
    }
}