{
    "fitFunction": "zPeak_dscb",
    "parameters": {
        "nominal": {
            "normSig": {
                "value": 1150.36163016118,
                "error": 14.525647323559143
            },
            "fraction_dscb": {
                "value": 0.41921741475528057,
                "error": 0.07195999290817526
            },
            "mean": {
                "value": 91.03912862132421,
                "error": 0.3312409812126518
            },
            "sigma": {
                "value": 10.625985537752875,
                "error": 1.862306321460104
            },
            "alphaL": {
                "value": 0.40063486731017856,
                "error": 0.14251860137812283
            },
            "nL": {
                "value": 8.745766446071363,
                "error": 1.7059560250935695
            },
            "alphaR": {
                "value": 0.963545974742691,
                "error": 0.2816360279780564
            },
            "nR": {
                "value": 0.9142614897711773,
                "error": 0.0995402294949021
            },
            "sigmaG": {
                "value": 12.06389663064265,
                "error": 0.30236622430923
            }
        },
        "btag_up": {
            "normSig": {
                "value": 1226.9318911727867,
                "error": 15.84812301906757
            },
            "fraction_dscb": {
                "value": 0.4258201869221431,
                "error": 0.0683725623372968
            },
            "mean": {
                "value": 91.08987420779648,
                "error": 0.3845726285953788
            },
            "sigma": {
                "value": 10.545408865900821,
                "error": 2.437266125592277
            },
            "alphaL": {
                "value": 0.4044317927098034,
                "error": 0.14369718411115065
            },
            "nL": {
                "value": 8.725987533287974,
                "error": 1.6735839924258866
            },
            "alphaR": {
                "value": 0.9980943350312896,
                "error": 0.27885744522706707
            },
            "nR": {
                "value": 0.8463910778933055,
                "error": 0.09096591271026494
            },
            "sigmaG": {
                "value": 12.091281255357268,
                "error": 0.29696614806070976
            }
        },
        "btag_down": {
            "normSig": {
                "value": 1076.32081213917,
                "error": 13.893145444995724
            },
            "fraction_dscb": {
                "value": 0.41115634415504554,
                "error": 0.06652669936956151
            },
            "mean": {
                "value": 90.99037654406277,
                "error": 0.39230811487526296
            },
            "sigma": {
                "value": 10.670640527842895,
                "error": 2.2097547230876087
            },
            "alphaL": {
                "value": 0.3920560265015664,
                "error": 0.11363618139684517
            },
            "nL": {
                "value": 9.172672788789557,
                "error": 1.2848415155259585
            },
            "alphaR": {
                "value": 0.9224300317687455,
                "error": 0.23373291155288492
            },
            "nR": {
                "value": 0.9966175782854658,
                "error": 0.10290112395293999
            },
            "sigmaG": {
                "value": 12.0351223568627,
                "error": 0.287890736858035
            }
        }
    }
}