{
    "fitFunction": "zPeak_dscb",
    "parameters": {
        "nominal": {
            "normSig": {
                "value": 2192.478572373716,
                "error": 36.60354374617339
            },
            "fraction_dscb": {
                "value": 0.721080462584104,
                "error": 0.07921435303307534
            },
            "mean": {
                "value": 91.89366030647969,
                "error": 0.3396029020211202
            },
            "sigma": {
                "value": 13.766609537266955,
                "error": 1.2480263657198085
            },
            "alphaL": {
                "value": 1.0651914064299144,
                "error": 0.12070466322444215
            },
            "nL": {
                "value": 4.073421610944849,
                "error": 3.32648970575105
            },
            "alphaR": {
                "value": 1.6005507431397128,
                "error": 0.0914424770863376
            },
            "nR": {
                "value": 0.9393328725137174,
                "error": 0.08342983415300809
            },
            "sigmaG": {
                "value": 10.024831541926666,
                "error": 1.0746201811995721
            }
        },
        "jet1_btag_up": {
            "normSig": {
                "value": 2264.519669941358,
                "error": 37.0032679845938
            },
            "fraction_dscb": {
                "value": 0.7161016635958933,
                "error": 0.07881490560374083
            },
            "mean": {
                "value": 91.90804091013275,
                "error": 0.33598838976764966
            },
            "sigma": {
                "value": 13.816486910349575,
                "error": 1.4413817144600136
            },
            "alphaL": {
                "value": 1.0627859234621266,
                "error": 0.11529043462738502
            },
            "nL": {
                "value": 4.034848171741565,
                "error": 3.273412409754912
            },
            "alphaR": {
                "value": 1.5962768702604966,
                "error": 0.09501138026480536
            },
            "nR": {
                "value": 0.9204367596807241,
                "error": 0.0843064156974615
            },
            "sigmaG": {
                "value": 10.05885859931479,
                "error": 1.1453390261161056
            }
        },
        "jet1_btag_down": {
            "normSig": {
                "value": 2120.439037976599,
                "error": 35.11365526329335
            },
            "fraction_dscb": {
                "value": 0.7226111155385905,
                "error": 0.07834826788850113
            },
            "mean": {
                "value": 91.88044397409209,
                "error": 0.3397211060296286
            },
            "sigma": {
                "value": 13.740952447035554,
                "error": 1.219041565904126
            },
            "alphaL": {
                "value": 1.0611524477776597,
                "error": 0.11753032955691399
            },
            "nL": {
                "value": 4.188504824828341,
                "error": 3.3511531223021347
            },
            "alphaR": {
                "value": 1.6008921226617878,
                "error": 0.08903827073922586
            },
            "nR": {
                "value": 0.9618851465332183,
                "error": 0.08446666728690655
            },
            "sigmaG": {
                "value": 9.99556825258838,
                "error": 0.9884802655106295
            }
        }
    }
}