{
    "normSig": {
        "value": 3787.770658394816,
        "error": 40.39746257762649
    },
    "fraction_dscb": {
        "value": 0.4136517768684328,
        "error": 0.0526540587389378
    },
    "mean": {
        "value": 91.74430536803624,
        "error": 0.28063070651560196
    },
    "sigma": {
        "value": 10.80289668101754,
        "error": 2.6392840824373014
    },
    "alphaL": {
        "value": 0.3667680047676055,
        "error": 0.12206517592705518
    },
    "nL": {
        "value": 11.143560200917946,
        "error": 2.847666533588221
    },
    "alphaR": {
        "value": 0.8214964505583942,
        "error": 0.22416895579415425
    },
    "nR": {
        "value": 1.1993722206952844,
        "error": 0.123161675002607
    },
    "sigmaG": {
        "value": 11.506075361706529,
        "error": 0.22335757016102686
    }
}