{
    "fitFunction": "zPeak_dscb",
    "parameters": {
        "nominal": {
            "normSig": {
                "value": 83.72966225781903,
                "error": 0.8511656570065771
            },
            "fraction_dscb": {
                "value": 0.303043712233342,
                "error": 0.06200944995147134
            },
            "mean": {
                "value": 123.69063971808245,
                "error": 0.33803016796331065
            },
            "sigma": {
                "value": 11.703901538417435,
                "error": 1.5043371293779124
            },
            "alphaL": {
                "value": 0.4660585961274481,
                "error": 0.09770637262950593
            },
            "nL": {
                "value": 99.95659266742027,
                "error": 84.44472574535877
            },
            "alphaR": {
                "value": 2.541172966813873,
                "error": 0.7909723839362108
            },
            "nR": {
                "value": 0.0017560585386596282,
                "error": 15.248983564260936
            },
            "sigmaG": {
                "value": 15.191838289331777,
                "error": 0.2800614041972791
            }
        },
        "btag_up": {
            "normSig": {
                "value": 85.38050882179353,
                "error": 0.8836944447390384
            },
            "fraction_dscb": {
                "value": 0.3026178075999112,
                "error": 0.054956720841707093
            },
            "mean": {
                "value": 123.71225277103926,
                "error": 0.3267615339618999
            },
            "sigma": {
                "value": 11.676471293343898,
                "error": 1.204012054936502
            },
            "alphaL": {
                "value": 0.46753473959858605,
                "error": 0.07786554519183289
            },
            "nL": {
                "value": 99.99800810235764,
                "error": 58.43663917616689
            },
            "alphaR": {
                "value": 2.555345667029339,
                "error": 0.22760019969296796
            },
            "nR": {
                "value": 0.000208721823654423,
                "error": 2.5645363500211285
            },
            "sigmaG": {
                "value": 15.179738989113622,
                "error": 0.25583925734353663
            }
        },
        "btag_down": {
            "normSig": {
                "value": 82.056930098005,
                "error": 0.8262162023305252
            },
            "fraction_dscb": {
                "value": 0.3036236546030938,
                "error": 0.06057126446789238
            },
            "mean": {
                "value": 123.66787466188346,
                "error": 0.33462492333232063
            },
            "sigma": {
                "value": 11.750492314286427,
                "error": 1.4151587745909326
            },
            "alphaL": {
                "value": 0.46590891768030523,
                "error": 0.09267923143382717
            },
            "nL": {
                "value": 99.98953977263079,
                "error": 91.28237460416636
            },
            "alphaR": {
                "value": 2.5180829636323505,
                "error": 0.5665584093994156
            },
            "nR": {
                "value": 0.008794990378018385,
                "error": 2.4000788369680937
            },
            "sigmaG": {
                "value": 15.199874887825136,
                "error": 0.2751589892533435
            }
        }
    }
}