{
    "normSig": {
        "value": 4049.0537510245704,
        "error": 41.51691985504066
    },
    "fraction_dscb": {
        "value": 0.41411160199296276,
        "error": 0.049214165719130065
    },
    "mean": {
        "value": 91.7421498471489,
        "error": 0.2691589962007441
    },
    "sigma": {
        "value": 10.809693193987671,
        "error": 2.376528552945005
    },
    "alphaL": {
        "value": 0.3680688795987472,
        "error": 0.10986296461003939
    },
    "nL": {
        "value": 10.75551072722984,
        "error": 2.370358359149556
    },
    "alphaR": {
        "value": 0.8241988623194046,
        "error": 0.2034796007244672
    },
    "nR": {
        "value": 1.2014983134833168,
        "error": 0.10741044479285433
    },
    "sigmaG": {
        "value": 11.497068761908467,
        "error": 0.21320302360590837
    }
}