{
    "fitFunction": "zPeak_dscb",
    "parameters": {
        "nominal": {
            "normSig": {
                "value": 3575.304699507012,
                "error": 26.86843065951189
            },
            "fraction_dscb": {
                "value": 0.3700024726841596,
                "error": 0.04607729519257717
            },
            "mean": {
                "value": 92.79557883404405,
                "error": 0.23886305022968912
            },
            "sigma": {
                "value": 8.263647065806909,
                "error": 2.818126566663063
            },
            "alphaL": {
                "value": 0.28693993926450906,
                "error": 0.11071054229778365
            },
            "nL": {
                "value": 9.409400435232849,
                "error": 1.403680897060203
            },
            "alphaR": {
                "value": 0.584965265628059,
                "error": 0.24175190216638845
            },
            "nR": {
                "value": 1.0339076881193208,
                "error": 0.14345670303248442
            },
            "sigmaG": {
                "value": 11.300318156633143,
                "error": 0.16161524922028025
            }
        },
        "btag_up": {
            "normSig": {
                "value": 3646.8514097260713,
                "error": 28.766637599946918
            },
            "fraction_dscb": {
                "value": 0.36538200131832393,
                "error": 0.04798352127483302
            },
            "mean": {
                "value": 92.76188399012933,
                "error": 0.2308068972292574
            },
            "sigma": {
                "value": 8.466350722118838,
                "error": 3.029732130551909
            },
            "alphaL": {
                "value": 0.2928995622496997,
                "error": 0.11543751382051798
            },
            "nL": {
                "value": 7.263358618988103,
                "error": 3.465655367464222
            },
            "alphaR": {
                "value": 0.5824347393759952,
                "error": 0.2568719635709875
            },
            "nR": {
                "value": 1.0368023340209769,
                "error": 0.15102204589114088
            },
            "sigmaG": {
                "value": 11.310772389754082,
                "error": 0.15122565713998526
            }
        },
        "btag_down": {
            "normSig": {
                "value": 3502.958486885369,
                "error": 26.229841789110328
            },
            "fraction_dscb": {
                "value": 0.9470288457066162,
                "error": 0.04631853857633361
            },
            "mean": {
                "value": 92.5949367538361,
                "error": 0.15027989179054657
            },
            "sigma": {
                "value": 12.945130950510961,
                "error": 0.54459610940747
            },
            "alphaL": {
                "value": 1.2534378097002035,
                "error": 0.047613542184171465
            },
            "nL": {
                "value": 9.620635404121463,
                "error": 0.8211004194041669
            },
            "alphaR": {
                "value": 1.8324590468574262,
                "error": 0.03933767648157116
            },
            "nR": {
                "value": 0.6822719920429985,
                "error": 0.03935183120386754
            },
            "sigmaG": {
                "value": 5.780042283095022,
                "error": 1.8815232125319665
            }
        }
    }
}