{
    "fitFunction": "zPeak_dscb",
    "parameters": {
        "nominal": {
            "normSig": {
                "value": 15.113249535608555,
                "error": 0.6914680900891146
            },
            "fraction_dscb": {
                "value": 0.4659473489681337,
                "error": 0.708133038678106
            },
            "mean": {
                "value": 121.01904087499214,
                "error": 0.7944268903012244
            },
            "sigma": {
                "value": 13.819318558841745,
                "error": 1.2050099146324804
            },
            "alphaL": {
                "value": 1.4193767489457951,
                "error": 0.42385342280664234
            },
            "nL": {
                "value": 99.99427769537506,
                "error": 56.16837008892079
            },
            "alphaR": {
                "value": 2.999999992732757,
                "error": 1.9761357653647864
            },
            "nR": {
                "value": 99.9838769944761,
                "error": 55.07789873220609
            },
            "sigmaG": {
                "value": 14.101175073441258,
                "error": 0.7838666784440065
            }
        },
        "btag_up": {
            "normSig": {
                "value": 15.072968715688177,
                "error": 0.6905033681051694
            },
            "fraction_dscb": {
                "value": 0.5097854540459176,
                "error": 0.7279388188227186
            },
            "mean": {
                "value": 120.99685861417585,
                "error": 0.7982689640611582
            },
            "sigma": {
                "value": 13.79219633396135,
                "error": 1.1329018386240088
            },
            "alphaL": {
                "value": 1.4418400133403129,
                "error": 0.4167287237652898
            },
            "nL": {
                "value": 99.99074587433233,
                "error": 51.029478846348525
            },
            "alphaR": {
                "value": 2.9999996122701136,
                "error": 1.9341360316528977
            },
            "nR": {
                "value": 99.96322809684158,
                "error": 80.51815485057479
            },
            "sigmaG": {
                "value": 14.077668829363333,
                "error": 0.8572544249740632
            }
        },
        "btag_down": {
            "normSig": {
                "value": 15.102328431043968,
                "error": 0.695251474518847
            },
            "fraction_dscb": {
                "value": 0.4193300188069044,
                "error": 0.6892249375307594
            },
            "mean": {
                "value": 121.00194942486489,
                "error": 0.7916183316921632
            },
            "sigma": {
                "value": 13.869454693815822,
                "error": 1.3024608522183492
            },
            "alphaL": {
                "value": 1.395639910571097,
                "error": 0.4388168841656022
            },
            "nL": {
                "value": 99.99441731401032,
                "error": 71.21946962982187
            },
            "alphaR": {
                "value": 2.9999999997747615,
                "error": 2.039813676520843
            },
            "nR": {
                "value": 99.9806833544321,
                "error": 62.69034449857987
            },
            "sigmaG": {
                "value": 14.131796392565361,
                "error": 0.7246104879533046
            }
        }
    }
}