{
    "fitFunction": "zPeak_dscb",
    "parameters": {
        "nominal": {
            "normSig": {
                "value": 68.67651900594808,
                "error": 0.9122277482470555
            },
            "fraction_dscb": {
                "value": 0.670364266220908,
                "error": 0.13146519653471916
            },
            "mean": {
                "value": 92.12849552482886,
                "error": 0.24067696262218874
            },
            "sigma": {
                "value": 10.490222069791761,
                "error": 0.6226399980443516
            },
            "alphaL": {
                "value": 1.0564286848553104,
                "error": 0.17345246589655375
            },
            "nL": {
                "value": 9.99248775194091,
                "error": 6.046644217459757
            },
            "alphaR": {
                "value": 1.3966925098771155,
                "error": 0.15867180848818935
            },
            "nR": {
                "value": 1.1000000228151694,
                "error": 0.39255340943564365
            },
            "sigmaG": {
                "value": 12.772643165219735,
                "error": 1.3917142719449407
            }
        },
        "btag_up": {
            "normSig": {
                "value": 68.87955737828567,
                "error": 0.9246979205239186
            },
            "fraction_dscb": {
                "value": 0.6712680934577681,
                "error": 0.11679890780298358
            },
            "mean": {
                "value": 92.13755862487302,
                "error": 0.24299803892186844
            },
            "sigma": {
                "value": 10.406003260320317,
                "error": 0.5988433939697249
            },
            "alphaL": {
                "value": 1.0587020547872714,
                "error": 0.1528901181281721
            },
            "nL": {
                "value": 9.993226292414066,
                "error": 6.0094007486211165
            },
            "alphaR": {
                "value": 1.3944616759511501,
                "error": 0.1418835068506744
            },
            "nR": {
                "value": 1.1000017988676931,
                "error": 0.3841396384341972
            },
            "sigmaG": {
                "value": 13.077438202762416,
                "error": 1.3704455439126946
            }
        },
        "btag_down": {
            "normSig": {
                "value": 68.42223864632518,
                "error": 0.9025064281070794
            },
            "fraction_dscb": {
                "value": 0.6584110804304898,
                "error": 0.14129467652807037
            },
            "mean": {
                "value": 92.11692141243243,
                "error": 0.23544395802791485
            },
            "sigma": {
                "value": 10.589483498507624,
                "error": 0.6425756236220659
            },
            "alphaL": {
                "value": 1.044573432527117,
                "error": 0.18028585086489357
            },
            "nL": {
                "value": 9.996611062422492,
                "error": 6.845020794021225
            },
            "alphaR": {
                "value": 1.3896456586321744,
                "error": 0.1705060539876701
            },
            "nR": {
                "value": 1.1000021050338764,
                "error": 0.36470183274206946
            },
            "sigmaG": {
                "value": 12.379007162470753,
                "error": 1.3035446619136781
            }
        }
    }
}