{
    "pt_bins": [
        20,
        25,
        30,
        40,
        50
    ],
    "eta_bins": [
        0.0,
        1.479,
        2.5
    ],
    "eff_map": [
        [
            0.6570501195093142,
            0.47045587427579244
        ],
        [
            0.7958783352633942,
            0.6157672824339491
        ],
        [
            0.8315345107444824,
            0.67092866756393
        ],
        [
            0.8408413941348073,
            0.6702597573839663
        ]
    ],
    "PUID_wp": 7
}