{
    "pt_bins": [
        20,
        25,
        30,
        40,
        50
    ],
    "eta_bins": [
        0.0,
        1.479,
        2.5
    ],
    "eff_map": [
        [
            0.6709782660845368,
            0.4918270266037625
        ],
        [
            0.8025434410094459,
            0.6469512600571846
        ],
        [
            0.8406183003592721,
            0.6952851226505257
        ],
        [
            0.8491017655839811,
            0.6991518768650856
        ]
    ],
    "PUID_wp": 7
}