{
    "pt_bins": [
        20,
        25,
        30,
        40,
        50
    ],
    "eta_bins": [
        0.0,
        1.479,
        2.5
    ],
    "eff_map": [
        [
            0.6839867140180901,
            0.5008049704088343
        ],
        [
            0.8168819113072651,
            0.6495762070531255
        ],
        [
            0.849126800940125,
            0.694936966838443
        ],
        [
            0.8528538349838437,
            0.6925746299857848
        ]
    ],
    "PUID_wp": 7
}