{
    "pt_bins": [
        20,
        25,
        30,
        40,
        50
    ],
    "eta_bins": [
        0.0,
        1.479,
        2.5
    ],
    "eff_map": [
        [
            0.6948641536397065,
            0.49591491240983365
        ],
        [
            0.8255291405686078,
            0.6502373128879153
        ],
        [
            0.8477524695434682,
            0.6800405361831499
        ],
        [
            0.8502062365946214,
            0.6839002267573696
        ]
    ],
    "PUID_wp": 7
}