{
    "pt_bins": [
        20,
        25,
        30,
        40,
        50
    ],
    "eta_bins": [
        0.0,
        1.479,
        2.5
    ],
    "eff_map": [
        [
            0.6658650634602539,
            0.4806899709967944
        ],
        [
            0.784629981024668,
            0.6162556618017111
        ],
        [
            0.7906172839506173,
            0.6584286241239395
        ],
        [
            0.7930910657856938,
            0.6441357200106866
        ]
    ],
    "PUID_wp": 7
}