{
    "pt_bins": [
        20,
        25,
        30,
        40,
        50
    ],
    "eta_bins": [
        0.0,
        1.479,
        2.5
    ],
    "eff_map": [
        [
            0.6870150339476236,
            0.4914632604021753
        ],
        [
            0.8056397816858702,
            0.6485099664495757
        ],
        [
            0.8223057307743927,
            0.6626319493314567
        ],
        [
            0.8126754913758524,
            0.6363825797041051
        ]
    ],
    "PUID_wp": 7
}