{
    "pt_bins": [
        20,
        25,
        30,
        40,
        50
    ],
    "eta_bins": [
        0.0,
        1.479,
        2.5
    ],
    "eff_map": [
        [
            0.65708329949376,
            0.45688824662813105
        ],
        [
            0.8035333087964667,
            0.6207011965525897
        ],
        [
            0.8355407380343441,
            0.6669013633745119
        ],
        [
            0.8439174092120494,
            0.671875
        ]
    ],
    "PUID_wp": 7
}