{
    "pt_bins": [
        20,
        25,
        30,
        40,
        50
    ],
    "eta_bins": [
        0.0,
        1.479,
        2.5
    ],
    "eff_map": [
        [
            0.6907756813417191,
            0.48872620790629573
        ],
        [
            0.8100929614873837,
            0.6266471449487555
        ],
        [
            0.8210496128477202,
            0.661373835001726
        ],
        [
            0.8190703218116806,
            0.6404665314401623
        ]
    ],
    "PUID_wp": 7
}