{
    "pt_bins": [
        20,
        25,
        30,
        40,
        50
    ],
    "eta_bins": [
        0.0,
        1.479,
        2.5
    ],
    "eff_map": [
        [
            0.6838533368291552,
            0.49607244807559797
        ],
        [
            0.8112609850807275,
            0.6525009898376666
        ],
        [
            0.8463663326031752,
            0.6968650164930781
        ],
        [
            0.8529338730103548,
            0.6975265017667844
        ]
    ],
    "PUID_wp": 7
}