{
    "fitFunction": "zPeak_dscb",
    "parameters": {
        "nominal": {
            "normSig": {
                "value": 1215.3667601589964,
                "error": 21.250392653875448
            },
            "fraction_dscb": {
                "value": 0.4167186362168564,
                "error": 0.022841992900450636
            },
            "mean": {
                "value": 91.67865440821852,
                "error": 0.33421871159161043
            },
            "sigma": {
                "value": 8.618730315461326,
                "error": 3.277366413214229
            },
            "alphaL": {
                "value": 0.20704145966487042,
                "error": 0.08665621279640898
            },
            "nL": {
                "value": 18.395345287459946,
                "error": 18.081013303695038
            },
            "alphaR": {
                "value": 0.16747627054975925,
                "error": 0.06833151951686034
            },
            "nR": {
                "value": 2.9989339224465277,
                "error": 0.3836722263173271
            },
            "sigmaG": {
                "value": 11.371352463775416,
                "error": 0.3343733100333255
            }
        },
        "jet1_btag_up": {
            "normSig": {
                "value": 1249.0563613148954,
                "error": 21.749554811359907
            },
            "fraction_dscb": {
                "value": 0.4148700488757964,
                "error": 0.022200313498089236
            },
            "mean": {
                "value": 91.67826653860794,
                "error": 0.3332939578845213
            },
            "sigma": {
                "value": 7.617371216562081,
                "error": 2.5521441564874157
            },
            "alphaL": {
                "value": 0.1796128043561489,
                "error": 0.06158195433176145
            },
            "nL": {
                "value": 13.83598863972348,
                "error": 14.570434841561962
            },
            "alphaR": {
                "value": 0.14331330098679537,
                "error": 0.05181897244996072
            },
            "nR": {
                "value": 2.998465773742851,
                "error": 0.38253551739795766
            },
            "sigmaG": {
                "value": 11.392276827292537,
                "error": 0.32235447076229473
            }
        },
        "jet1_btag_down": {
            "normSig": {
                "value": 1181.6386165817682,
                "error": 21.12027029293022
            },
            "fraction_dscb": {
                "value": 0.41836112912713513,
                "error": 0.023263018959097936
            },
            "mean": {
                "value": 91.66987905418733,
                "error": 0.32396412227186033
            },
            "sigma": {
                "value": 6.68139061090239,
                "error": 1.8409326999984645
            },
            "alphaL": {
                "value": 0.16627883393816903,
                "error": 0.04711202973895297
            },
            "nL": {
                "value": 13.476037389277238,
                "error": 11.63682609689679
            },
            "alphaR": {
                "value": 0.13531507984564775,
                "error": 0.039372390104246625
            },
            "nR": {
                "value": 2.999048305770344,
                "error": 0.31525780650747715
            },
            "sigmaG": {
                "value": 11.354717322159768,
                "error": 0.34411626855570976
            }
        }
    }
}