{
    "fitFunction": "zPeak_dscb",
    "parameters": {
        "nominal": {
            "normSig": {
                "value": 109.07137887417976,
                "error": 1.5507070473532716
            },
            "fraction_dscb": {
                "value": 0.47772987560794744,
                "error": 0.10605700154219191
            },
            "mean": {
                "value": 92.88456055994189,
                "error": 0.3162486647336564
            },
            "sigma": {
                "value": 9.523696261043272,
                "error": 1.053815315975366
            },
            "alphaL": {
                "value": 0.6541435793035282,
                "error": 0.15834681843506118
            },
            "nL": {
                "value": 9.999992083573552,
                "error": 7.653584804038573
            },
            "alphaR": {
                "value": 1.348462081781783,
                "error": 0.18645396555548308
            },
            "nR": {
                "value": 1.100000000046127,
                "error": 0.0737059806132433
            },
            "sigmaG": {
                "value": 10.431842832104191,
                "error": 0.37765028852444704
            }
        },
        "btag_up": {
            "normSig": {
                "value": 110.99954177376306,
                "error": 1.5937401715996167
            },
            "fraction_dscb": {
                "value": 0.479670062560604,
                "error": 0.10584685977949004
            },
            "mean": {
                "value": 92.88369932194212,
                "error": 0.3194013754436611
            },
            "sigma": {
                "value": 9.534690655163683,
                "error": 1.0415286647318487
            },
            "alphaL": {
                "value": 0.6644360014384003,
                "error": 0.15703407238785874
            },
            "nL": {
                "value": 9.999990181610904,
                "error": 7.5597665425014124
            },
            "alphaR": {
                "value": 1.350528377769852,
                "error": 0.18351441115858125
            },
            "nR": {
                "value": 1.1000012542482944,
                "error": 0.0716206651696073
            },
            "sigmaG": {
                "value": 10.454006382418434,
                "error": 0.3837259503065056
            }
        },
        "btag_down": {
            "normSig": {
                "value": 107.11029481097817,
                "error": 1.5110671554935196
            },
            "fraction_dscb": {
                "value": 0.47514378589509776,
                "error": 0.10633262805017069
            },
            "mean": {
                "value": 92.88116017364344,
                "error": 0.3143959928767188
            },
            "sigma": {
                "value": 9.523823634057754,
                "error": 1.047719612769063
            },
            "alphaL": {
                "value": 0.6457220428384175,
                "error": 0.15789808957836096
            },
            "nL": {
                "value": 9.999988134314767,
                "error": 7.852481363442144
            },
            "alphaR": {
                "value": 1.3483202403009775,
                "error": 0.18678913291649732
            },
            "nR": {
                "value": 1.10000049181504,
                "error": 0.07588594908154589
            },
            "sigmaG": {
                "value": 10.412760414183298,
                "error": 0.37734418812370674
            }
        }
    }
}