{
    "fitFunction": "zPeak_dscb",
    "parameters": {
        "nominal": {
            "normSig": {
                "value": 38.542939375272255,
                "error": 0.9370807572898148
            },
            "fraction_dscb": {
                "value": 0.9660921161583979,
                "error": 0.13555233840932468
            },
            "mean": {
                "value": 123.31166563772139,
                "error": 0.46131238799817
            },
            "sigma": {
                "value": 13.998433874802892,
                "error": 0.7916788539598691
            },
            "alphaL": {
                "value": 1.2441649432688924,
                "error": 0.07729917024999733
            },
            "nL": {
                "value": 99.91112808862923,
                "error": 99.9121037778661
            },
            "alphaR": {
                "value": 2.6953561335276435,
                "error": 1.8267038309024464
            },
            "nR": {
                "value": 1.1467854559193191,
                "error": 85.75256484390493
            },
            "sigmaG": {
                "value": 9.686028309486634,
                "error": 6.3781482453879335
            }
        },
        "btag_up": {
            "normSig": {
                "value": 39.131507711469574,
                "error": 0.8037191210853086
            },
            "fraction_dscb": {
                "value": 0.9929246107064102,
                "error": 0.18941219694675016
            },
            "mean": {
                "value": 123.50109151863936,
                "error": 0.48119710733463705
            },
            "sigma": {
                "value": 13.861675405388073,
                "error": 0.6860603334692907
            },
            "alphaL": {
                "value": 1.236551250524424,
                "error": 0.08169756291404895
            },
            "nL": {
                "value": 99.8910222157581,
                "error": 69.8674650091935
            },
            "alphaR": {
                "value": 2.3729859964404048,
                "error": 0.6337766901340334
            },
            "nR": {
                "value": 70.13423349803534,
                "error": 63.9014132322505
            },
            "sigmaG": {
                "value": 7.670126135479137,
                "error": 9.961170917092518
            }
        },
        "btag_down": {
            "normSig": {
                "value": 37.96334115986162,
                "error": 0.8341999608701274
            },
            "fraction_dscb": {
                "value": 0.951664588215803,
                "error": 0.13923878362909603
            },
            "mean": {
                "value": 123.16730173033078,
                "error": 0.4633900986982198
            },
            "sigma": {
                "value": 14.068268918737493,
                "error": 0.8818364029626853
            },
            "alphaL": {
                "value": 1.248695726113596,
                "error": 0.08118279116517901
            },
            "nL": {
                "value": 99.66308691519282,
                "error": 81.11099595958053
            },
            "alphaR": {
                "value": 2.3846150519311253,
                "error": 0.6812054821678114
            },
            "nR": {
                "value": 87.74132916634075,
                "error": 61.816287810682724
            },
            "sigmaG": {
                "value": 9.774163471049839,
                "error": 4.770399480028062
            }
        }
    }
}