{
    "fitFunction": "zPeak_dscb",
    "parameters": {
        "nominal": {
            "normSig": {
                "value": 229.1778718085683,
                "error": 3.087323412887195
            },
            "fraction_dscb": {
                "value": 0.45201359005370045,
                "error": 0.1519593260383858
            },
            "mean": {
                "value": 92.88515394499461,
                "error": 0.2676646227048778
            },
            "sigma": {
                "value": 10.728588103766558,
                "error": 1.1539684471132157
            },
            "alphaL": {
                "value": 0.7692113203669617,
                "error": 0.2170691661013506
            },
            "nL": {
                "value": 9.999999822042135,
                "error": 8.86010358907073
            },
            "alphaR": {
                "value": 1.487092457653013,
                "error": 0.24402711918348816
            },
            "nR": {
                "value": 1.1000000002582961,
                "error": 0.3786977313155728
            },
            "sigmaG": {
                "value": 10.764993947180205,
                "error": 0.517366016488789
            }
        },
        "btag_up": {
            "normSig": {
                "value": 233.13886934222614,
                "error": 3.168217975757929
            },
            "fraction_dscb": {
                "value": 0.45328073113244993,
                "error": 0.15259468260637632
            },
            "mean": {
                "value": 92.89603466880938,
                "error": 0.2702263127665674
            },
            "sigma": {
                "value": 10.709762478544748,
                "error": 1.1601588218163918
            },
            "alphaL": {
                "value": 0.7681808859820861,
                "error": 0.21783317018232853
            },
            "nL": {
                "value": 9.999999999009415,
                "error": 8.868183181741031
            },
            "alphaR": {
                "value": 1.4843502544338525,
                "error": 0.24574469977102373
            },
            "nR": {
                "value": 1.1000000065006106,
                "error": 0.3775464178647767
            },
            "sigmaG": {
                "value": 10.765420801281428,
                "error": 0.5232946130211484
            }
        },
        "btag_down": {
            "normSig": {
                "value": 225.18079572328915,
                "error": 3.0146946014440394
            },
            "fraction_dscb": {
                "value": 0.4516712063642596,
                "error": 0.1516838308345028
            },
            "mean": {
                "value": 92.87149791403503,
                "error": 0.26510276760711093
            },
            "sigma": {
                "value": 10.745109471651709,
                "error": 1.144602352161237
            },
            "alphaL": {
                "value": 0.7713730877878905,
                "error": 0.21537970322493358
            },
            "nL": {
                "value": 9.999979128378044,
                "error": 8.856747123766356
            },
            "alphaR": {
                "value": 1.491418567586552,
                "error": 0.24157064605857867
            },
            "nR": {
                "value": 1.1000436122688977,
                "error": 0.3837881699520763
            },
            "sigmaG": {
                "value": 10.76409429865149,
                "error": 0.5164378267030587
            }
        }
    }
}