{
    "fitFunction": "zPeak_dscb",
    "parameters": {
        "nominal": {
            "normSig": {
                "value": 23.55558780176557,
                "error": 0.7067707037884433
            },
            "fraction_dscb": {
                "value": 0.9999998073723387,
                "error": 0.5138572972940563
            },
            "mean": {
                "value": 124.17740901678076,
                "error": 0.4103115068049519
            },
            "sigma": {
                "value": 11.983306500454683,
                "error": 0.22959637902561525
            },
            "alphaL": {
                "value": 1.10425219201355,
                "error": 0.03970832012745207
            },
            "nL": {
                "value": 99.99999999877168,
                "error": 99.99381046443517
            },
            "alphaR": {
                "value": 3.0,
                "error": 0.19020352115220196
            },
            "nR": {
                "value": 99.99999994133069,
                "error": 53.05460883526619
            },
            "sigmaG": {
                "value": 11.888002672837045,
                "error": 11.214393799057602
            }
        },
        "btag_up": {
            "normSig": {
                "value": 23.856169905179733,
                "error": 0.9024773053216174
            },
            "fraction_dscb": {
                "value": 0.9999999442752514,
                "error": 0.7506003188076504
            },
            "mean": {
                "value": 124.40486909338739,
                "error": 0.6519966347285617
            },
            "sigma": {
                "value": 11.924229376028103,
                "error": 0.3896425371810226
            },
            "alphaL": {
                "value": 1.0914809322217156,
                "error": 0.06981052342946026
            },
            "nL": {
                "value": 99.99997059157522,
                "error": 93.33799466915364
            },
            "alphaR": {
                "value": 2.9999999999992237,
                "error": 0.2792498228992062
            },
            "nR": {
                "value": 99.99999570760889,
                "error": 57.62518181094693
            },
            "sigmaG": {
                "value": 12.554785951866961,
                "error": 9.979115562478128
            }
        },
        "btag_down": {
            "normSig": {
                "value": 23.234800420824023,
                "error": 0.8658303974209941
            },
            "fraction_dscb": {
                "value": 0.9854513018708025,
                "error": 0.038466799540659125
            },
            "mean": {
                "value": 123.96939063035876,
                "error": 0.6050585551860834
            },
            "sigma": {
                "value": 12.095480705069598,
                "error": 0.4164144149620732
            },
            "alphaL": {
                "value": 1.1175281506481594,
                "error": 0.06841315723262498
            },
            "nL": {
                "value": 99.99697475686028,
                "error": 96.02252691322494
            },
            "alphaR": {
                "value": 2.9999999975842804,
                "error": 0.2680969165318914
            },
            "nR": {
                "value": 99.99286147936388,
                "error": 56.54181661543389
            },
            "sigmaG": {
                "value": 3.928346038987529,
                "error": 3.7335694784490157
            }
        }
    }
}