{
    "fitFunction": "zPeak_dscb",
    "parameters": {
        "nominal": {
            "normSig": {
                "value": 155.2672761202292,
                "error": 2.3547273380949427
            },
            "fraction_dscb": {
                "value": 0.5836709191676543,
                "error": 0.2345670400741177
            },
            "mean": {
                "value": 123.84199998856926,
                "error": 0.41205509440246146
            },
            "sigma": {
                "value": 14.102286752312441,
                "error": 0.9388947376474519
            },
            "alphaL": {
                "value": 1.2256054333318507,
                "error": 0.3668668234401776
            },
            "nL": {
                "value": 2.3071379221944497,
                "error": 1.4563810536385624
            },
            "alphaR": {
                "value": 2.5041447711949645,
                "error": 0.20410702677518322
            },
            "nR": {
                "value": 4.073569550597143e-06,
                "error": 0.6533249655156388
            },
            "sigmaG": {
                "value": 14.934901167112764,
                "error": 1.5337160399416794
            }
        },
        "btag_up": {
            "normSig": {
                "value": 157.2028903083827,
                "error": 2.266636231859145
            },
            "fraction_dscb": {
                "value": 0.3512898809115127,
                "error": 0.1133978266324152
            },
            "mean": {
                "value": 124.15483966927866,
                "error": 0.3906268079417501
            },
            "sigma": {
                "value": 14.512314138679697,
                "error": 1.8121112975877534
            },
            "alphaL": {
                "value": 0.6791578452300133,
                "error": 0.1583535364184131
            },
            "nL": {
                "value": 8.206569438551904,
                "error": 2.1938626320451275
            },
            "alphaR": {
                "value": 2.29113829240162,
                "error": 0.14333345959331822
            },
            "nR": {
                "value": 0.00019589446212060283,
                "error": 0.11287569005228595
            },
            "sigmaG": {
                "value": 14.124559279495612,
                "error": 0.5491190569374131
            }
        },
        "btag_down": {
            "normSig": {
                "value": 152.93335240953908,
                "error": 2.3141784953389197
            },
            "fraction_dscb": {
                "value": 0.5868595360852338,
                "error": 0.236594448707571
            },
            "mean": {
                "value": 123.85895497874185,
                "error": 0.4235344044250269
            },
            "sigma": {
                "value": 14.104182620445602,
                "error": 0.979221201481173
            },
            "alphaL": {
                "value": 1.203586174174758,
                "error": 0.3830136844926762
            },
            "nL": {
                "value": 2.4567036922390213,
                "error": 1.5652577246460972
            },
            "alphaR": {
                "value": 2.490011189267889,
                "error": 0.19573016371982388
            },
            "nR": {
                "value": 1.3116367951453099e-05,
                "error": 0.5419231833835925
            },
            "sigmaG": {
                "value": 14.872349403496363,
                "error": 1.5062943068519674
            }
        }
    }
}