{
    "fitFunction": "zPeak_dscb",
    "parameters": {
        "nominal": {
            "normSig": {
                "value": 30.5746437765257,
                "error": 0.5416037824641919
            },
            "fraction_dscb": {
                "value": 0.8588808394967122,
                "error": 0.18350815042359792
            },
            "mean": {
                "value": 124.55551043540771,
                "error": 0.3688404646054906
            },
            "sigma": {
                "value": 11.271392430482615,
                "error": 0.7397669545411061
            },
            "alphaL": {
                "value": 1.0471995040931792,
                "error": 0.1342837820381657
            },
            "nL": {
                "value": 99.99839230140631,
                "error": 93.80078241261037
            },
            "alphaR": {
                "value": 2.5781798148359343,
                "error": 0.4379856139703522
            },
            "nR": {
                "value": 3.3261389373403856,
                "error": 6.815643941995369
            },
            "sigmaG": {
                "value": 14.83110443135141,
                "error": 2.753262647777385
            }
        }
    }
}