{
  "puid_up": {
    "mu_Z_c11_puidUp": {
      "value": 91.61432486356088,
      "error": 0.42511247586663614
    },
    "sigma_CB_Z_c11_puidUp": {
      "value": 19.36162978729588,
      "error": 17.16513866416001
    },
    "sigma_gauss_Z_c11_puidUp": {
      "value": 10.734476819528497,
      "error": 1.0828070752995058
    },
    "alpha1_Z_c11_puidUp": {
      "value": 0.10065225025184064,
      "error": 0.15451966452483423
    },
    "alpha2_Z_c11_puidUp": {
      "value": 0.2550682362309056,
      "error": 1.333087857834168
    },
    "nL_Z_c11_puidUp": {
      "value": 22.96902880538228,
      "error": 234.6761786674706
    },
    "nR_Z_c11_puidUp": {
      "value": 1.0063098410140625,
      "error": 0.3275448730731564
    },
    "f_CB_GausZ_c11_puidUp": {
      "value": 0.133239810463539,
      "error": 0.143957374977837
    }
  },
  "puid_down": {
    "mu_Z_c11_puidDown": {
      "value": 91.60557847297689,
      "error": 0.3544166938334833
    },
    "sigma_CB_Z_c11_puidDown": {
      "value": 16.00514940861062,
      "error": 37.93936816260654
    },
    "sigma_gauss_Z_c11_puidDown": {
      "value": 10.738506407592498,
      "error": 0.7638430254107951
    },
    "alpha1_Z_c11_puidDown": {
      "value": 0.10002182043564858,
      "error": 0.027331042030870056
    },
    "alpha2_Z_c11_puidDown": {
      "value": 0.2200865246028295,
      "error": 0.8703049310326594
    },
    "nL_Z_c11_puidDown": {
      "value": 12.123896545705112,
      "error": 187.38507256967708
    },
    "nR_Z_c11_puidDown": {
      "value": 1.0029753333991043,
      "error": 0.1899338038346257
    },
    "f_CB_GausZ_c11_puidDown": {
      "value": 0.13336752200302954,
      "error": 0.10167145982568884
    }
  },
  "nominal": {
    "mu_Z_c11": {
      "value": 91.61191843501982,
      "error": 1.6579943958565158
    },
    "sigma_CB_Z_c11": {
      "value": 17.507063965199972,
      "error": 527.5208066765395
    },
    "sigma_gauss_Z_c11": {
      "value": 10.736709665911373,
      "error": 4.127302922945119
    },
    "alpha1_Z_c11": {
      "value": 0.10014254894216922,
      "error": 0.14073485287477666
    },
    "alpha2_Z_c11": {
      "value": 0.23645074606416405,
      "error": 1.5895659251218661
    },
    "nL_Z_c11": {
      "value": 1.0176473098384986,
      "error": 378.9434531371125
    },
    "nR_Z_c11": {
      "value": 1.000064824131739,
      "error": 0.03550118607996468
    },
    "f_CB_GausZ_c11": {
      "value": 0.13362860551407085,
      "error": 0.6316672642918066
    }
  },
  "btag_hf_up": {
    "mu_Z_c11_btag_hfUp": {
      "value": 91.59102517981871,
      "error": 14.089366956097917
    },
    "sigma_CB_Z_c11_btag_hfUp": {
      "value": 15.447339897250659,
      "error": 42.509247672734894
    },
    "sigma_gauss_Z_c11_btag_hfUp": {
      "value": 9.808654673472843,
      "error": 3.96467280836081
    },
    "alpha1_Z_c11_btag_hfUp": {
      "value": 0.74734280749676,
      "error": 65.87553923996443
    },
    "alpha2_Z_c11_btag_hfUp": {
      "value": 1.2283231576377442,
      "error": 0.5232407463447982
    },
    "nL_Z_c11_btag_hfUp": {
      "value": 1.0642501091069378,
      "error": 62.90217530282319
    },
    "nR_Z_c11_btag_hfUp": {
      "value": 1.001797711844061,
      "error": 0.011372590480834211
    },
    "f_CB_GausZ_c11_btag_hfUp": {
      "value": 0.3394795057630976,
      "error": 0.06941124899626337
    }
  },
  "btag_hf_down": {
    "mu_Z_c11_btag_hfDown": {
      "value": 91.5556126486204,
      "error": 3.8777447176035555
    },
    "sigma_CB_Z_c11_btag_hfDown": {
      "value": 19.83078968035227,
      "error": 10.379100106121523
    },
    "sigma_gauss_Z_c11_btag_hfDown": {
      "value": 10.744066721543147,
      "error": 11.001951583844393
    },
    "alpha1_Z_c11_btag_hfDown": {
      "value": 0.10034989155122098,
      "error": 0.20365998902082047
    },
    "alpha2_Z_c11_btag_hfDown": {
      "value": 0.2608518525729351,
      "error": 17.570693221126177
    },
    "nL_Z_c11_btag_hfDown": {
      "value": 59.98185153618273,
      "error": 263.21037327228885
    },
    "nR_Z_c11_btag_hfDown": {
      "value": 1.0001372093151055,
      "error": 1.6913478962445854
    },
    "f_CB_GausZ_c11_btag_hfDown": {
      "value": 0.13206177332809296,
      "error": 1.885033351338226
    }
  },
  "btag_lightf_up": {
    "mu_Z_c11_btag_lightfUp": {
      "value": 91.61245747424036,
      "error": 36.95913819201659
    },
    "sigma_CB_Z_c11_btag_lightfUp": {
      "value": 19.677624147654452,
      "error": 2626.2639671135726
    },
    "sigma_gauss_Z_c11_btag_lightfUp": {
      "value": 10.71917434427289,
      "error": 78.02605746791862
    },
    "alpha1_Z_c11_btag_lightfUp": {
      "value": 0.10027117307127686,
      "error": 24.002510437011864
    },
    "alpha2_Z_c11_btag_lightfUp": {
      "value": 0.26301133618361966,
      "error": 163.583008457995
    },
    "nL_Z_c11_btag_lightfUp": {
      "value": 1.062784570819322,
      "error": 988.1761027080502
    },
    "nR_Z_c11_btag_lightfUp": {
      "value": 1.0000185110812652,
      "error": 0.05428928940326512
    },
    "f_CB_GausZ_c11_btag_lightfUp": {
      "value": 0.136047625366052,
      "error": 12.281272535152553
    }
  },
  "btag_lightf_down": {
    "mu_Z_c11_btag_lightfDown": {
      "value": 91.61930592699169,
      "error": 0.3786509790742219
    },
    "sigma_CB_Z_c11_btag_lightfDown": {
      "value": 14.411541175766445,
      "error": 42.48216076953513
    },
    "sigma_gauss_Z_c11_btag_lightfDown": {
      "value": 10.741158129611966,
      "error": 0.8219922083397527
    },
    "alpha1_Z_c11_btag_lightfDown": {
      "value": 0.10000000904643304,
      "error": 0.0005129837414844367
    },
    "alpha2_Z_c11_btag_lightfDown": {
      "value": 0.1975039678891879,
      "error": 0.910410488655506
    },
    "nL_Z_c11_btag_lightfDown": {
      "value": 51.73200788943163,
      "error": 305.0748168281862
    },
    "nR_Z_c11_btag_lightfDown": {
      "value": 1.0000343390564876,
      "error": 0.01935694216400459
    },
    "f_CB_GausZ_c11_btag_lightfDown": {
      "value": 0.13094329635544863,
      "error": 0.110085548698107
    }
  }
}