{
  "puid_up": {
    "mu_Z_c1_puidUp": {
      "value": 92.46787416801513,
      "error": 1.9751658813983788
    },
    "sigma_CB_Z_c1_puidUp": {
      "value": 10.72472266023594,
      "error": 13.68025686024536
    },
    "sigma_gauss_Z_c1_puidUp": {
      "value": 10.055381146790264,
      "error": 3.0596752215203127
    },
    "alpha1_Z_c1_puidUp": {
      "value": 0.814353708848168,
      "error": 1.2606558803271524
    },
    "alpha2_Z_c1_puidUp": {
      "value": 1.4070448067502257,
      "error": 2.5130520089923523
    },
    "nL_Z_c1_puidUp": {
      "value": 99.99844499799809,
      "error": 597.7537168645803
    },
    "nR_Z_c1_puidUp": {
      "value": 1.0000001656020296,
      "error": 7.15884579584454e-06
    },
    "f_CB_GausZ_c1_puidUp": {
      "value": 0.543349256677975,
      "error": 2.10276450925713
    }
  },
  "puid_down": {
    "mu_Z_c1_puidDown": {
      "value": 92.45981698012967,
      "error": 1.7320210249128722
    },
    "sigma_CB_Z_c1_puidDown": {
      "value": 10.720192107070336,
      "error": 12.615177094383153
    },
    "sigma_gauss_Z_c1_puidDown": {
      "value": 10.055250353525466,
      "error": 2.69902056953035
    },
    "alpha1_Z_c1_puidDown": {
      "value": 0.8162822466355568,
      "error": 1.0850997704250043
    },
    "alpha2_Z_c1_puidDown": {
      "value": 1.4091543405956013,
      "error": 2.3937245328804737
    },
    "nL_Z_c1_puidDown": {
      "value": 99.8504875903779,
      "error": 5978.5494146938645
    },
    "nR_Z_c1_puidDown": {
      "value": 1.00000000273842,
      "error": 8.336040115957404e-07
    },
    "f_CB_GausZ_c1_puidDown": {
      "value": 0.5420457232618875,
      "error": 2.0016099516616186
    }
  },
  "nominal": {
    "mu_Z_c3": {
      "value": 93.81494236117406,
      "error": 0.816391917770887
    },
    "sigma_CB_Z_c3": {
      "value": 4.000000026487846,
      "error": 0.021436260120289582
    },
    "sigma_gauss_Z_c3": {
      "value": 10.798934588302878,
      "error": 0.42698964180574017
    },
    "alpha1_Z_c3": {
      "value": 1.9535122801531999,
      "error": 56.743880572570944
    },
    "alpha2_Z_c3": {
      "value": 0.10001869654441937,
      "error": 0.007323158779072012
    },
    "nL_Z_c3": {
      "value": 70.51272578608796,
      "error": 3575.0512873094635
    },
    "nR_Z_c3": {
      "value": 1.0000808568510704,
      "error": 0.0014438756948829837
    },
    "f_CB_GausZ_c3": {
      "value": 0.15229952091791965,
      "error": 0.03106861334024913
    }
  },
  "btag_hf_up": {
    "mu_Z_c1_btag_hfUp": {
      "value": 92.50056009729794,
      "error": 1.9050313047332939
    },
    "sigma_CB_Z_c1_btag_hfUp": {
      "value": 10.697940701270607,
      "error": 13.042990811315246
    },
    "sigma_gauss_Z_c1_btag_hfUp": {
      "value": 10.074212079193144,
      "error": 2.9869809789030204
    },
    "alpha1_Z_c1_btag_hfUp": {
      "value": 0.8126692959397626,
      "error": 1.170010461576017
    },
    "alpha2_Z_c1_btag_hfUp": {
      "value": 1.4084048628506967,
      "error": 2.4015356633007263
    },
    "nL_Z_c1_btag_hfUp": {
      "value": 99.97712729992074,
      "error": 2295.266590135788
    },
    "nR_Z_c1_btag_hfUp": {
      "value": 1.00000016575031,
      "error": 6.955749363773932e-06
    },
    "f_CB_GausZ_c1_btag_hfUp": {
      "value": 0.5431459392759848,
      "error": 2.011665563336675
    }
  },
  "btag_hf_down": {
    "mu_Z_c1_btag_hfDown": {
      "value": 92.42965298756143,
      "error": 1.7243104077927227
    },
    "sigma_CB_Z_c1_btag_hfDown": {
      "value": 10.73070103990092,
      "error": 12.507749930932874
    },
    "sigma_gauss_Z_c1_btag_hfDown": {
      "value": 10.04193814216042,
      "error": 2.6077007969970714
    },
    "alpha1_Z_c1_btag_hfDown": {
      "value": 0.816265431219952,
      "error": 1.0774647813845946
    },
    "alpha2_Z_c1_btag_hfDown": {
      "value": 1.407857015792633,
      "error": 2.3715918544196315
    },
    "nL_Z_c1_btag_hfDown": {
      "value": 99.88486467623846,
      "error": 5090.983018840776
    },
    "nR_Z_c1_btag_hfDown": {
      "value": 1.0000001401169205,
      "error": 6.235519029414176e-06
    },
    "f_CB_GausZ_c1_btag_hfDown": {
      "value": 0.5422049047934653,
      "error": 1.9810345812103147
    }
  },
  "btag_lightf_up": {
    "mu_Z_c1_btag_lightfUp": {
      "value": 92.46382418669495,
      "error": 1.928692498625126
    },
    "sigma_CB_Z_c1_btag_lightfUp": {
      "value": 10.775579201115782,
      "error": 13.849682542914977
    },
    "sigma_gauss_Z_c1_btag_lightfUp": {
      "value": 10.01495787519472,
      "error": 2.6121700740261358
    },
    "alpha1_Z_c1_btag_lightfUp": {
      "value": 0.8104686611491966,
      "error": 1.1431577161764468
    },
    "alpha2_Z_c1_btag_lightfUp": {
      "value": 1.3982787815751223,
      "error": 2.494215920420257
    },
    "nL_Z_c1_btag_lightfUp": {
      "value": 99.70440597455587,
      "error": 8276.649371723597
    },
    "nR_Z_c1_btag_lightfUp": {
      "value": 1.0000000252425463,
      "error": 2.521245437642663e-06
    },
    "f_CB_GausZ_c1_btag_lightfUp": {
      "value": 0.5391495394595027,
      "error": 2.0607962737753036
    }
  },
  "btag_lightf_down": {
    "mu_Z_c1_btag_lightfDown": {
      "value": 92.46187291628941,
      "error": 2.4826034873693126
    },
    "sigma_CB_Z_c1_btag_lightfDown": {
      "value": 10.683723642574991,
      "error": 18.695479801206186
    },
    "sigma_gauss_Z_c1_btag_lightfDown": {
      "value": 10.094033626875756,
      "error": 6.020353928851496
    },
    "alpha1_Z_c1_btag_lightfDown": {
      "value": 0.8186720681628312,
      "error": 2.1972084910942624
    },
    "alpha2_Z_c1_btag_lightfDown": {
      "value": 1.4151909535695535,
      "error": 3.3048298499464437
    },
    "nL_Z_c1_btag_lightfDown": {
      "value": 99.99690395491423,
      "error": 1000.4916105160943
    },
    "nR_Z_c1_btag_lightfDown": {
      "value": 1.000000332738052,
      "error": 4.626391837837458e-05
    },
    "f_CB_GausZ_c1_btag_lightfDown": {
      "value": 0.5433354217894371,
      "error": 2.7803538400727783
    }
  }
}