{
  "puid_up": {
    "mu_Z_c10_puidUp": {
      "value": 93.31328809539869,
      "error": 112.83612730814201
    },
    "sigma_CB_Z_c10_puidUp": {
      "value": 11.282528736431646,
      "error": 243.74610178263828
    },
    "sigma_gauss_Z_c10_puidUp": {
      "value": 4.0040566040633285,
      "error": 0.009897380267689502
    },
    "alpha1_Z_c10_puidUp": {
      "value": 1.5568447044815727,
      "error": 711.5070542633239
    },
    "alpha2_Z_c10_puidUp": {
      "value": 1.7731260185134892,
      "error": 4.905932726149598
    },
    "nL_Z_c10_puidUp": {
      "value": 19.58328393403671,
      "error": 33.26819491056351
    },
    "nR_Z_c10_puidUp": {
      "value": 1.0003802148589809,
      "error": 0.008614399515309333
    },
    "f_CB_GausZ_c10_puidUp": {
      "value": 0.9365544998552475,
      "error": 0.6950601575830913
    }
  },
  "puid_down": {
    "mu_Z_c10_puidDown": {
      "value": 93.42095920367848,
      "error": 33.883013348743546
    },
    "sigma_CB_Z_c10_puidDown": {
      "value": 11.35426474185035,
      "error": 6.0720747152942285e-06
    },
    "sigma_gauss_Z_c10_puidDown": {
      "value": 4.000478775484459,
      "error": 0.3746944069836365
    },
    "alpha1_Z_c10_puidDown": {
      "value": 1.5239541565666248,
      "error": 99.3708260573135
    },
    "alpha2_Z_c10_puidDown": {
      "value": 1.7593854112122467,
      "error": 5.938239914336786
    },
    "nL_Z_c10_puidDown": {
      "value": 17.543007695653017,
      "error": 256.06625804990404
    },
    "nR_Z_c10_puidDown": {
      "value": 1.0164155332218163,
      "error": 2.8512625626384756
    },
    "f_CB_GausZ_c10_puidDown": {
      "value": 0.9208697405687889,
      "error": 1.2767380353703683
    }
  },
  "nominal": {
    "mu_Z_c7": {
      "value": 92.33169826516851,
      "error": 2.445855513508788
    },
    "sigma_CB_Z_c7": {
      "value": 6.208400698360421,
      "error": 106.32790786581602
    },
    "sigma_gauss_Z_c7": {
      "value": 10.465555260796556,
      "error": 2.36335287678003
    },
    "alpha1_Z_c7": {
      "value": 0.18908433575486397,
      "error": 2.25532733399484
    },
    "alpha2_Z_c7": {
      "value": 0.3227600549899945,
      "error": 2.82775747820078
    },
    "nL_Z_c7": {
      "value": 99.94454987050005,
      "error": 9427.655237379913
    },
    "nR_Z_c7": {
      "value": 1.0000000020506947,
      "error": 4.412113937453239e-06
    },
    "f_CB_GausZ_c7": {
      "value": 0.25884313597286795,
      "error": 0.6733227786014929
    }
  },
  "btag_hf_up": {
    "mu_Z_c10_btag_hfUp": {
      "value": 93.44699360686482,
      "error": 2.497755266846315
    },
    "sigma_CB_Z_c10_btag_hfUp": {
      "value": 11.04718935190362,
      "error": 24.495983421609385
    },
    "sigma_gauss_Z_c10_btag_hfUp": {
      "value": 4.135256446944642,
      "error": 94.20656129304221
    },
    "alpha1_Z_c10_btag_hfUp": {
      "value": 1.4224309598200198,
      "error": 2.412311575007317
    },
    "alpha2_Z_c10_btag_hfUp": {
      "value": 1.759162012192413,
      "error": 0.7021384299450045
    },
    "nL_Z_c10_btag_hfUp": {
      "value": 21.501491580616598,
      "error": 7767.204174358597
    },
    "nR_Z_c10_btag_hfUp": {
      "value": 1.0000004368904074,
      "error": 0.00011854200007272598
    },
    "f_CB_GausZ_c10_btag_hfUp": {
      "value": 0.9455881788980917,
      "error": 2.4334635432105873
    }
  },
  "btag_hf_down": {
    "mu_Z_c10_btag_hfDown": {
      "value": 93.37062345495691,
      "error": 1947.5200559007421
    },
    "sigma_CB_Z_c10_btag_hfDown": {
      "value": 11.282550965328774,
      "error": 696.0459177813948
    },
    "sigma_gauss_Z_c10_btag_hfDown": {
      "value": 4.004487352253262,
      "error": 147.80157302256498
    },
    "alpha1_Z_c10_btag_hfDown": {
      "value": 1.5521050865042303,
      "error": 739.4159558942561
    },
    "alpha2_Z_c10_btag_hfDown": {
      "value": 1.779015199666969,
      "error": 299.2536143409222
    },
    "nL_Z_c10_btag_hfDown": {
      "value": 18.888949298499686,
      "error": 1755964.686973501
    },
    "nR_Z_c10_btag_hfDown": {
      "value": 1.0000006784478608,
      "error": 0.09800820502857895
    },
    "f_CB_GausZ_c10_btag_hfDown": {
      "value": 0.934250416562768,
      "error": 125.61469447090371
    }
  },
  "btag_lightf_up": {
    "mu_Z_c10_btag_lightfUp": {
      "value": 93.39815331314475,
      "error": 282015.0254030222
    },
    "sigma_CB_Z_c10_btag_lightfUp": {
      "value": 11.247347094967504,
      "error": 721.8376954652632
    },
    "sigma_gauss_Z_c10_btag_lightfUp": {
      "value": 4.007856719213815,
      "error": 3794.5508277789813
    },
    "alpha1_Z_c10_btag_lightfUp": {
      "value": 1.4875639649167836,
      "error": 810.0529568435403
    },
    "alpha2_Z_c10_btag_lightfUp": {
      "value": 1.7539484764401714,
      "error": 49883.341010696524
    },
    "nL_Z_c10_btag_lightfUp": {
      "value": 18.84326777672426,
      "error": 659715.3482752264
    },
    "nR_Z_c10_btag_lightfUp": {
      "value": 1.0057790815986274,
      "error": 3754.441472244362
    },
    "f_CB_GausZ_c10_btag_lightfUp": {
      "value": 0.9374295171985693,
      "error": 666.6761616940471
    }
  },
  "btag_lightf_down": {
    "mu_Z_c10_btag_lightfDown": {
      "value": 93.37779008464666,
      "error": 1.1504194799634164
    },
    "sigma_CB_Z_c10_btag_lightfDown": {
      "value": 11.150939596593576,
      "error": 2.6974382585679324
    },
    "sigma_gauss_Z_c10_btag_lightfDown": {
      "value": 4.007533957574785,
      "error": 113.85450698022555
    },
    "alpha1_Z_c10_btag_lightfDown": {
      "value": 1.5664487620865222,
      "error": 11.85719154968987
    },
    "alpha2_Z_c10_btag_lightfDown": {
      "value": 1.8137912149827278,
      "error": 6.115912185142163
    },
    "nL_Z_c10_btag_lightfDown": {
      "value": 24.782517934417942,
      "error": 7529622.084720773
    },
    "nR_Z_c10_btag_lightfDown": {
      "value": 1.000034547416859,
      "error": 214.4067213370258
    },
    "f_CB_GausZ_c10_btag_lightfDown": {
      "value": 0.9456457627073119,
      "error": 5.428495843041098
    }
  }
}