{
    "fitFunction": "zPeak_dscb",
    "parameters": {
        "nominal": {
            "normSig": {
                "value": 31.057700181275695,
                "error": 0.8707885071457337
            },
            "fraction_dscb": {
                "value": 0.5086620523218742,
                "error": 0.16579491427809512
            },
            "mean": {
                "value": 125.41988169010477,
                "error": 0.6067687321931317
            },
            "sigma": {
                "value": 9.495210467735841,
                "error": 1.010142908119743
            },
            "alphaL": {
                "value": 0.8205261201969064,
                "error": 0.30553172034184006
            },
            "nL": {
                "value": 6.315588606582449,
                "error": 6.75487650119509
            },
            "alphaR": {
                "value": 2.999972455720801,
                "error": 2.330175484056789
            },
            "nR": {
                "value": 0.05498598593285707,
                "error": 0.5722554820818666
            },
            "sigmaG": {
                "value": 13.257702285206431,
                "error": 1.2816604654483896
            }
        },
        "btag_up": {
            "normSig": {
                "value": 31.96866578874143,
                "error": 0.9144485685253622
            },
            "fraction_dscb": {
                "value": 0.5136623131806529,
                "error": 0.16581452429411708
            },
            "mean": {
                "value": 125.36603127644125,
                "error": 0.5875633785959877
            },
            "sigma": {
                "value": 9.504114969946368,
                "error": 0.9597972261819487
            },
            "alphaL": {
                "value": 0.8400753004084706,
                "error": 0.2922710997422299
            },
            "nL": {
                "value": 6.155460016964159,
                "error": 6.146790882871207
            },
            "alphaR": {
                "value": 2.9999999997114752,
                "error": 2.3766438686362266
            },
            "nR": {
                "value": 0.08455733833013833,
                "error": 0.5012442200299952
            },
            "sigmaG": {
                "value": 13.267104967301595,
                "error": 1.2660810743075377
            }
        },
        "btag_down": {
            "normSig": {
                "value": 30.145122801463245,
                "error": 0.834353157516434
            },
            "fraction_dscb": {
                "value": 0.5055636429346748,
                "error": 0.16628577347668483
            },
            "mean": {
                "value": 125.47661436994544,
                "error": 0.6272379067943064
            },
            "sigma": {
                "value": 9.488599381791936,
                "error": 1.0817339209815966
            },
            "alphaL": {
                "value": 0.8018775808560102,
                "error": 0.3147320960461823
            },
            "nL": {
                "value": 6.56992528805098,
                "error": 7.466656729086561
            },
            "alphaR": {
                "value": 2.9999822061914676,
                "error": 2.419103218583667
            },
            "nR": {
                "value": 0.03157983749973951,
                "error": 0.7018571028052214
            },
            "sigmaG": {
                "value": 13.241870771095915,
                "error": 1.2910158653744848
            }
        }
    }
}