{
    "fitFunction": "zPeak_dscb",
    "parameters": {
        "nominal": {
            "normSig": {
                "value": 738.8496376125039,
                "error": 6.603419705183132
            },
            "fraction_dscb": {
                "value": 0.41224154307413435,
                "error": 0.05005805577651898
            },
            "mean": {
                "value": 93.72768338840571,
                "error": 0.21587797538001752
            },
            "sigma": {
                "value": 8.502715484701218,
                "error": 1.148410884155597
            },
            "alphaL": {
                "value": 0.47857332481402676,
                "error": 0.09980632993771657
            },
            "nL": {
                "value": 9.999941417486378,
                "error": 8.846145525605397
            },
            "alphaR": {
                "value": 0.944013015710004,
                "error": 0.13771392628155105
            },
            "nR": {
                "value": 1.1000010438926386,
                "error": 0.122463988587721
            },
            "sigmaG": {
                "value": 11.264123451725848,
                "error": 0.279763695820046
            }
        },
        "btag_up": {
            "normSig": {
                "value": 749.1998532144825,
                "error": 6.757463603641292
            },
            "fraction_dscb": {
                "value": 0.41227638116453064,
                "error": 0.049838955275324115
            },
            "mean": {
                "value": 93.70717422945437,
                "error": 0.2174709918039781
            },
            "sigma": {
                "value": 8.457357613658429,
                "error": 1.1246772055243652
            },
            "alphaL": {
                "value": 0.47938071817087835,
                "error": 0.09827542021417612
            },
            "nL": {
                "value": 9.999567037285434,
                "error": 8.819532983582928
            },
            "alphaR": {
                "value": 0.9474117375644258,
                "error": 0.13602210913842996
            },
            "nR": {
                "value": 1.1000008373634853,
                "error": 0.12044131264596458
            },
            "sigmaG": {
                "value": 11.284461729637577,
                "error": 0.2846458574294619
            }
        },
        "btag_down": {
            "normSig": {
                "value": 728.2616387578859,
                "error": 6.468774756542137
            },
            "fraction_dscb": {
                "value": 0.4121341145170041,
                "error": 0.050511062011229124
            },
            "mean": {
                "value": 93.74553475796412,
                "error": 0.21444826864983924
            },
            "sigma": {
                "value": 8.547107111264054,
                "error": 1.1729053763661077
            },
            "alphaL": {
                "value": 0.4785123585806268,
                "error": 0.10168373577594078
            },
            "nL": {
                "value": 9.999952564474619,
                "error": 8.843328376659006
            },
            "alphaR": {
                "value": 0.9415841332019239,
                "error": 0.13996827886945304
            },
            "nR": {
                "value": 1.1000002584616344,
                "error": 0.12521755202685358
            },
            "sigmaG": {
                "value": 11.243912645595051,
                "error": 0.2755812726149429
            }
        }
    }
}