{
    "fitFunction": "zPeak_dscb",
    "parameters": {
        "nominal": {
            "normSig": {
                "value": 117.05486509118974,
                "error": 0.9457298945722449
            },
            "fraction_dscb": {
                "value": 0.5081812821995846,
                "error": 0.13612844265228008
            },
            "mean": {
                "value": 93.99510172054393,
                "error": 0.13383541479858252
            },
            "sigma": {
                "value": 9.271153537088438,
                "error": 0.5871170862871553
            },
            "alphaL": {
                "value": 1.0555308010455777,
                "error": 0.21315331281088748
            },
            "nL": {
                "value": 9.999999967027378,
                "error": 6.378812040716352
            },
            "alphaR": {
                "value": 1.5774963336031311,
                "error": 0.1936493975748811
            },
            "nR": {
                "value": 1.100000004984923,
                "error": 0.15802563610517073
            },
            "sigmaG": {
                "value": 10.436194922294767,
                "error": 0.4435872930905216
            }
        }
    }
}