{
    "norm": {
        "value": 123545.45444570381,
        "error": 915.2833520164513
    },
    "B": {
        "value": 0.012719352923969217,
        "error": 0.004419351992662825
    },
    "b": {
        "value": -0.00983394685800592,
        "error": 0.0004193324072059647
    },
    "c": {
        "value": 4.3005098696757966e-05,
        "error": 1.0240767122270785e-05
    }
}