{
    "normTotal": {
        "value": 3009.037456247132,
        "error": 21.44306920500976
    },
    "fraction_dscb": {
        "value": 0.6647109144515359,
        "error": 0.08149294324252149
    },
    "mean": {
        "value": 92.95381085046867,
        "error": 0.1429408376788075
    },
    "sigma": {
        "value": 10.548760625461433,
        "error": 0.5667753500261172
    },
    "alphaL": {
        "value": 0.8105960920634526,
        "error": 0.0929874142873254
    },
    "nL": {
        "value": 128.00515493657318,
        "error": 189.30668655683965
    },
    "alphaR": {
        "value": 1.587440985744221,
        "error": 0.11402753130664023
    },
    "nR": {
        "value": 0.6905993678092579,
        "error": 0.031086229842096247
    },
    "sigmaG": {
        "value": 10.20635002955864,
        "error": 0.37715709935985675
    }
}