{
    "normTotal": {
        "value": 1207.4531820579136,
        "error": 20.621578367669162
    },
    "fraction_dscb": {
        "value": 0.46112203937112645,
        "error": 0.06019738526832799
    },
    "mean": {
        "value": 92.99138721257314,
        "error": 0.5360787743874624
    },
    "sigma": {
        "value": 5.412742938096353,
        "error": 1.2613422522072253
    },
    "alphaL": {
        "value": 0.20189378408193479,
        "error": 0.06347032854808134
    },
    "nL": {
        "value": 102.25722566135651,
        "error": 185.7956797798162
    },
    "alphaR": {
        "value": 0.6196177291301586,
        "error": 0.23170013008401863
    },
    "nR": {
        "value": 1.0037146632089475,
        "error": 0.10676749657106394
    },
    "sigmaG": {
        "value": 11.53912290512415,
        "error": 0.3722307771242921
    }
}