{
    "fitFunction": "zPeak_dscb",
    "parameters": {
        "nominal": {
            "normSig": {
                "value": 48.37517603997257,
                "error": 1.5487352496770754
            },
            "fraction_dscb": {
                "value": 0.32962164994882104,
                "error": 0.3611929961708321
            },
            "mean": {
                "value": 124.5491051427719,
                "error": 0.7466673320477923
            },
            "sigma": {
                "value": 13.375021846925952,
                "error": 6.3713693661654025
            },
            "alphaL": {
                "value": 0.674079351345457,
                "error": 0.8099478474765103
            },
            "nL": {
                "value": 9.989955441027101,
                "error": 4.957115967871092
            },
            "alphaR": {
                "value": 1.5366356191109647,
                "error": 0.8730492597544446
            },
            "nR": {
                "value": 1.0000009603130855,
                "error": 8.344781019070624
            },
            "sigmaG": {
                "value": 11.63387459385586,
                "error": 1.3591933255970998
            }
        },
        "btag_up": {
            "normSig": {
                "value": 49.55665217739362,
                "error": 1.5798963619433926
            },
            "fraction_dscb": {
                "value": 0.3170989534616738,
                "error": 0.33422630478863885
            },
            "mean": {
                "value": 124.5481350237819,
                "error": 0.6991621230545988
            },
            "sigma": {
                "value": 13.636417940559868,
                "error": 6.363967203891504
            },
            "alphaL": {
                "value": 0.669278582429802,
                "error": 0.7486642828180881
            },
            "nL": {
                "value": 9.993290562727866,
                "error": 4.63063493271732
            },
            "alphaR": {
                "value": 1.4956330213684068,
                "error": 0.8535323021778828
            },
            "nR": {
                "value": 1.000000002388934,
                "error": 8.621997558963239
            },
            "sigmaG": {
                "value": 11.527184763473189,
                "error": 1.23712938816442
            }
        },
        "btag_down": {
            "normSig": {
                "value": 47.18412808783779,
                "error": 1.5445414762223353
            },
            "fraction_dscb": {
                "value": 0.33786724188587053,
                "error": 0.39409070645656197
            },
            "mean": {
                "value": 124.56164036370416,
                "error": 0.8395055655573955
            },
            "sigma": {
                "value": 13.087562205352615,
                "error": 6.730297055651775
            },
            "alphaL": {
                "value": 0.6703420792943839,
                "error": 0.8917370181741239
            },
            "nL": {
                "value": 9.961342107006503,
                "error": 4.513169905709066
            },
            "alphaR": {
                "value": 1.5736908226138766,
                "error": 0.9083398810183598
            },
            "nR": {
                "value": 1.0000000172691121,
                "error": 8.07607135464071
            },
            "sigmaG": {
                "value": 11.758541657708273,
                "error": 1.491546796595852
            }
        }
    }
}