{
    "fitFunction": "zPeak_dscb",
    "parameters": {
        "nominal": {
            "normSig": {
                "value": 990.3041642493148,
                "error": 10.121326510457747
            },
            "fraction_dscb": {
                "value": 0.754873404046982,
                "error": 0.018897914183702458
            },
            "mean": {
                "value": 92.89885523485404,
                "error": 0.21354214771185553
            },
            "sigma": {
                "value": 13.598602766391263,
                "error": 0.8191911989805254
            },
            "alphaL": {
                "value": 0.9821121979995839,
                "error": 0.059771949588257545
            },
            "nL": {
                "value": 9.269163715831462,
                "error": 0.39747299272990233
            },
            "alphaR": {
                "value": 1.535983133160617,
                "error": 0.03489740140849362
            },
            "nR": {
                "value": 1.0000121381344749,
                "error": 0.019534346502087407
            },
            "sigmaG": {
                "value": 10.821623279133243,
                "error": 1.0235209493360022
            }
        },
        "btag_up": {
            "normSig": {
                "value": 1009.2697534645467,
                "error": 10.896745555543072
            },
            "fraction_dscb": {
                "value": 0.9511964605271471,
                "error": 0.8684276373701693
            },
            "mean": {
                "value": 92.91848878196839,
                "error": 0.2229350840175499
            },
            "sigma": {
                "value": 12.866809191410974,
                "error": 1.2646687754951866
            },
            "alphaL": {
                "value": 1.1109126794136561,
                "error": 0.2331253727677422
            },
            "nL": {
                "value": 7.884396750956216,
                "error": 7.4427070906438395
            },
            "alphaR": {
                "value": 1.6781259865711953,
                "error": 0.23349579727118885
            },
            "nR": {
                "value": 1.0000100000090693,
                "error": 0.09045443805275244
            },
            "sigmaG": {
                "value": 10.581758192719496,
                "error": 3.3185789980291456
            }
        },
        "btag_down": {
            "normSig": {
                "value": 971.1649479122622,
                "error": 9.87322266129502
            },
            "fraction_dscb": {
                "value": 0.7498563033079844,
                "error": 0.019159185071740803
            },
            "mean": {
                "value": 92.90690780771412,
                "error": 0.21268445071204667
            },
            "sigma": {
                "value": 13.623092074518059,
                "error": 0.8305355759567927
            },
            "alphaL": {
                "value": 0.9811135725158507,
                "error": 0.05886948818509152
            },
            "nL": {
                "value": 9.157522542197144,
                "error": 0.4223876142691516
            },
            "alphaR": {
                "value": 1.5293030033495858,
                "error": 0.034274141830666016
            },
            "nR": {
                "value": 1.000010986571916,
                "error": 0.018649898743170912
            },
            "sigmaG": {
                "value": 10.80741579478157,
                "error": 1.0002249175117877
            }
        }
    }
}