{
    "fitFunction": "zPeak_dscb",
    "parameters": {
        "nominal": {
            "normSig": {
                "value": 176.39237599462803,
                "error": 1.7646200567148365
            },
            "fraction_dscb": {
                "value": 0.4839417091579468,
                "error": 0.08789254001543184
            },
            "mean": {
                "value": 94.35434639027763,
                "error": 0.16422201448177276
            },
            "sigma": {
                "value": 8.717957917161806,
                "error": 1.1133700055864182
            },
            "alphaL": {
                "value": 0.72053888166614,
                "error": 0.16080781536136163
            },
            "nL": {
                "value": 9.999976907278375,
                "error": 6.374393876903129
            },
            "alphaR": {
                "value": 1.170909831970925,
                "error": 0.18835510480707618
            },
            "nR": {
                "value": 1.0000101215645778,
                "error": 0.07631628287034109
            },
            "sigmaG": {
                "value": 10.276883971394279,
                "error": 0.2678373952631361
            }
        },
        "btag_up": {
            "normSig": {
                "value": 179.53167974487877,
                "error": 1.8119470642072053
            },
            "fraction_dscb": {
                "value": 0.47396887955028894,
                "error": 0.086820924886407
            },
            "mean": {
                "value": 94.34409552945198,
                "error": 0.16804385518708642
            },
            "sigma": {
                "value": 8.624879003906738,
                "error": 1.193127655192494
            },
            "alphaL": {
                "value": 0.7037506808927352,
                "error": 0.1664516953517693
            },
            "nL": {
                "value": 9.999999753597505,
                "error": 6.4702972112382735
            },
            "alphaR": {
                "value": 1.1516435194742234,
                "error": 0.19503237110930544
            },
            "nR": {
                "value": 1.0000100066252045,
                "error": 0.0778598966693751
            },
            "sigmaG": {
                "value": 10.28391907853506,
                "error": 0.2622857925746729
            }
        },
        "btag_down": {
            "normSig": {
                "value": 173.25666154464292,
                "error": 1.7257016490877803
            },
            "fraction_dscb": {
                "value": 0.49415514338459443,
                "error": 0.08866236934575389
            },
            "mean": {
                "value": 94.3650364604885,
                "error": 0.16150939596307978
            },
            "sigma": {
                "value": 8.818602760140479,
                "error": 1.026091304424149
            },
            "alphaL": {
                "value": 0.7388116677930344,
                "error": 0.1537844849523673
            },
            "nL": {
                "value": 9.99999874485239,
                "error": 6.302761512716195
            },
            "alphaR": {
                "value": 1.1924066025509308,
                "error": 0.18026707385549767
            },
            "nR": {
                "value": 1.0000100541007488,
                "error": 0.07720521810661163
            },
            "sigmaG": {
                "value": 10.269443385793666,
                "error": 0.27569542399474756
            }
        }
    }
}