{
    "fitFunction": "zPeak_dscb",
    "parameters": {
        "nominal": {
            "normSig": {
                "value": 220.73618096239426,
                "error": 1.9339705255180093
            },
            "fraction_dscb": {
                "value": 0.6670991638015814,
                "error": 0.14939491018909573
            },
            "mean": {
                "value": 93.86644612612427,
                "error": 0.1504739651026341
            },
            "sigma": {
                "value": 10.107305439175178,
                "error": 0.484293742413926
            },
            "alphaL": {
                "value": 0.9836729931681106,
                "error": 0.15228933295648184
            },
            "nL": {
                "value": 9.999996220273808,
                "error": 5.769996712955942
            },
            "alphaR": {
                "value": 1.5958310804226437,
                "error": 0.16022973052903244
            },
            "nR": {
                "value": 1.0000101784763569,
                "error": 0.05730110278984635
            },
            "sigmaG": {
                "value": 10.648774364634155,
                "error": 0.43349833726749143
            }
        },
        "btag_up": {
            "normSig": {
                "value": 224.8841008859621,
                "error": 1.953246442146788
            },
            "fraction_dscb": {
                "value": 0.6373522034485962,
                "error": 0.1386858909882864
            },
            "mean": {
                "value": 93.89993137157113,
                "error": 0.15682351238345404
            },
            "sigma": {
                "value": 10.139046486009024,
                "error": 0.49675210326768404
            },
            "alphaL": {
                "value": 0.9469388630059892,
                "error": 0.14670493828324171
            },
            "nL": {
                "value": 9.999995052205694,
                "error": 5.914028550124542
            },
            "alphaR": {
                "value": 1.5588074600926394,
                "error": 0.1562002035578599
            },
            "nR": {
                "value": 1.0000100005873143,
                "error": 0.05678630079356173
            },
            "sigmaG": {
                "value": 10.464529742412688,
                "error": 0.3391330638270009
            }
        },
        "btag_down": {
            "normSig": {
                "value": 216.50515226587964,
                "error": 1.8952842177215679
            },
            "fraction_dscb": {
                "value": 0.6898439107659785,
                "error": 0.15256007872196925
            },
            "mean": {
                "value": 93.82674082362395,
                "error": 0.14759768250029026
            },
            "sigma": {
                "value": 10.078745683722932,
                "error": 0.435528635295495
            },
            "alphaL": {
                "value": 1.0158693312688871,
                "error": 0.14513557419872686
            },
            "nL": {
                "value": 9.999997559978786,
                "error": 5.623205637467957
            },
            "alphaR": {
                "value": 1.626363509348061,
                "error": 0.14945694048079783
            },
            "nR": {
                "value": 1.0000100007822625,
                "error": 0.05786368040064327
            },
            "sigmaG": {
                "value": 10.857388271581446,
                "error": 0.6065852485693046
            }
        }
    }
}