{
    "fitFunction": "zPeak_dscb",
    "parameters": {
        "nominal": {
            "normSig": {
                "value": 41.70024561081306,
                "error": 1.4461321365561737
            },
            "fraction_dscb": {
                "value": 0.17730587057398167,
                "error": 0.07662927597956848
            },
            "mean": {
                "value": 125.9430042870445,
                "error": 0.8885758730376594
            },
            "sigma": {
                "value": 3.3499768686526252,
                "error": 3.5333883341708208
            },
            "alphaL": {
                "value": 0.33756736632612394,
                "error": 0.40170681746047476
            },
            "nL": {
                "value": 1.0000106528360728,
                "error": 1.735309609024849
            },
            "alphaR": {
                "value": 1.7558932344503007,
                "error": 1.9371917364515778
            },
            "nR": {
                "value": 2.551947341356924,
                "error": 5.269097113413031
            },
            "sigmaG": {
                "value": 14.01200757085562,
                "error": 0.8222115852473406
            }
        },
        "btag_up": {
            "normSig": {
                "value": 42.23166889634032,
                "error": 1.3425629741150193
            },
            "fraction_dscb": {
                "value": 0.18015402593693292,
                "error": 0.08017404936555092
            },
            "mean": {
                "value": 125.87684521269883,
                "error": 0.9005318111868377
            },
            "sigma": {
                "value": 3.386376746799754,
                "error": 3.68595663857237
            },
            "alphaL": {
                "value": 0.35849378124133746,
                "error": 0.41332559119686874
            },
            "nL": {
                "value": 1.0000100010812216,
                "error": 1.6665326939996563
            },
            "alphaR": {
                "value": 1.3351124347117618,
                "error": 1.7131822925776121
            },
            "nR": {
                "value": 3.464229243290662,
                "error": 6.515965123453471
            },
            "sigmaG": {
                "value": 14.029161319608695,
                "error": 0.8058342674092973
            }
        },
        "btag_down": {
            "normSig": {
                "value": 41.14113218591281,
                "error": 1.361253408843381
            },
            "fraction_dscb": {
                "value": 0.17597401085693065,
                "error": 0.05969335773316237
            },
            "mean": {
                "value": 125.99730421118502,
                "error": 0.7831581904789573
            },
            "sigma": {
                "value": 3.256002000386919,
                "error": 3.1006661008818925
            },
            "alphaL": {
                "value": 0.3193500452921507,
                "error": 0.3744413541466125
            },
            "nL": {
                "value": 1.0000100262637988,
                "error": 1.7152290735347433
            },
            "alphaR": {
                "value": 2.204409883966162,
                "error": 1.897728055801889
            },
            "nR": {
                "value": 1.9617095192345886,
                "error": 4.540183055905224
            },
            "sigmaG": {
                "value": 14.001892413602747,
                "error": 0.717929068127857
            }
        }
    }
}