{
    "fitFunction": "zPeak_dscb",
    "parameters": {
        "nominal": {
            "normSig": {
                "value": 165.03851958795943,
                "error": 2.432367245248617
            },
            "fraction_dscb": {
                "value": 0.29158094921160327,
                "error": 0.1732933775377387
            },
            "mean": {
                "value": 123.2854127640918,
                "error": 0.6110445991836713
            },
            "sigma": {
                "value": 13.465602364497624,
                "error": 3.236308881881099
            },
            "alphaL": {
                "value": 0.49041432721879646,
                "error": 0.34480593921254876
            },
            "nL": {
                "value": 9.999412328586653,
                "error": 7.49030780729888
            },
            "alphaR": {
                "value": 1.8688263017933457,
                "error": 0.5250201727931324
            },
            "nR": {
                "value": 1.0000124573505973,
                "error": 7.578379304473394
            },
            "sigmaG": {
                "value": 15.889305924595607,
                "error": 1.0247968350859047
            }
        },
        "btag_up": {
            "normSig": {
                "value": 168.42453688844762,
                "error": 2.5247205900247125
            },
            "fraction_dscb": {
                "value": 0.297342954152023,
                "error": 0.17291780243389065
            },
            "mean": {
                "value": 123.24655222052142,
                "error": 0.6150536538318221
            },
            "sigma": {
                "value": 13.441414972093215,
                "error": 3.162019629523611
            },
            "alphaL": {
                "value": 0.49792020502423245,
                "error": 0.3375802543714812
            },
            "nL": {
                "value": 9.981059103282636,
                "error": 8.7375633025343
            },
            "alphaR": {
                "value": 1.8648744640443782,
                "error": 0.5160970996788019
            },
            "nR": {
                "value": 1.0001577330834919,
                "error": 7.011764185336844
            },
            "sigmaG": {
                "value": 15.881300309753456,
                "error": 1.0426359007994535
            }
        },
        "btag_down": {
            "normSig": {
                "value": 161.70627523213938,
                "error": 2.356100207876874
            },
            "fraction_dscb": {
                "value": 0.28448553959867845,
                "error": 0.17321955912501413
            },
            "mean": {
                "value": 123.32789638194754,
                "error": 0.6121240996994288
            },
            "sigma": {
                "value": 13.46162813254332,
                "error": 3.337591955465113
            },
            "alphaL": {
                "value": 0.4816358839317797,
                "error": 0.35235519868306464
            },
            "nL": {
                "value": 9.948249745890203,
                "error": 4.518604266018204
            },
            "alphaR": {
                "value": 1.8774599815250554,
                "error": 0.5392089689606784
            },
            "nR": {
                "value": 1.0000194429365088,
                "error": 8.371456636118406
            },
            "sigmaG": {
                "value": 15.902666447918378,
                "error": 0.9959052638767227
            }
        }
    }
}