{
    "normTotal": {
        "value": 4.10127737004906,
        "error": 0.02578126095566864
    },
    "fraction_dscb": {
        "value": 0.48579570586106796,
        "error": 0.05883197166458087
    },
    "mean": {
        "value": 92.47517654989873,
        "error": 0.21348189144523388
    },
    "sigma": {
        "value": 11.721262678990655,
        "error": 1.4220931216883765
    },
    "alphaL": {
        "value": 0.622907155343116,
        "error": 0.2666316679030385
    },
    "nL": {
        "value": 130.553918319335,
        "error": 712.4884984092971
    },
    "alphaR": {
        "value": 1.3756076104128894,
        "error": 0.2870055876622837
    },
    "nR": {
        "value": 0.731855403315271,
        "error": 0.35681571508989207
    },
    "fraction_gaussian": {
        "value": 0.4823905285885179,
        "error": 0.11301006958460474
    },
    "sigmaG": {
        "value": 10.918501111318085,
        "error": 0.3278745892387297
    },
    "p1": {
        "value": -0.0037969377323667564,
        "error": 0.003956035001353855
    }
}