{
    "norm": {
        "value": 592701.4146456176,
        "error": 2663.4563677464917
    },
    "B": {
        "value": 0.017226833113060967,
        "error": 0.004504423288205287
    },
    "b": {
        "value": -0.006450942342991732,
        "error": 0.00114208746453969
    },
    "c": {
        "value": 4.437943070633172e-05,
        "error": 2.6528013543646094e-05
    }
}