{
    "A": {
        "value": 86.08289924200824,
        "error": 0.05470565900564952
    },
    "B": {
        "value": 0.01787776569125768,
        "error": 6.498530962183473e-06
    },
    "a": {
        "value": 1175.1740525370042,
        "error": 0.5741147437891757
    },
    "b": {
        "value": -9.589832598099903,
        "error": 0.00627724367853179
    },
    "c": {
        "value": 0.06882665373430646,
        "error": 6.014918309358256e-05
    },
    "norm": {
        "value": 0.3890044151210921,
        "error": 186.60633850111415
    },
    "mean": {
        "value": 91.51818742451974,
        "error": 0.05673013598179
    },
    "sigma": {
        "value": 10.874776673997033,
        "error": 0.45956091018651785
    },
    "alphaL": {
        "value": 1.1270761927022246,
        "error": 70.56915302326952
    },
    "nL": {
        "value": 135.25479237562286,
        "error": 18893.690279092825
    },
    "alphaR": {
        "value": -0.48441803149790674,
        "error": 0.0039441603623750696
    },
    "nR": {
        "value": 18.53404661691667,
        "error": 1201.6716546283963
    },
    "normG": {
        "value": 0.6569451556945358,
        "error": 179.3160217292281
    },
    "sigmaG": {
        "value": 10.736408406395554,
        "error": 363.88925706313853
    },
    "p0": {
        "value": -0.012332600631233995,
        "error": 8.229801206964147
    },
    "p1": {
        "value": -2.5546740383194404,
        "error": 0.06991104063468008
    }
}