{
    "fitFunction": "zPeak_dscb",
    "parameters": {
        "nominal": {
            "normSig": {
                "value": 27.524667832020395,
                "error": 0.8829977904875866
            },
            "fraction_dscb": {
                "value": 0.7998428905103161,
                "error": 0.2939969905190391
            },
            "mean": {
                "value": 125.44379835277591,
                "error": 0.5675120927605235
            },
            "sigma": {
                "value": 11.04235800402543,
                "error": 1.164776264988446
            },
            "alphaL": {
                "value": 1.0604552290394262,
                "error": 0.22272021109017776
            },
            "nL": {
                "value": 99.99735897257725,
                "error": 95.81327350979542
            },
            "alphaR": {
                "value": 2.999998955128211,
                "error": 2.7223106200193588
            },
            "nR": {
                "value": 99.93593229601949,
                "error": 87.64795405698425
            },
            "sigmaG": {
                "value": 14.111700976723462,
                "error": 2.1324708345859458
            }
        },
        "btag_up": {
            "normSig": {
                "value": 28.31014949820051,
                "error": 0.9271281251786742
            },
            "fraction_dscb": {
                "value": 0.7711721257647332,
                "error": 0.30433482975574006
            },
            "mean": {
                "value": 125.50643850016081,
                "error": 0.570151264508354
            },
            "sigma": {
                "value": 10.880290126214017,
                "error": 1.1933171523120727
            },
            "alphaL": {
                "value": 1.025844319673976,
                "error": 0.22930369288301666
            },
            "nL": {
                "value": 99.99706402458133,
                "error": 84.84864608414148
            },
            "alphaR": {
                "value": 2.999999823813461,
                "error": 2.998800497615994
            },
            "nR": {
                "value": 99.96219999052356,
                "error": 50.650409314325124
            },
            "sigmaG": {
                "value": 13.847372504273952,
                "error": 1.8663730977479398
            }
        },
        "btag_down": {
            "normSig": {
                "value": 26.735029276191838,
                "error": 0.8443096138409446
            },
            "fraction_dscb": {
                "value": 0.8176813851382823,
                "error": 0.28439014554305103
            },
            "mean": {
                "value": 125.38189266569297,
                "error": 0.5632023211767603
            },
            "sigma": {
                "value": 11.176652837572965,
                "error": 1.1381785425654236
            },
            "alphaL": {
                "value": 1.089921217840834,
                "error": 0.217053659264328
            },
            "nL": {
                "value": 99.99615812994648,
                "error": 99.37371379266375
            },
            "alphaR": {
                "value": 2.999999974999837,
                "error": 2.4791349598695067
            },
            "nR": {
                "value": 99.94729333661913,
                "error": 99.78605950781608
            },
            "sigmaG": {
                "value": 14.325217833196206,
                "error": 2.3241365121391784
            }
        }
    }
}