{
    "fitFunction": "zPeak_dscb",
    "parameters": {
        "nominal": {
            "normSig": {
                "value": 24.803443567384335,
                "error": 0.4111964705180262
            },
            "fraction_dscb": {
                "value": 0.5700692937632905,
                "error": 0.22113832481006535
            },
            "mean": {
                "value": 94.15562095764506,
                "error": 0.497125658808784
            },
            "sigma": {
                "value": 10.51177206759471,
                "error": 2.3579771077809646
            },
            "alphaL": {
                "value": 0.4709083803828921,
                "error": 0.3015306445713868
            },
            "nL": {
                "value": 9.999999904990352,
                "error": 8.74985354325804
            },
            "alphaR": {
                "value": 0.9450623487069837,
                "error": 0.449976134837519
            },
            "nR": {
                "value": 1.1000000000009367,
                "error": 0.12191675022945336
            },
            "sigmaG": {
                "value": 10.14651924650689,
                "error": 0.5111020233465435
            }
        },
        "btag_up": {
            "normSig": {
                "value": 24.59865509051136,
                "error": 0.40972937707453555
            },
            "fraction_dscb": {
                "value": 0.6185358100407371,
                "error": 0.20172451668207453
            },
            "mean": {
                "value": 94.29606143783566,
                "error": 0.4937823969474593
            },
            "sigma": {
                "value": 10.52762531055507,
                "error": 1.9508135122631742
            },
            "alphaL": {
                "value": 0.5285463402900022,
                "error": 0.24668819110495818
            },
            "nL": {
                "value": 9.999997167612346,
                "error": 8.899939221969433
            },
            "alphaR": {
                "value": 1.021827418118933,
                "error": 0.3466655150125763
            },
            "nR": {
                "value": 1.100000001369547,
                "error": 0.11326884432447304
            },
            "sigmaG": {
                "value": 10.110468947773219,
                "error": 0.5992659711557033
            }
        },
        "btag_down": {
            "normSig": {
                "value": 24.95337133564771,
                "error": 0.41494223775503797
            },
            "fraction_dscb": {
                "value": 0.5608690237123379,
                "error": 0.21106121321460294
            },
            "mean": {
                "value": 94.03863517022043,
                "error": 0.5054126077672692
            },
            "sigma": {
                "value": 10.565249910120533,
                "error": 2.3410147109793575
            },
            "alphaL": {
                "value": 0.46278015898578906,
                "error": 0.28432982496920794
            },
            "nL": {
                "value": 9.999943635379436,
                "error": 8.565310049482415
            },
            "alphaR": {
                "value": 0.9488651410161669,
                "error": 0.42827124192691707
            },
            "nR": {
                "value": 1.1000004844342202,
                "error": 0.1264998955872606
            },
            "sigmaG": {
                "value": 10.191202227162083,
                "error": 0.49785279154477813
            }
        }
    }
}