{
    "0": 4.020313369735382,
    "1": 1.021508831021642,
    "2": 0.9906597596807184,
    "3": 0.7234042855907771,
    "4": 0.5906197772442524,
    "5": 0.7678613823668202,
    "6": 1.0573477500908286,
    "7": 1.1590282145990274,
    "8": 1.062849626308427,
    "9": 0.982539874554256,
    "10": 0.9650008509116066,
    "11": 0.986824008413026,
    "12": 1.0050634821658155,
    "13": 1.0458627180422315,
    "14": 1.094448364791333,
    "15": 1.1376182632596632,
    "16": 1.167828627457626,
    "17": 1.1876655284316042,
    "18": 1.2101705276759271,
    "19": 1.2466392681775205,
    "20": 1.2860000146527526,
    "21": 1.3123829914848475,
    "22": 1.3276115967717967,
    "23": 1.3359904661234225,
    "24": 1.3298943959539757,
    "25": 1.31243020053007,
    "26": 1.2900362932678766,
    "27": 1.27779211815326,
    "28": 1.2683477431487942,
    "29": 1.2557330083249176,
    "30": 1.2371099981868237,
    "31": 1.2092165284757566,
    "32": 1.1705458258320445,
    "33": 1.1226542999366749,
    "34": 1.0650908914402135,
    "35": 0.9996474125667344,
    "36": 0.9274807593472956,
    "37": 0.8509650928039294,
    "38": 0.7707264478824548,
    "39": 0.689840814355606,
    "40": 0.6091596973684114,
    "41": 0.5299090135989466,
    "42": 0.4541887134360566,
    "43": 0.3835914442435516,
    "44": 0.31866969016717256,
    "45": 0.26200711661556525,
    "46": 0.21361134616914906,
    "47": 0.17332981770807776,
    "48": 0.1404273762647829,
    "49": 0.11363720075704332,
    "50": 0.09261721394334564,
    "51": 0.07585079954923392,
    "52": 0.06255256698154027,
    "53": 0.05246777054052687,
    "54": 0.043581926348499035,
    "55": 0.03635763048265796,
    "56": 0.030390571173073463,
    "57": 0.025960452510780108,
    "58": 0.022153653263640022,
    "59": 0.019277862385174243,
    "60": 0.01689817056863737,
    "61": 0.01473075798125544,
    "62": 0.012476883827489488,
    "63": 0.010487596118765019,
    "64": 0.008995126670244746,
    "65": 0.007581352582211598,
    "66": 0.006680211962057979,
    "67": 0.005690223290044997,
    "68": 0.004478580338393011,
    "69": 0.0040103694067345945,
    "70": 0.003536370085423166,
    "71": 0.003893862979462653,
    "72": 0.0035754009007263254,
    "73": 0.0024381085013473634,
    "74": 0.0016790639899557527,
    "75": 0.0015737568336621985,
    "76": 0.001441461690870037,
    "77": 0.0012725193403269246,
    "78": 0.002608101566274146,
    "79": 0.0,
    "80": 0.0,
    "81": 0.0,
    "82": 0.0,
    "83": 0.0,
    "84": 0.0,
    "85": 0.0,
    "86": 0.0,
    "87": 0.0,
    "88": 0.0,
    "89": 0.0,
    "90": 0.0,
    "91": 0.0,
    "92": 0.0,
    "93": 0.0,
    "94": 0.0,
    "95": 0.0,
    "96": 0.0,
    "97": 0.0,
    "98": 0.0
}