{
    "0": 0.038973611061294176,
    "1": 0.05538534996193561,
    "2": 0.4429856726550113,
    "3": 0.6739784967956358,
    "4": 0.419183165637413,
    "5": 0.41443925376385127,
    "6": 0.4471671107794398,
    "7": 0.40009668976412255,
    "8": 0.31337538763074285,
    "9": 0.2850462417548898,
    "10": 0.3111623478912383,
    "11": 0.38060522911356354,
    "12": 0.478603831887563,
    "13": 0.6167945920251542,
    "14": 0.7865072548400448,
    "15": 0.969713912052114,
    "16": 1.1423371601040018,
    "17": 1.2866820931322498,
    "18": 1.4036502183072264,
    "19": 1.5044138768638817,
    "20": 1.581707854011935,
    "21": 1.6265210802260568,
    "22": 1.6534476620148735,
    "23": 1.677583364620521,
    "24": 1.692443999087984,
    "25": 1.6973128185170028,
    "26": 1.6913673693842386,
    "27": 1.6855853196761466,
    "28": 1.6639992231989427,
    "29": 1.6148818474352395,
    "30": 1.533148446277089,
    "31": 1.4163185369646167,
    "32": 1.2678398265472315,
    "33": 1.0979719135168529,
    "34": 0.9169770418766295,
    "35": 0.7378962650612558,
    "36": 0.5717805402644475,
    "37": 0.427466204691925,
    "38": 0.30878153626555266,
    "39": 0.21691968938721842,
    "40": 0.14911457453769017,
    "41": 0.1012447286449291,
    "42": 0.06890282929764983,
    "43": 0.04788888424757548,
    "44": 0.0346460919953447,
    "45": 0.026718117230347713,
    "46": 0.02213762989065423,
    "47": 0.019585482238600033,
    "48": 0.018155677468031647,
    "49": 0.017197909793442913,
    "50": 0.016419958042144234,
    "51": 0.015514755720200302,
    "52": 0.014392577518723377,
    "53": 0.013169290270666042,
    "54": 0.01154553166727682,
    "55": 0.009826668270134679,
    "56": 0.008093501627624832,
    "57": 0.006568276696077149,
    "58": 0.005120765431269906,
    "59": 0.003902612679223371,
    "60": 0.002864464313673317,
    "61": 0.001996633162217721,
    "62": 0.0012922455576131362,
    "63": 0.0007953475840699096,
    "64": 0.00048058855812868753,
    "65": 0.0002758369106510107,
    "66": 0.00016071885881774274,
    "67": 8.826766322311049e-05,
    "68": 4.3834301045459985e-05,
    "69": 2.4315346443548413e-05,
    "70": 1.3080706120968395e-05,
    "71": 8.679911727286922e-06,
    "72": 4.759942274475455e-06,
    "73": 1.9276980561798348e-06,
    "74": 7.867744600523391e-07,
    "75": 4.3759611621026385e-07,
    "76": 2.3887303433025356e-07,
    "77": 1.2650226978503802e-07,
    "78": 1.5645781839065714e-07,
    "79": 1.5845192762439357e-05,
    "80": 4.690673913934329e-06,
    "81": 1.3727903217044355e-06,
    "82": 3.9602568849740253e-07,
    "83": 1.1222519153124853e-07,
    "84": 3.14258970223056e-08,
    "85": 8.662754818341533e-09,
    "86": 2.239010866148665e-09,
    "87": 6.696392956514057e-10,
    "88": 3.908885572568739e-11,
    "89": 0.0,
    "90": 0.0,
    "91": 0.0,
    "92": 0.0,
    "93": 0.0,
    "94": 0.0,
    "95": 0.0,
    "96": 0.0,
    "97": 0.0,
    "98": 0.0
}