{
    "fitFunction": "zPeak_dscb",
    "parameters": {
        "nominal": {
            "normSig": {
                "value": 41.60785653085163,
                "error": 0.626425974446724
            },
            "fraction_dscb": {
                "value": 0.949868787857426,
                "error": 0.8124756090432381
            },
            "mean": {
                "value": 92.74126291327542,
                "error": 0.23078380661585385
            },
            "sigma": {
                "value": 11.684187140280178,
                "error": 0.5276827674104192
            },
            "alphaL": {
                "value": 1.424366209294675,
                "error": 0.11392815891891818
            },
            "nL": {
                "value": 9.999588874616952,
                "error": 7.295450908370949
            },
            "alphaR": {
                "value": 1.6769402203040507,
                "error": 0.11117796969010413
            },
            "nR": {
                "value": 1.6683709722942475,
                "error": 0.4109464368357909
            },
            "sigmaG": {
                "value": 10.044924894285431,
                "error": 7.123187918082241
            }
        },
        "btag_up": {
            "normSig": {
                "value": 42.2171867854582,
                "error": 0.6381367203237241
            },
            "fraction_dscb": {
                "value": 0.9499033106132755,
                "error": 0.885763226717533
            },
            "mean": {
                "value": 92.77188214248918,
                "error": 0.22981461266969205
            },
            "sigma": {
                "value": 11.695023661802443,
                "error": 0.5236018625729519
            },
            "alphaL": {
                "value": 1.45616662834034,
                "error": 0.12134709751226708
            },
            "nL": {
                "value": 9.999752802809851,
                "error": 4.966773335531776
            },
            "alphaR": {
                "value": 1.6798542525099154,
                "error": 0.11029320093957069
            },
            "nR": {
                "value": 1.6409691628910863,
                "error": 0.4007546829289864
            },
            "sigmaG": {
                "value": 9.893036051508316,
                "error": 4.14949801301616
            }
        },
        "btag_down": {
            "normSig": {
                "value": 40.98178746076633,
                "error": 0.6174158085258397
            },
            "fraction_dscb": {
                "value": 0.9494343729023981,
                "error": 0.899621851777432
            },
            "mean": {
                "value": 92.70689838427553,
                "error": 0.23248171148191688
            },
            "sigma": {
                "value": 11.657870948938271,
                "error": 0.5290927484998607
            },
            "alphaL": {
                "value": 1.39099674163811,
                "error": 0.11020867941996296
            },
            "nL": {
                "value": 9.999851481221047,
                "error": 8.511071943820449
            },
            "alphaR": {
                "value": 1.6740086658698068,
                "error": 0.11818071041525896
            },
            "nR": {
                "value": 1.7034089465445972,
                "error": 0.4254215827468629
            },
            "sigmaG": {
                "value": 10.332626167561774,
                "error": 7.2259172095553375
            }
        }
    }
}