{
    "fitFunction": "zPeak_dscb",
    "parameters": {
        "nominal": {
            "normSig": {
                "value": 9.729233691113265,
                "error": 0.5306231707645845
            },
            "fraction_dscb": {
                "value": 0.8522982080857148,
                "error": 0.12677337614408046
            },
            "mean": {
                "value": 125.08973919087512,
                "error": 0.9591557203338965
            },
            "sigma": {
                "value": 11.595289680905445,
                "error": 1.4206579816450544
            },
            "alphaL": {
                "value": 1.0815401592241554,
                "error": 0.21199430093514599
            },
            "nL": {
                "value": 25.428972768527334,
                "error": 61.88835768247993
            },
            "alphaR": {
                "value": 2.9467051982549384,
                "error": 2.6729688185539775
            },
            "nR": {
                "value": 77.10619527327218,
                "error": 88.29523310935897
            },
            "sigmaG": {
                "value": 19.999968484930765,
                "error": 13.867973885057374
            }
        },
        "btag_up": {
            "normSig": {
                "value": 9.850115985807326,
                "error": 0.566034052946819
            },
            "fraction_dscb": {
                "value": 0.8792849414074477,
                "error": 0.1651615244363865
            },
            "mean": {
                "value": 125.10914148690978,
                "error": 1.0025851275510647
            },
            "sigma": {
                "value": 11.71983214513181,
                "error": 1.5912509472001872
            },
            "alphaL": {
                "value": 1.0879760219838992,
                "error": 0.24742883808886057
            },
            "nL": {
                "value": 30.524968690918847,
                "error": 53.66974837846803
            },
            "alphaR": {
                "value": 2.9999961085271662,
                "error": 2.827286580506261
            },
            "nR": {
                "value": 0.2434367393741752,
                "error": 5.787695559820214
            },
            "sigmaG": {
                "value": 19.999590837644686,
                "error": 18.334554148810902
            }
        },
        "btag_down": {
            "normSig": {
                "value": 9.608639123446359,
                "error": 0.5199932348248931
            },
            "fraction_dscb": {
                "value": 0.862998536443649,
                "error": 0.12937539410181975
            },
            "mean": {
                "value": 125.15162907966358,
                "error": 0.9470483470034949
            },
            "sigma": {
                "value": 11.768660416745385,
                "error": 1.3964928352590507
            },
            "alphaL": {
                "value": 1.065243592219239,
                "error": 0.18717329837535107
            },
            "nL": {
                "value": 34.30380592725211,
                "error": 64.94197432341166
            },
            "alphaR": {
                "value": 2.817534572978071,
                "error": 1.9815717939244828
            },
            "nR": {
                "value": 67.67229819162792,
                "error": 83.77839507700982
            },
            "sigmaG": {
                "value": 19.999981840771696,
                "error": 13.727549165730396
            }
        }
    }
}