{
    "fitFunction": "zPeak_dscb",
    "parameters": {
        "nominal": {
            "normSig": {
                "value": 62.833635803726395,
                "error": 0.6137825927777752
            },
            "fraction_dscb": {
                "value": 0.44442164796639594,
                "error": 0.06255375531858651
            },
            "mean": {
                "value": 123.68375338750215,
                "error": 0.23707867220263523
            },
            "sigma": {
                "value": 11.082593861739285,
                "error": 0.45540529687410647
            },
            "alphaL": {
                "value": 0.6128623744785686,
                "error": 0.055342355748337846
            },
            "nL": {
                "value": 99.9961194129777,
                "error": 78.83149832197648
            },
            "alphaR": {
                "value": 2.9999994999923167,
                "error": 2.1990798648266052
            },
            "nR": {
                "value": 0.07924681770085516,
                "error": 0.2518134704505899
            },
            "sigmaG": {
                "value": 14.600376011542682,
                "error": 0.32636377834465247
            }
        },
        "btag_up": {
            "normSig": {
                "value": 63.85044419260205,
                "error": 0.6346255307493799
            },
            "fraction_dscb": {
                "value": 0.4438448036489429,
                "error": 0.0628815239395063
            },
            "mean": {
                "value": 123.72704651922207,
                "error": 0.2409793193789298
            },
            "sigma": {
                "value": 11.057765314721822,
                "error": 0.4863471395225023
            },
            "alphaL": {
                "value": 0.6110013165824225,
                "error": 0.05589355083365127
            },
            "nL": {
                "value": 99.99918568766616,
                "error": 72.68937287444828
            },
            "alphaR": {
                "value": 2.999903127490901,
                "error": 2.0863429028558445
            },
            "nR": {
                "value": 0.07164936681882181,
                "error": 0.23913627993620445
            },
            "sigmaG": {
                "value": 14.55896087657095,
                "error": 0.32797746129506766
            }
        },
        "btag_down": {
            "normSig": {
                "value": 61.79660732871304,
                "error": 0.5983211835011131
            },
            "fraction_dscb": {
                "value": 0.44582913093596377,
                "error": 0.07219559578171136
            },
            "mean": {
                "value": 123.63566054638305,
                "error": 0.26441064086430544
            },
            "sigma": {
                "value": 11.111177595047028,
                "error": 0.8296192907357183
            },
            "alphaL": {
                "value": 0.6159576918359647,
                "error": 0.08069262503122632
            },
            "nL": {
                "value": 99.99986707544276,
                "error": 77.39881506343954
            },
            "alphaR": {
                "value": 2.999995636847851,
                "error": 2.614245545807859
            },
            "nR": {
                "value": 0.08835142000471534,
                "error": 0.3014879743114385
            },
            "sigmaG": {
                "value": 14.640804759391498,
                "error": 0.33393177684811715
            }
        }
    }
}