{
    "fitFunction": "zPeak_dscb",
    "parameters": {
        "nominal": {
            "normSig": {
                "value": 68.00574101494487,
                "error": 1.0672153339482386
            },
            "fraction_dscb": {
                "value": 0.5736518497856973,
                "error": 0.2656749681002002
            },
            "mean": {
                "value": 124.0004686866024,
                "error": 0.3906956682560221
            },
            "sigma": {
                "value": 12.52234186852594,
                "error": 1.250172727246201
            },
            "alphaL": {
                "value": 1.1608968365836914,
                "error": 0.4044687603711718
            },
            "nL": {
                "value": 3.149266823772453,
                "error": 2.2423473530250693
            },
            "alphaR": {
                "value": 2.0661513399697453,
                "error": 0.3214744012903078
            },
            "nR": {
                "value": 1.1313947231959336,
                "error": 6.124891199524494
            },
            "sigmaG": {
                "value": 14.25511154211232,
                "error": 1.8329449375131315
            }
        },
        "btag_up": {
            "normSig": {
                "value": 69.15039559524642,
                "error": 1.096966954362647
            },
            "fraction_dscb": {
                "value": 0.5740799518627994,
                "error": 0.2618640854589026
            },
            "mean": {
                "value": 124.06914273798918,
                "error": 0.39297790401167987
            },
            "sigma": {
                "value": 12.496780421571174,
                "error": 1.2663885808426096
            },
            "alphaL": {
                "value": 1.1508699391439514,
                "error": 0.40492692389695417
            },
            "nL": {
                "value": 3.2666912539453006,
                "error": 2.414841408847253
            },
            "alphaR": {
                "value": 2.0604091191985026,
                "error": 0.32800463016757664
            },
            "nR": {
                "value": 1.159973561869065,
                "error": 5.765264703800148
            },
            "sigmaG": {
                "value": 14.212997380392505,
                "error": 1.8665372686046853
            }
        },
        "btag_down": {
            "normSig": {
                "value": 66.8653176549404,
                "error": 1.0458404006098607
            },
            "fraction_dscb": {
                "value": 0.5708062737883297,
                "error": 0.2585045397482043
            },
            "mean": {
                "value": 123.94508173852172,
                "error": 0.38693426222244653
            },
            "sigma": {
                "value": 12.5703209828594,
                "error": 1.2212650396875961
            },
            "alphaL": {
                "value": 1.163127452926821,
                "error": 0.3988080181888211
            },
            "nL": {
                "value": 3.104629783788939,
                "error": 2.174511591901129
            },
            "alphaR": {
                "value": 2.069022449117703,
                "error": 0.30461652783778315
            },
            "nR": {
                "value": 1.108030171561562,
                "error": 7.213116889893819
            },
            "sigmaG": {
                "value": 14.253119950778478,
                "error": 1.7926807346336417
            }
        }
    }
}