{
    "fitFunction": "zPeak_dscb",
    "parameters": {
        "nominal": {
            "normSig": {
                "value": 64.91357356767737,
                "error": 0.7643815215741643
            },
            "fraction_dscb": {
                "value": 0.9908105025953144,
                "error": 0.7640353046805808
            },
            "mean": {
                "value": 123.24267234547581,
                "error": 0.2601290389919839
            },
            "sigma": {
                "value": 13.707809651276621,
                "error": 0.33080234375387185
            },
            "alphaL": {
                "value": 1.194710574062405,
                "error": 0.08363946574164627
            },
            "nL": {
                "value": 9.999983541399523,
                "error": 5.585122220835741
            },
            "alphaR": {
                "value": 2.6092764503546024,
                "error": 0.11853306081524373
            },
            "nR": {
                "value": 1.0000379449410672,
                "error": 7.69492302919797
            },
            "sigmaG": {
                "value": 15.269124059923172,
                "error": 15.898351259810939
            }
        },
        "btag_up": {
            "normSig": {
                "value": 66.0970487212642,
                "error": 0.8669974479478882
            },
            "fraction_dscb": {
                "value": 0.9303242577573747,
                "error": 0.9100748027823826
            },
            "mean": {
                "value": 123.33537586462057,
                "error": 0.4688581614085905
            },
            "sigma": {
                "value": 13.536723348137272,
                "error": 1.1489918253365223
            },
            "alphaL": {
                "value": 1.156932980260627,
                "error": 0.3055143887554933
            },
            "nL": {
                "value": 9.999999393591652,
                "error": 5.808284366886246
            },
            "alphaR": {
                "value": 2.6198005987213686,
                "error": 0.1456732743689646
            },
            "nR": {
                "value": 1.0000026180546167,
                "error": 8.166157702551684
            },
            "sigmaG": {
                "value": 15.165263405096999,
                "error": 4.225704946126102
            }
        },
        "btag_down": {
            "normSig": {
                "value": 63.73105959776355,
                "error": 0.8207757338008542
            },
            "fraction_dscb": {
                "value": 0.9910853240182997,
                "error": 0.9950356354215759
            },
            "mean": {
                "value": 123.20118140841726,
                "error": 0.2756186552100601
            },
            "sigma": {
                "value": 13.746047059620983,
                "error": 0.4617457753871692
            },
            "alphaL": {
                "value": 1.1968324525896428,
                "error": 0.14627495279129077
            },
            "nL": {
                "value": 9.99999999917453,
                "error": 6.186290372045818
            },
            "alphaR": {
                "value": 2.6062710828045126,
                "error": 0.12128621397743133
            },
            "nR": {
                "value": 1.000073180733373,
                "error": 8.98873966575539
            },
            "sigmaG": {
                "value": 14.840896696339016,
                "error": 16.563554952180368
            }
        }
    }
}