{
    "normSig": {
        "value": 660.5760854022772,
        "error": 5.604285363286132
    },
    "fraction_dscb": {
        "value": 0.40923154136704265,
        "error": 0.032303660297002684
    },
    "mean": {
        "value": 92.82882569148839,
        "error": 0.10522629142034985
    },
    "sigma": {
        "value": 17.22633616326327,
        "error": 0.625817888751326
    },
    "alphaR": {
        "value": 1.4861628800056463,
        "error": 0.08671499022504765
    },
    "nR": {
        "value": 0.6534154517448827,
        "error": 0.05152509382177699
    },
    "sigmaG": {
        "value": 8.741596776871111,
        "error": 0.23285052129273023
    }
}