{
    "fitFunction": "zPeak_dscb",
    "parameters": {
        "nominal": {
            "normSig": {
                "value": 762.5968935119853,
                "error": 6.013772032727045
            },
            "fraction_dscb": {
                "value": 0.43313547612382325,
                "error": 0.06960622308828318
            },
            "mean": {
                "value": 92.6571783449599,
                "error": 0.14857003113195333
            },
            "sigma": {
                "value": 9.920764052593693,
                "error": 0.585537584329523
            },
            "alphaL": {
                "value": 0.720485622242326,
                "error": 0.15061766422580675
            },
            "nL": {
                "value": 9.291078160451779,
                "error": 8.462911128634396
            },
            "alphaR": {
                "value": 1.3952310745938878,
                "error": 0.13637016812114378
            },
            "nR": {
                "value": 1.0000132020978745,
                "error": 0.17131251318351048
            },
            "sigmaG": {
                "value": 11.085117950287936,
                "error": 0.30429041331041784
            }
        },
        "btag_up": {
            "normSig": {
                "value": 775.3606668736437,
                "error": 6.399718023909747
            },
            "fraction_dscb": {
                "value": 0.43325280054123594,
                "error": 0.07290865796136214
            },
            "mean": {
                "value": 92.66002431285057,
                "error": 0.16370031097093118
            },
            "sigma": {
                "value": 9.926608861254028,
                "error": 0.7499078480618273
            },
            "alphaL": {
                "value": 0.7134644239060237,
                "error": 0.1208818793460934
            },
            "nL": {
                "value": 9.996707050767286,
                "error": 4.649897935025645
            },
            "alphaR": {
                "value": 1.3967160029131322,
                "error": 0.13619906740154863
            },
            "nR": {
                "value": 1.0000100004341224,
                "error": 0.2043275501463545
            },
            "sigmaG": {
                "value": 11.070591784177205,
                "error": 0.27073542887167434
            }
        },
        "btag_down": {
            "normSig": {
                "value": 749.6583909242307,
                "error": 6.155887135042765
            },
            "fraction_dscb": {
                "value": 0.43474587685356264,
                "error": 0.07815774423203678
            },
            "mean": {
                "value": 92.65609346600532,
                "error": 0.23884737042258308
            },
            "sigma": {
                "value": 9.911196779699011,
                "error": 0.7444635222771989
            },
            "alphaL": {
                "value": 0.7273182110903227,
                "error": 0.2494348901180333
            },
            "nL": {
                "value": 8.919579372589876,
                "error": 4.830853878371847
            },
            "alphaR": {
                "value": 1.3964951850209495,
                "error": 0.1543252964033256
            },
            "nR": {
                "value": 1.0000100887940984,
                "error": 0.2870949236445123
            },
            "sigmaG": {
                "value": 11.09930515142134,
                "error": 0.38727849983211815
            }
        }
    }
}