{
    "normSig": {
        "value": 701.1302234984354,
        "error": 5.932882375836154
    },
    "fraction_dscb": {
        "value": 0.8221485708823371,
        "error": 0.0881647874924476
    },
    "mean": {
        "value": 93.16824917850164,
        "error": 0.13634902748550815
    },
    "sigma": {
        "value": 9.463869983345015,
        "error": 0.2944807985897473
    },
    "alphaL": {
        "value": 1.1315194625263327,
        "error": 0.09022890801527123
    },
    "nL": {
        "value": 140.32096587991782,
        "error": 214.63015580728975
    },
    "alphaR": {
        "value": 1.9157869386107362,
        "error": 0.08428244783564669
    },
    "nR": {
        "value": 0.6659672768093353,
        "error": 0.043397946088169215
    },
    "sigmaG": {
        "value": 11.99537644274864,
        "error": 1.381696583027927
    }
}