{
    "fitFunction": "zPeak_dscb",
    "parameters": {
        "nominal": {
            "normSig": {
                "value": 794.6871261581508,
                "error": 6.005009022600139
            },
            "fraction_dscb": {
                "value": 0.45300430396904373,
                "error": 0.05717843347923535
            },
            "mean": {
                "value": 93.56228835937382,
                "error": 0.18643262515379178
            },
            "sigma": {
                "value": 9.076286841021485,
                "error": 0.9417233891683736
            },
            "alphaL": {
                "value": 0.6023825356242204,
                "error": 0.10264618029010897
            },
            "nL": {
                "value": 9.99999901853587,
                "error": 8.820567257910596
            },
            "alphaR": {
                "value": 1.1313835674193615,
                "error": 0.16196916877037237
            },
            "nR": {
                "value": 1.2001613694289222,
                "error": 0.3001331196259246
            },
            "sigmaG": {
                "value": 10.910139527173436,
                "error": 0.29235204052771824
            }
        },
        "btag_up": {
            "normSig": {
                "value": 807.2404939542998,
                "error": 6.143499386467607
            },
            "fraction_dscb": {
                "value": 0.4501148327715299,
                "error": 0.05729480766409578
            },
            "mean": {
                "value": 93.56055611373718,
                "error": 0.18176836967047194
            },
            "sigma": {
                "value": 8.97268641514769,
                "error": 0.9423427675873928
            },
            "alphaL": {
                "value": 0.5963324923388594,
                "error": 0.10288328400897712
            },
            "nL": {
                "value": 9.999657257550735,
                "error": 8.564473739765965
            },
            "alphaR": {
                "value": 1.1284529624731081,
                "error": 0.15983506680762705
            },
            "nR": {
                "value": 1.1891520569223988,
                "error": 0.27660458230598906
            },
            "sigmaG": {
                "value": 10.936504919031231,
                "error": 0.2839039397926397
            }
        },
        "btag_down": {
            "normSig": {
                "value": 782.0120039114502,
                "error": 5.735493981672803
            },
            "fraction_dscb": {
                "value": 0.45220519961825567,
                "error": 0.05674900908849051
            },
            "mean": {
                "value": 93.53061487052395,
                "error": 0.16076785291095064
            },
            "sigma": {
                "value": 9.19591820900163,
                "error": 0.9441038925703849
            },
            "alphaL": {
                "value": 0.6251969143624516,
                "error": 0.11441855852726801
            },
            "nL": {
                "value": 7.3604303922769185,
                "error": 2.2247889596726615
            },
            "alphaR": {
                "value": 1.1242943924084072,
                "error": 0.17265842467541354
            },
            "nR": {
                "value": 1.2256050275846393,
                "error": 0.31799657708322393
            },
            "sigmaG": {
                "value": 10.893927198969358,
                "error": 0.3061751678094735
            }
        }
    }
}