{
    "fitFunction": "zPeak_dscb",
    "parameters": {
        "nominal": {
            "normSig": {
                "value": 102.4989294930162,
                "error": 0.8659911269774394
            },
            "fraction_dscb": {
                "value": 0.6264519678462505,
                "error": 0.1275453423421558
            },
            "mean": {
                "value": 94.45362925361441,
                "error": 0.14620335504359616
            },
            "sigma": {
                "value": 9.621929850506923,
                "error": 0.4688273426342988
            },
            "alphaL": {
                "value": 0.9789435995305039,
                "error": 0.15218123031689926
            },
            "nL": {
                "value": 9.999999784691664,
                "error": 6.933222464520419
            },
            "alphaR": {
                "value": 1.4709827102923068,
                "error": 0.15288566690042843
            },
            "nR": {
                "value": 1.1000000015086402,
                "error": 0.13721707753466406
            },
            "sigmaG": {
                "value": 10.472938348795227,
                "error": 0.5512513435671007
            }
        },
        "btag_up": {
            "normSig": {
                "value": 104.52187380366031,
                "error": 0.8887285843367325
            },
            "fraction_dscb": {
                "value": 0.6451816907475237,
                "error": 0.13957127304339031
            },
            "mean": {
                "value": 94.47550059092723,
                "error": 0.14506881853705522
            },
            "sigma": {
                "value": 9.715946432449744,
                "error": 0.4707390689237929
            },
            "alphaL": {
                "value": 1.003535503099592,
                "error": 0.16145776196702402
            },
            "nL": {
                "value": 9.999999999626592,
                "error": 6.726920103808226
            },
            "alphaR": {
                "value": 1.489647112314508,
                "error": 0.16187805139263442
            },
            "nR": {
                "value": 1.1000000000616956,
                "error": 0.1197759065099534
            },
            "sigmaG": {
                "value": 10.435847537809346,
                "error": 0.5759895832262307
            }
        },
        "btag_down": {
            "normSig": {
                "value": 100.40955426904884,
                "error": 0.8481214554171
            },
            "fraction_dscb": {
                "value": 0.6083670259845617,
                "error": 0.11578372804076206
            },
            "mean": {
                "value": 94.43158231359993,
                "error": 0.14824408121270238
            },
            "sigma": {
                "value": 9.52310479215686,
                "error": 0.472840579118313
            },
            "alphaL": {
                "value": 0.9547843037938436,
                "error": 0.14390608717780562
            },
            "nL": {
                "value": 9.999974922249244,
                "error": 7.1907079882944185
            },
            "alphaR": {
                "value": 1.4547139547746495,
                "error": 0.14488535511502618
            },
            "nR": {
                "value": 1.1000001900511907,
                "error": 0.16302595297228117
            },
            "sigmaG": {
                "value": 10.50799848621347,
                "error": 0.5210006594403254
            }
        }
    }
}