{
    "fitFunction": "zPeak_dscb",
    "parameters": {
        "nominal": {
            "normSig": {
                "value": 32.89902424395598,
                "error": 0.48239597318608934
            },
            "fraction_dscb": {
                "value": 0.9499999997402713,
                "error": 0.14616432562897452
            },
            "mean": {
                "value": 92.00968495676008,
                "error": 0.2585472769649968
            },
            "sigma": {
                "value": 12.024447340240057,
                "error": 0.31810889209786364
            },
            "alphaL": {
                "value": 1.2609586714483505,
                "error": 0.09689746535021404
            },
            "nL": {
                "value": 9.999939476963366,
                "error": 8.80344554685713
            },
            "alphaR": {
                "value": 1.715245653441262,
                "error": 0.03582640436187829
            },
            "nR": {
                "value": 1.1000009411047582,
                "error": 0.0676780434062042
            },
            "sigmaG": {
                "value": 10.82551758157882,
                "error": 2.3108147102847303
            }
        },
        "btag_up": {
            "normSig": {
                "value": 33.039712729382934,
                "error": 0.48792789269481474
            },
            "fraction_dscb": {
                "value": 0.949999999931899,
                "error": 0.14588838890015304
            },
            "mean": {
                "value": 92.02509191255342,
                "error": 0.25795396358343936
            },
            "sigma": {
                "value": 12.048385797034955,
                "error": 0.3200771556929789
            },
            "alphaL": {
                "value": 1.275978543373371,
                "error": 0.09841925180259933
            },
            "nL": {
                "value": 9.999999999998652,
                "error": 8.751246427870264
            },
            "alphaR": {
                "value": 1.7106073364236318,
                "error": 0.03612082552263749
            },
            "nR": {
                "value": 1.100000000000709,
                "error": 0.07474133948289896
            },
            "sigmaG": {
                "value": 10.889466033122014,
                "error": 2.4005008981009226
            }
        },
        "btag_down": {
            "normSig": {
                "value": 32.73923526109501,
                "error": 0.4793104698914023
            },
            "fraction_dscb": {
                "value": 0.9499998175466695,
                "error": 0.15374252267380656
            },
            "mean": {
                "value": 91.99037553659235,
                "error": 0.26064692279499724
            },
            "sigma": {
                "value": 11.997571790578524,
                "error": 0.31721213774792734
            },
            "alphaL": {
                "value": 1.2453345865666288,
                "error": 0.09651783653839252
            },
            "nL": {
                "value": 9.999929336093906,
                "error": 8.811703616658704
            },
            "alphaR": {
                "value": 1.724995086710642,
                "error": 0.036071257728859975
            },
            "nR": {
                "value": 1.1000000000025465,
                "error": 0.06414677187339568
            },
            "sigmaG": {
                "value": 10.750867397613476,
                "error": 2.2059147308958122
            }
        }
    }
}