{
    "fitFunction": "zPeak_dscb",
    "parameters": {
        "nominal": {
            "normSig": {
                "value": 8.563531920663223,
                "error": 0.500590222904161
            },
            "fraction_dscb": {
                "value": 0.0488737766168082,
                "error": 0.13027576096610477
            },
            "mean": {
                "value": 121.24334602457323,
                "error": 1.2458642255208119
            },
            "sigma": {
                "value": 12.202189239910968,
                "error": 4.748203121738959
            },
            "alphaL": {
                "value": 0.8374448508375185,
                "error": 1.9179587797351054
            },
            "nL": {
                "value": 1.8399440474744353,
                "error": 6.863390120471974
            },
            "alphaR": {
                "value": 2.999998828792378,
                "error": 1.5393075258614226
            },
            "nR": {
                "value": 66.34561414401661,
                "error": 64.73205924479642
            },
            "sigmaG": {
                "value": 13.2807039578304,
                "error": 0.5706808326404689
            }
        },
        "btag_up": {
            "normSig": {
                "value": 8.664041648413722,
                "error": 0.5129749687989461
            },
            "fraction_dscb": {
                "value": 0.0550573980357018,
                "error": 0.14707978479273243
            },
            "mean": {
                "value": 121.16205670927978,
                "error": 1.3044357860593792
            },
            "sigma": {
                "value": 12.245884913908625,
                "error": 4.448471511870787
            },
            "alphaL": {
                "value": 0.8283780234316312,
                "error": 1.9139732832599634
            },
            "nL": {
                "value": 2.599111413010014,
                "error": 10.648823945227837
            },
            "alphaR": {
                "value": 2.99960426509523,
                "error": 1.6258715935235908
            },
            "nR": {
                "value": 89.22337784756178,
                "error": 78.32325681694837
            },
            "sigmaG": {
                "value": 13.284688546529402,
                "error": 0.5879371871268253
            }
        },
        "btag_down": {
            "normSig": {
                "value": 8.455358181913251,
                "error": 0.49026742096964465
            },
            "fraction_dscb": {
                "value": 0.041198791541618374,
                "error": 0.10729607110450178
            },
            "mean": {
                "value": 121.29704665015895,
                "error": 1.2363989135996718
            },
            "sigma": {
                "value": 12.187113791094946,
                "error": 5.600604523662884
            },
            "alphaL": {
                "value": 0.836852190796379,
                "error": 1.1217641762114374
            },
            "nL": {
                "value": 1.2549589273753834,
                "error": 5.786985723867654
            },
            "alphaR": {
                "value": 2.999999670597041,
                "error": 1.52410515145635
            },
            "nR": {
                "value": 45.378087668707344,
                "error": 60.426161817999755
            },
            "sigmaG": {
                "value": 13.285385197935689,
                "error": 0.572354934703994
            }
        }
    }
}