{
    "norm": {
        "value": 77.6846721875842,
        "error": 11.977055256848463
    },
    "beta_left": {
        "value": 1.1722137205705472,
        "error": 0.10951602599467179
    },
    "m_left": {
        "value": 3.1194323801725217,
        "error": 0.93346132233084
    },
    "scale_left": {
        "value": 13.298149229684585,
        "error": 0.82708446541873
    },
    "beta_right": {
        "value": 1.5756390883957145,
        "error": 0.027724719437821538
    },
    "m_right": {
        "value": 1.0716385740763377,
        "error": 0.02445461979091156
    },
    "scale_right": {
        "value": 15.726046392363344,
        "error": 0.579411497903047
    },
    "loc": {
        "value": 91.33398661046432,
        "error": 0.6936380836901302
    }
}