{
    "fitFunction": "zPeak_dscb",
    "parameters": {
        "nominal": {
            "normSig": {
                "value": 245.32272608664894,
                "error": 4.070120030394696
            },
            "fraction_dscb": {
                "value": 0.532475111777133,
                "error": 0.12604443394008896
            },
            "mean": {
                "value": 92.56941662420174,
                "error": 0.3998093730265708
            },
            "sigma": {
                "value": 9.34068381868187,
                "error": 1.4259747498932098
            },
            "alphaL": {
                "value": 0.7502731172952193,
                "error": 0.20744843838464747
            },
            "nL": {
                "value": 9.999631612601389,
                "error": 5.7453983290513895
            },
            "alphaR": {
                "value": 1.1306120892522338,
                "error": 0.37728071837850624
            },
            "nR": {
                "value": 2.344752545611258,
                "error": 1.5701434903382834
            },
            "sigmaG": {
                "value": 12.232446833449922,
                "error": 1.5019319753528402
            }
        },
        "btag_up": {
            "normSig": {
                "value": 248.18145282781504,
                "error": 4.157946111273915
            },
            "fraction_dscb": {
                "value": 0.5264543397087604,
                "error": 0.14780165302668782
            },
            "mean": {
                "value": 92.56047337523545,
                "error": 0.48153641779848755
            },
            "sigma": {
                "value": 9.140181533501258,
                "error": 1.7611862099363371
            },
            "alphaL": {
                "value": 0.7570077356872138,
                "error": 0.27009642340116974
            },
            "nL": {
                "value": 9.999859525775278,
                "error": 6.195855450125798
            },
            "alphaR": {
                "value": 1.1762488112911111,
                "error": 0.41366025149106894
            },
            "nR": {
                "value": 2.1165857736082465,
                "error": 1.4497580549154319
            },
            "sigmaG": {
                "value": 12.490368336898019,
                "error": 1.5816164625551359
            }
        },
        "btag_down": {
            "normSig": {
                "value": 242.3830553374064,
                "error": 3.99378485181747
            },
            "fraction_dscb": {
                "value": 0.534032753848614,
                "error": 0.13114480464510297
            },
            "mean": {
                "value": 92.58182431583954,
                "error": 0.38464403897109634
            },
            "sigma": {
                "value": 9.52970639378771,
                "error": 1.4422825244653374
            },
            "alphaL": {
                "value": 0.7417252712989507,
                "error": 0.20874081146671652
            },
            "nL": {
                "value": 9.999964126009786,
                "error": 5.724527181893398
            },
            "alphaR": {
                "value": 1.094329163514077,
                "error": 0.35763844541689394
            },
            "nR": {
                "value": 2.543014551153936,
                "error": 1.665586092658705
            },
            "sigmaG": {
                "value": 11.99015114018712,
                "error": 1.393464097973676
            }
        }
    }
}