{
    "fitFunction": "zPeak_dscb",
    "parameters": {
        "nominal": {
            "normSig": {
                "value": 116.5714446010974,
                "error": 1.946077057812111
            },
            "fraction_dscb": {
                "value": 0.9499999901272399,
                "error": 0.7823625133333176
            },
            "mean": {
                "value": 91.89285293501058,
                "error": 0.2872346662236964
            },
            "sigma": {
                "value": 12.003113793645277,
                "error": 0.37601022177304344
            },
            "alphaL": {
                "value": 1.3153324498422116,
                "error": 0.12329473992480303
            },
            "nL": {
                "value": 9.99999989029515,
                "error": 8.598046810230214
            },
            "alphaR": {
                "value": 1.8230875176047232,
                "error": 0.07642627829877686
            },
            "nR": {
                "value": 1.1000000000001218,
                "error": 1.3431461608045963
            },
            "sigmaG": {
                "value": 12.350521950614903,
                "error": 7.685959993273083
            }
        },
        "btag_up": {
            "normSig": {
                "value": 117.06738852839652,
                "error": 1.961503083581238
            },
            "fraction_dscb": {
                "value": 0.9499804509916038,
                "error": 0.6285411116229616
            },
            "mean": {
                "value": 91.90600661358283,
                "error": 0.2888413447279703
            },
            "sigma": {
                "value": 12.017527653597536,
                "error": 0.3818584533344298
            },
            "alphaL": {
                "value": 1.3255927017574531,
                "error": 0.12512941605127556
            },
            "nL": {
                "value": 9.999993586773861,
                "error": 8.747252841357177
            },
            "alphaR": {
                "value": 1.8064858150640817,
                "error": 0.0769886169877185
            },
            "nR": {
                "value": 1.1000000342317546,
                "error": 1.2226758432905522
            },
            "sigmaG": {
                "value": 12.2641585200293,
                "error": 7.662653234986628
            }
        },
        "btag_down": {
            "normSig": {
                "value": 116.05484298245229,
                "error": 1.9380622700778518
            },
            "fraction_dscb": {
                "value": 0.9350925960491248,
                "error": 0.890944102393959
            },
            "mean": {
                "value": 91.88054782789875,
                "error": 0.31057404201037286
            },
            "sigma": {
                "value": 11.979528980921097,
                "error": 0.43335609317167023
            },
            "alphaL": {
                "value": 1.2984671526148006,
                "error": 0.21836890790303531
            },
            "nL": {
                "value": 9.999998395378652,
                "error": 8.233100375328327
            },
            "alphaR": {
                "value": 1.8376113996036854,
                "error": 0.11535204477688306
            },
            "nR": {
                "value": 1.1000000404709502,
                "error": 1.559656303181423
            },
            "sigmaG": {
                "value": 12.394982210467719,
                "error": 7.4059169338595465
            }
        }
    }
}