{
    "fitFunction": "zPeak_dscb",
    "parameters": {
        "nominal": {
            "normSig": {
                "value": 17.412428889667176,
                "error": 0.6496032166752433
            },
            "fraction_dscb": {
                "value": 0.08195044710054077,
                "error": 0.07032543187279765
            },
            "mean": {
                "value": 121.93834674687821,
                "error": 0.6379628391307008
            },
            "sigma": {
                "value": 10.206111447411583,
                "error": 5.8055990387265695
            },
            "alphaL": {
                "value": 1.147897056676571,
                "error": 0.5617126449523897
            },
            "nL": {
                "value": 0.023762190628088497,
                "error": 0.4441944068804652
            },
            "alphaR": {
                "value": 2.930444123272582,
                "error": 2.961532170083457
            },
            "nR": {
                "value": 95.53870693166499,
                "error": 81.88533470655508
            },
            "sigmaG": {
                "value": 14.542951709335266,
                "error": 0.5741813929492601
            }
        },
        "btag_up": {
            "normSig": {
                "value": 17.484417395767718,
                "error": 0.5964213435103838
            },
            "fraction_dscb": {
                "value": 0.33000344342858523,
                "error": 0.2924676834062998
            },
            "mean": {
                "value": 122.19714522863053,
                "error": 0.9410412948292901
            },
            "sigma": {
                "value": 12.031362864617167,
                "error": 3.0867430243623994
            },
            "alphaL": {
                "value": 0.7514196485405374,
                "error": 0.5006609447414688
            },
            "nL": {
                "value": 99.99970647844529,
                "error": 85.04222614130862
            },
            "alphaR": {
                "value": 2.941337561656254,
                "error": 2.331717911849907
            },
            "nR": {
                "value": 99.3585147091514,
                "error": 81.31957112693341
            },
            "sigmaG": {
                "value": 14.990763538681602,
                "error": 1.3090065363326886
            }
        },
        "btag_down": {
            "normSig": {
                "value": 17.353341421684455,
                "error": 0.5939912439658898
            },
            "fraction_dscb": {
                "value": 0.08744342789726986,
                "error": 0.04731296113273264
            },
            "mean": {
                "value": 122.0540812266186,
                "error": 0.7061453367093407
            },
            "sigma": {
                "value": 10.182610964050365,
                "error": 5.7430160955143545
            },
            "alphaL": {
                "value": 1.1706888724002091,
                "error": 0.7401713928854714
            },
            "nL": {
                "value": 0.02319593169455812,
                "error": 0.054913233805274214
            },
            "alphaR": {
                "value": 2.9921416976363635,
                "error": 1.966650259542361
            },
            "nR": {
                "value": 87.73710611293006,
                "error": 51.485695836017385
            },
            "sigmaG": {
                "value": 14.494485256771647,
                "error": 0.6593254946615961
            }
        }
    }
}