{
    "fitFunction": "zPeak_dscb",
    "parameters": {
        "nominal": {
            "normSig": {
                "value": 57.979143236352975,
                "error": 1.157854020330888
            },
            "fraction_dscb": {
                "value": 0.2900317984423974,
                "error": 0.07940864490588921
            },
            "mean": {
                "value": 123.18231780637045,
                "error": 0.886967875874042
            },
            "sigma": {
                "value": 7.386927093568011,
                "error": 2.0696651867255453
            },
            "alphaL": {
                "value": 0.2618255258150233,
                "error": 0.10063201703317463
            },
            "nL": {
                "value": 99.40193497715067,
                "error": 88.37195832893238
            },
            "alphaR": {
                "value": 2.9109839812869036,
                "error": 2.262923947574323
            },
            "nR": {
                "value": 99.31500281196054,
                "error": 81.16867040548784
            },
            "sigmaG": {
                "value": 16.756099638253133,
                "error": 0.6215349387158735
            }
        },
        "btag_up": {
            "normSig": {
                "value": 57.765205965741295,
                "error": 1.160900580618602
            },
            "fraction_dscb": {
                "value": 0.2824735418764203,
                "error": 0.07608751240002697
            },
            "mean": {
                "value": 123.20299711907778,
                "error": 0.9086584711891348
            },
            "sigma": {
                "value": 7.005880861213375,
                "error": 2.029301102344708
            },
            "alphaL": {
                "value": 0.2432528014648631,
                "error": 0.09388440592111537
            },
            "nL": {
                "value": 99.85475727823979,
                "error": 83.4052335390794
            },
            "alphaR": {
                "value": 2.906269473656509,
                "error": 2.73031401083926
            },
            "nR": {
                "value": 61.57957922198641,
                "error": 63.91518494507482
            },
            "sigmaG": {
                "value": 16.732189948086788,
                "error": 0.6050436514577715
            }
        },
        "btag_down": {
            "normSig": {
                "value": 57.97445988403061,
                "error": 1.4536372679518057
            },
            "fraction_dscb": {
                "value": 0.10366850331046956,
                "error": 0.03790690519145139
            },
            "mean": {
                "value": 121.03470736325674,
                "error": 0.7935904250179959
            },
            "sigma": {
                "value": 0.480492063262131,
                "error": 2.4889589110983525
            },
            "alphaL": {
                "value": 1.0580131836426427,
                "error": 0.9725227880198802
            },
            "nL": {
                "value": 0.07999401220618264,
                "error": 0.18350371721368725
            },
            "alphaR": {
                "value": 0.042896625649331194,
                "error": 0.11874789253601722
            },
            "nR": {
                "value": 86.86618250992856,
                "error": 87.8876695748367
            },
            "sigmaG": {
                "value": 16.58525364830423,
                "error": 0.85140149405796
            }
        }
    }
}