{
    "fitFunction": "zPeak_dscb",
    "parameters": {
        "nominal": {
            "normSig": {
                "value": 301.3474822522214,
                "error": 4.070708303383033
            },
            "fraction_dscb": {
                "value": 0.6054733061311862,
                "error": 0.17537120126919514
            },
            "mean": {
                "value": 90.76514325179313,
                "error": 0.28904529591137873
            },
            "sigma": {
                "value": 11.895056027968453,
                "error": 0.9789432117875743
            },
            "alphaL": {
                "value": 1.0255196425112696,
                "error": 0.23248706473273126
            },
            "nL": {
                "value": 9.99999531814824,
                "error": 8.893137829022397
            },
            "alphaR": {
                "value": 1.31004422462067,
                "error": 0.23633862046975276
            },
            "nR": {
                "value": 1.1000003318641862,
                "error": 1.3169751878362257
            },
            "sigmaG": {
                "value": 13.780018149931179,
                "error": 1.3422805016850425
            }
        },
        "btag_up": {
            "normSig": {
                "value": 301.31839716744804,
                "error": 4.102977302608681
            },
            "fraction_dscb": {
                "value": 0.621006108195603,
                "error": 0.17625094583130493
            },
            "mean": {
                "value": 90.77435843935605,
                "error": 0.289610855155793
            },
            "sigma": {
                "value": 11.888798062796504,
                "error": 0.9493297529716163
            },
            "alphaL": {
                "value": 1.0373191485832522,
                "error": 0.2266446558932769
            },
            "nL": {
                "value": 9.999999913294019,
                "error": 8.861206986211329
            },
            "alphaR": {
                "value": 1.3237196153882016,
                "error": 0.2319055706972168
            },
            "nR": {
                "value": 1.1000000853371863,
                "error": 1.2898457381145896
            },
            "sigmaG": {
                "value": 13.834802897287078,
                "error": 1.400612969289785
            }
        },
        "btag_down": {
            "normSig": {
                "value": 301.24402872867887,
                "error": 4.049925922111409
            },
            "fraction_dscb": {
                "value": 0.591608533494516,
                "error": 0.17858860904091547
            },
            "mean": {
                "value": 90.7588393973209,
                "error": 0.28889438272522483
            },
            "sigma": {
                "value": 11.905608972825352,
                "error": 1.009462456260514
            },
            "alphaL": {
                "value": 1.0158396282167539,
                "error": 0.242360946513123
            },
            "nL": {
                "value": 9.999983718941701,
                "error": 8.888935877638168
            },
            "alphaR": {
                "value": 1.29870601856864,
                "error": 0.2471427145742797
            },
            "nR": {
                "value": 1.1000104771389256,
                "error": 1.35768682514312
            },
            "sigmaG": {
                "value": 13.739711566079022,
                "error": 1.3297062614702204
            }
        }
    }
}